SearchTerm,Impressions,Clicks,Cost,Sales,Orders,ACoS%,CVR%,Category
b0cv79nbbk,24888,174,6494.67,5872.86,14,110.59,8.05,CONVERTING
b0fdqvw4yd,14570,146,3322.04,5453.38,13,60.92,8.9,CONVERTING
face scrub,15107,77,1831.43,2516.94,5,72.76,6.49,CONVERTING
face scrub for glowing skin,23893,86,1716.35,4614.4,11,37.2,12.79,CONVERTING
b0cycg3s81,8163,50,1329.74,419.49,1,316.99,2.0,MONITOR
b0b6w5kcrm,3672,30,1089.01,0.0,0,,0.0,ADD AS NEGATIVE
b009x7ro3m,1481,28,1087.81,2097.45,5,51.86,17.86,CONVERTING
b01n7vrc5u,2215,32,968.76,1677.96,4,57.73,12.5,CONVERTING
b0cm9dpyn2,1024,24,924.35,1258.48,3,73.45,12.5,CONVERTING
b0fpwwh55w,1541,17,632.57,0.0,0,,0.0,ADD AS NEGATIVE
sage royal ayurveda,2611,41,628.23,0.0,0,,0.0,ADD AS NEGATIVE
b0dgppcggg,965,19,544.23,0.0,0,,0.0,ADD AS NEGATIVE
b0dtycgmdn,275,8,376.39,0.0,0,,0.0,ADD AS NEGATIVE
b0fdqg99rl,152,9,369.56,0.0,0,,0.0,ADD AS NEGATIVE
face scrub for women tan removal,488,15,351.55,838.98,2,41.9,13.33,CONVERTING
b0fdqtvsj6,128,21,322.36,0.0,0,,0.0,ADD AS NEGATIVE
b0c66b692c,1469,9,270.2,0.0,0,,0.0,ADD AS NEGATIVE
b0dz6542yp,412,10,258.19,0.0,0,,0.0,ADD AS NEGATIVE
khadi natural face scrub,15,5,248.5,419.49,1,59.24,20.0,MONITOR
under eye gel,2150,15,205.04,338.14,1,60.64,6.67,MONITOR
b0dn5qbmlz,293,7,186.51,0.0,0,,0.0,ADD AS NEGATIVE
ubtan scrub,587,7,179.87,838.98,2,21.44,28.57,BEST CONVERTING
b0cm9bk9yd,95,5,177.06,419.49,1,42.21,20.0,MONITOR
face scrubber for women,491,11,176.72,419.49,1,42.13,9.09,MONITOR
b0cbcn8ggp,67,8,173.4,0.0,0,,0.0,ADD AS NEGATIVE
pigmentation cream for women,866,10,171.45,0.0,0,,0.0,ADD AS NEGATIVE
scrub for women,403,10,159.04,419.49,1,37.91,10.0,MONITOR
b009vfvrmk,210,5,140.53,0.0,0,,0.0,ADD AS NEGATIVE
tan remover,656,9,138.86,0.0,0,,0.0,ADD AS NEGATIVE
biotique face scrub,228,6,137.5,0.0,0,,0.0,ADD AS NEGATIVE
b0f2mnk34w,876,11,134.11,838.98,2,15.98,18.18,BEST CONVERTING
b0cj5krq2d,8406,9,133.53,0.0,0,,0.0,ADD AS NEGATIVE
under eye cream for dark circles for men,469,4,130.38,338.14,1,38.56,25.0,MONITOR
face scrub for dry skin,50,5,128.34,0.0,0,,0.0,ADD AS NEGATIVE
herbal face scrub,4,3,126.37,0.0,0,,0.0,ADD AS NEGATIVE
face scrub for women,111,4,125.58,0.0,0,,0.0,ADD AS NEGATIVE
exfoliating face scrub,20,4,122.93,0.0,0,,0.0,ADD AS NEGATIVE
b08z8b12xv,777,8,118.88,0.0,0,,0.0,ADD AS NEGATIVE
face scrub for man,84,4,115.59,0.0,0,,0.0,ADD AS NEGATIVE
ayurvedic face scrub,15,6,115.44,0.0,0,,0.0,ADD AS NEGATIVE
chemist at play face scrub,218,3,112.94,0.0,0,,0.0,ADD AS NEGATIVE
naturali ubtan brightening body scrub,22,3,112.33,0.0,0,,0.0,ADD AS NEGATIVE
de tan face scrub,89,4,108.18,419.49,1,25.79,25.0,MONITOR
best face scrub,41,4,102.78,0.0,0,,0.0,ADD AS NEGATIVE
best face scrub for glowing skin,38,6,102.5,0.0,0,,0.0,ADD AS NEGATIVE
face and body scrub,73,3,100.59,0.0,0,,0.0,ADD AS NEGATIVE
haldi chandan scrub for face,13,3,99.57,0.0,0,,0.0,ADD AS NEGATIVE
everyuth walnut scrub,881,3,99.48,0.0,0,,0.0,ADD AS NEGATIVE
detan face scrub,85,4,97.61,0.0,0,,0.0,ADD AS NEGATIVE
b0fdl28rzx,170,11,97.21,0.0,0,,0.0,ADD AS NEGATIVE
scrub for men,206,6,94.65,419.49,1,22.56,16.67,MONITOR
khadi face scrub,95,4,94.61,0.0,0,,0.0,ADD AS NEGATIVE
sadhev under eye gel,125,6,92.4,0.0,0,,0.0,ADD AS NEGATIVE
fruit scrub for face,15,2,89.28,0.0,0,,0.0,ADD AS NEGATIVE
b0fdr1z162,173,5,88.12,419.49,1,21.01,20.0,MONITOR
b0fdqk3kn9,74,7,88.05,0.0,0,,0.0,ADD AS NEGATIVE
de tan scrub for women,33,3,87.8,419.49,1,20.93,33.33,MONITOR
b0f486r9kt,222,6,87.73,0.0,0,,0.0,ADD AS NEGATIVE
raga face scrub,6,2,87.6,0.0,0,,0.0,ADD AS NEGATIVE
naturali face scrub,86,4,86.01,419.49,1,20.5,25.0,MONITOR
ayurveda scrub for face,56,4,85.53,0.0,0,,0.0,ADD AS NEGATIVE
dr rashel de tan scrub,803,6,84.37,0.0,0,,0.0,ADD AS NEGATIVE
d tan scrub,104,3,84.35,0.0,0,,0.0,ADD AS NEGATIVE
face mask,365,2,83.99,0.0,0,,0.0,ADD AS NEGATIVE
biotique scrub for face,32,2,83.15,0.0,0,,0.0,ADD AS NEGATIVE
face scrub for glowing dry skin,6,2,82.73,419.49,1,19.72,50.0,MONITOR
b0dryqwyy4,63,5,82.47,419.49,1,19.66,20.0,MONITOR
mama earth scrub for women,8,2,81.33,0.0,0,,0.0,ADD AS NEGATIVE
papaya face scrub,78,3,81.15,0.0,0,,0.0,ADD AS NEGATIVE
apricot scrub for face,38,3,80.09,0.0,0,,0.0,ADD AS NEGATIVE
b08m4dtrqw,2516,5,79.73,0.0,0,,0.0,ADD AS NEGATIVE
body and face scrub,9,2,79.43,0.0,0,,0.0,ADD AS NEGATIVE
b0cp852j7y,46,5,78.8,0.0,0,,0.0,ADD AS NEGATIVE
under eye gel for dark circles,64,3,77.86,0.0,0,,0.0,ADD AS NEGATIVE
mamaearth face scrub,177,5,77.19,0.0,0,,0.0,ADD AS NEGATIVE
papaya scrub for tan removal,227,6,76.16,419.5,1,18.15,16.67,MONITOR
face scrub for pigmentation,2,2,75.87,0.0,0,,0.0,ADD AS NEGATIVE
clayco matcha enzyme scrub,422,2,75.84,0.0,0,,0.0,ADD AS NEGATIVE
b0fp5k52cq,37,3,75.07,0.0,0,,0.0,ADD AS NEGATIVE
tan removal scrub for women,50,2,74.88,0.0,0,,0.0,ADD AS NEGATIVE
lotus scrub,133,2,73.55,0.0,0,,0.0,ADD AS NEGATIVE
b0fdqplgwm,53,3,73.37,0.0,0,,0.0,ADD AS NEGATIVE
under eye cream,693,3,73.17,0.0,0,,0.0,ADD AS NEGATIVE
best scrub for glowing skin,14,3,72.8,0.0,0,,0.0,ADD AS NEGATIVE
face scrub for men,57,4,70.86,419.49,1,16.89,25.0,MONITOR
kama face scrub,5,2,69.85,0.0,0,,0.0,ADD AS NEGATIVE
fabindia face scrub,4,2,69.27,0.0,0,,0.0,ADD AS NEGATIVE
dermalogica face scrub,5,1,68.07,0.0,0,,0.0,ADD AS NEGATIVE
facial scrubs & polishes,33,2,67.57,419.49,1,16.11,50.0,MONITOR
loreal face scrub,25,2,67.33,0.0,0,,0.0,ADD AS NEGATIVE
b09hp5sdxl,5,2,66.98,0.0,0,,0.0,ADD AS NEGATIVE
papaya scrub,63,3,66.65,0.0,0,,0.0,ADD AS NEGATIVE
himalaya face scrub for women,23,2,66.42,0.0,0,,0.0,ADD AS NEGATIVE
mama earth face scrub,25,2,66.4,0.0,0,,0.0,ADD AS NEGATIVE
b0flpwrk28,58,4,66.25,0.0,0,,0.0,ADD AS NEGATIVE
b01mscrr8j,45,4,66.11,0.0,0,,0.0,ADD AS NEGATIVE
b0cycdzdz2,130,4,65.55,0.0,0,,0.0,ADD AS NEGATIVE
face scrubber for men,109,4,65.3,0.0,0,,0.0,ADD AS NEGATIVE
dr. rashel scrub,37,4,65.24,0.0,0,,0.0,ADD AS NEGATIVE
naturals face scrub,2,1,64.8,0.0,0,,0.0,ADD AS NEGATIVE
scrub face,55,2,63.55,0.0,0,,0.0,ADD AS NEGATIVE
walnuts scrub for women face,9,2,63.33,0.0,0,,0.0,ADD AS NEGATIVE
b09rh19zqy,796,4,63.17,0.0,0,,0.0,ADD AS NEGATIVE
b0dy161jjd,5,1,62.9,0.0,0,,0.0,ADD AS NEGATIVE
blackhead face scrub,7,2,62.07,0.0,0,,0.0,ADD AS NEGATIVE
organic face scrub,7,2,61.64,0.0,0,,0.0,ADD AS NEGATIVE
rose face scrub,4,1,59.97,0.0,0,,0.0,ADD AS NEGATIVE
mamaearth scrub,21,1,59.63,0.0,0,,0.0,ADD AS NEGATIVE
b0bhpc57xk,2,1,59.11,0.0,0,,0.0,ADD AS NEGATIVE
mamaearth scrub for face,12,1,58.76,0.0,0,,0.0,ADD AS NEGATIVE
best face scrub for women,13,2,58.1,419.49,1,13.85,50.0,MONITOR
ayurvedic under eye gel,12,3,57.74,0.0,0,,0.0,ADD AS NEGATIVE
mamaearth ubtan face scrub,45,2,57.47,419.49,1,13.7,50.0,MONITOR
b0fpm8x5kz,169,4,57.11,0.0,0,,0.0,ADD AS NEGATIVE
red sandalwood,79,4,56.64,0.0,0,,0.0,ADD AS NEGATIVE
face scrub for women glowing skin,9,2,56.0,0.0,0,,0.0,ADD AS NEGATIVE
b0b6ss6x8s,52,3,55.98,0.0,0,,0.0,ADD AS NEGATIVE
walnut scrub,53,2,54.88,0.0,0,,0.0,ADD AS NEGATIVE
b0cm9b9fgv,23,3,54.25,0.0,0,,0.0,ADD AS NEGATIVE
patanjali multani mitti face scrub,26,2,54.18,0.0,0,,0.0,ADD AS NEGATIVE
lotus face scrub,139,4,54.06,419.49,1,12.89,25.0,MONITOR
clay co enzyme scrub,428,3,53.38,0.0,0,,0.0,ADD AS NEGATIVE
nivea face scrub,8,2,52.94,0.0,0,,0.0,ADD AS NEGATIVE
face scrub for sensitive skin,11,2,52.88,419.49,1,12.61,50.0,MONITOR
men face scrub for tan removal,55,2,52.62,0.0,0,,0.0,ADD AS NEGATIVE
melblock pigmentation cream,200,4,52.42,0.0,0,,0.0,ADD AS NEGATIVE
orange face scrub,45,3,51.67,419.49,1,12.32,33.33,MONITOR
men's face scrub with mustache face wash,4,2,51.64,0.0,0,,0.0,ADD AS NEGATIVE
mamaearth scrub for tan removal,210,3,51.18,0.0,0,,0.0,ADD AS NEGATIVE
lilium gold face scrub,5,1,50.71,0.0,0,,0.0,ADD AS NEGATIVE
b0dj2ryk7z,17,3,50.22,0.0,0,,0.0,ADD AS NEGATIVE
brightening body scrub,5,1,50.1,0.0,0,,0.0,ADD AS NEGATIVE
minimalist scrub for face,2,1,50.02,0.0,0,,0.0,ADD AS NEGATIVE
b0c4szpqyk,179,4,49.97,419.49,1,11.91,25.0,MONITOR
exfoliating scrubber for face,5,2,49.84,0.0,0,,0.0,ADD AS NEGATIVE
facial kit for tan removal and glow,25,3,49.76,0.0,0,,0.0,ADD AS NEGATIVE
diamond scrub for face,6,1,49.34,0.0,0,,0.0,ADD AS NEGATIVE
facial scrub for women,15,2,49.34,0.0,0,,0.0,ADD AS NEGATIVE
b0brkpxbnx,10,3,49.15,419.49,1,11.72,33.33,MONITOR
b08npqwphy,828,3,48.98,0.0,0,,0.0,ADD AS NEGATIVE
pilgrim scrub face,13,1,48.6,0.0,0,,0.0,ADD AS NEGATIVE
sugar scrub oriflame,8,2,48.33,0.0,0,,0.0,ADD AS NEGATIVE
face scrub patanjali,3,1,48.25,0.0,0,,0.0,ADD AS NEGATIVE
rice face scrub,2,1,48.24,0.0,0,,0.0,ADD AS NEGATIVE
gentle face scrub,3,1,48.22,419.5,1,11.49,100.0,MONITOR
b00791ff2q,90,3,48.01,0.0,0,,0.0,ADD AS NEGATIVE
green tea face mask,26,2,47.86,0.0,0,,0.0,ADD AS NEGATIVE
dtan scrub for tan removal,170,3,47.72,0.0,0,,0.0,ADD AS NEGATIVE
b008to7u98,48,3,47.41,0.0,0,,0.0,ADD AS NEGATIVE
b0852zbplb,21,3,47.38,0.0,0,,0.0,ADD AS NEGATIVE
faces scrub for women,4,1,47.06,0.0,0,,0.0,ADD AS NEGATIVE
neem face scrub for glowing skin,5,1,46.59,0.0,0,,0.0,ADD AS NEGATIVE
natural face scrub unisex,3,2,46.34,419.5,1,11.05,50.0,MONITOR
scrub for women face,17,1,46.23,419.49,1,11.02,100.0,MONITOR
clay scrub for face,38,2,46.14,0.0,0,,0.0,ADD AS NEGATIVE
plum scrub for face,6,1,46.07,0.0,0,,0.0,ADD AS NEGATIVE
b0cbg2jlcn,29,3,45.97,0.0,0,,0.0,ADD AS NEGATIVE
enzyme scrub,38,1,45.87,0.0,0,,0.0,ADD AS NEGATIVE
natural ubtan brightening body scrub,1,1,45.81,0.0,0,,0.0,ADD AS NEGATIVE
best tan removal product,21,3,45.8,0.0,0,,0.0,ADD AS NEGATIVE
b0d9d754v4,22,3,45.51,419.49,1,10.85,33.33,MONITOR
multani mitti face scrub,19,3,45.47,0.0,0,,0.0,ADD AS NEGATIVE
mild exfoliator for face,4,1,45.32,0.0,0,,0.0,ADD AS NEGATIVE
tan removal,299,3,44.9,0.0,0,,0.0,ADD AS NEGATIVE
milk and honey scrub,39,2,44.75,0.0,0,,0.0,ADD AS NEGATIVE
face scrub dr rashel,5,1,44.57,0.0,0,,0.0,ADD AS NEGATIVE
face scrub forest essential,1,1,44.47,0.0,0,,0.0,ADD AS NEGATIVE
orange scrub for face,7,1,44.41,0.0,0,,0.0,ADD AS NEGATIVE
top 10 face scrub for dry skin,2,1,44.12,0.0,0,,0.0,ADD AS NEGATIVE
forest essential facial scrub,5,1,43.65,0.0,0,,0.0,ADD AS NEGATIVE
ayumcure face scrub,5,2,43.47,0.0,0,,0.0,ADD AS NEGATIVE
anti aging face scrub for women,8,1,43.46,0.0,0,,0.0,ADD AS NEGATIVE
face gold scrub,1,1,43.26,0.0,0,,0.0,ADD AS NEGATIVE
vitamin c face scrub,3,1,43.17,0.0,0,,0.0,ADD AS NEGATIVE
chemist at play brightening body scrub,1,1,43.15,0.0,0,,0.0,ADD AS NEGATIVE
ayurvedic scrub for women,4,2,43.07,0.0,0,,0.0,ADD AS NEGATIVE
vitamin c face scrub for men,4,1,42.95,0.0,0,,0.0,ADD AS NEGATIVE
face scrub for women tan removal dove,4,1,42.85,0.0,0,,0.0,ADD AS NEGATIVE
kumkumadi face scrub,20,2,42.43,0.0,0,,0.0,ADD AS NEGATIVE
cetaphil face scrub,5,1,42.27,0.0,0,,0.0,ADD AS NEGATIVE
face scrub for men sensitive skin,2,1,42.22,0.0,0,,0.0,ADD AS NEGATIVE
soultree ayurvedic face scrub - walnut & turmeric with cooling sandalwood,5,1,42.0,0.0,0,,0.0,ADD AS NEGATIVE
apricots face scrub,4,1,41.86,0.0,0,,0.0,ADD AS NEGATIVE
forever scrub for face,2,1,41.54,0.0,0,,0.0,ADD AS NEGATIVE
face scrub dry skin,2,1,41.27,0.0,0,,0.0,ADD AS NEGATIVE
face scrub for dry skin women,2,1,41.27,0.0,0,,0.0,ADD AS NEGATIVE
b08wc91t61,7,3,41.2,0.0,0,,0.0,ADD AS NEGATIVE
dove scrub face,5,1,40.95,0.0,0,,0.0,ADD AS NEGATIVE
face scrub for women in all screen,5,1,40.5,0.0,0,,0.0,ADD AS NEGATIVE
innate pigmentation cream,42,2,40.41,0.0,0,,0.0,ADD AS NEGATIVE
face whitening scrub,2,1,40.39,0.0,0,,0.0,ADD AS NEGATIVE
best face scrub for all skin types,2,1,40.38,0.0,0,,0.0,ADD AS NEGATIVE
bio care face scrub,3,1,40.29,0.0,0,,0.0,ADD AS NEGATIVE
vitamin c serum for glowing skin,2073,1,40.12,0.0,0,,0.0,ADD AS NEGATIVE
facial scrub,14,1,40.09,0.0,0,,0.0,ADD AS NEGATIVE
b0fdr1rnpj,18,2,39.36,0.0,0,,0.0,ADD AS NEGATIVE
organic coffee powder face scrub,3,2,39.0,0.0,0,,0.0,ADD AS NEGATIVE
face scrub for tan removal and glowing skin,11,1,38.65,0.0,0,,0.0,ADD AS NEGATIVE
charcoal face scrub,3,2,38.63,0.0,0,,0.0,ADD AS NEGATIVE
herbal face scrub powder,2,1,38.62,0.0,0,,0.0,ADD AS NEGATIVE
pigmentation cream,72,2,38.54,0.0,0,,0.0,ADD AS NEGATIVE
korean face scrub,14,1,38.13,0.0,0,,0.0,ADD AS NEGATIVE
b0fdqjtfp2,28,2,38.04,0.0,0,,0.0,ADD AS NEGATIVE
cureskin face scrub,2,1,37.75,0.0,0,,0.0,ADD AS NEGATIVE
face scrub for oily skin,8,1,37.64,0.0,0,,0.0,ADD AS NEGATIVE
body shop face scrub,6,2,37.5,0.0,0,,0.0,ADD AS NEGATIVE
walnut face scrub,25,2,37.4,0.0,0,,0.0,ADD AS NEGATIVE
face scru,2,1,37.38,0.0,0,,0.0,ADD AS NEGATIVE
best herbal hair oil for hair growth,2,1,37.21,0.0,0,,0.0,ADD AS NEGATIVE
organic scrub,12,2,37.09,0.0,0,,0.0,ADD AS NEGATIVE
ubtan scrub for women,13,2,37.02,0.0,0,,0.0,ADD AS NEGATIVE
neem face pack for women,3,2,36.81,0.0,0,,0.0,ADD AS NEGATIVE
golden face scrub,10,1,36.72,0.0,0,,0.0,ADD AS NEGATIVE
bryan and candy face scrub,2,1,36.05,0.0,0,,0.0,ADD AS NEGATIVE
face scrub for glowing skin herbal,4,2,35.9,0.0,0,,0.0,ADD AS NEGATIVE
scrub apricot,1,1,35.78,0.0,0,,0.0,ADD AS NEGATIVE
top 10 scrub for face,9,1,35.59,0.0,0,,0.0,ADD AS NEGATIVE
thrive face scrub,2,1,35.56,0.0,0,,0.0,ADD AS NEGATIVE
a.d.s face and body cleansing scrub gel papaya,4,1,35.53,0.0,0,,0.0,ADD AS NEGATIVE
b00nxxfjma,6,1,35.25,0.0,0,,0.0,ADD AS NEGATIVE
face scrub powder,20,2,34.99,0.0,0,,0.0,ADD AS NEGATIVE
lotus ubtan face scrub,9,2,34.81,0.0,0,,0.0,ADD AS NEGATIVE
aroma scrub for face,9,1,34.7,0.0,0,,0.0,ADD AS NEGATIVE
b09nftbxc7,38,3,34.59,0.0,0,,0.0,ADD AS NEGATIVE
b0ctqyxhdl,32,2,34.59,0.0,0,,0.0,ADD AS NEGATIVE
wild oak face scrub,6,1,34.49,0.0,0,,0.0,ADD AS NEGATIVE
walnut face scrub for glowing skin,8,2,34.37,0.0,0,,0.0,ADD AS NEGATIVE
face skin exfoliator,1,1,34.28,0.0,0,,0.0,ADD AS NEGATIVE
saffron face scrub,4,2,34.2,0.0,0,,0.0,ADD AS NEGATIVE
sage fable day cream,8,2,33.78,0.0,0,,0.0,ADD AS NEGATIVE
ayurvedic scrub,5,2,33.68,0.0,0,,0.0,ADD AS NEGATIVE
chemist play scrub,4,1,33.68,0.0,0,,0.0,ADD AS NEGATIVE
kumkumadi scrub,3,2,33.48,0.0,0,,0.0,ADD AS NEGATIVE
vaadi face pack,3,2,33.48,419.49,1,7.98,50.0,MONITOR
red sandalwood cream for face,2,2,33.42,0.0,0,,0.0,ADD AS NEGATIVE
b0f6yq54x9,42,3,33.38,0.0,0,,0.0,ADD AS NEGATIVE
b0c16wmv35,10,2,33.33,0.0,0,,0.0,ADD AS NEGATIVE
plix scrub for face,3,1,33.33,0.0,0,,0.0,ADD AS NEGATIVE
b0fm38bczy,6,2,33.3,0.0,0,,0.0,ADD AS NEGATIVE
b0cnk47nfd,531,2,33.27,0.0,0,,0.0,ADD AS NEGATIVE
b0fprlqfvd,129,2,33.26,0.0,0,,0.0,ADD AS NEGATIVE
b0d1knz19h,8,2,33.14,0.0,0,,0.0,ADD AS NEGATIVE
b0brpwyhtb,13,2,33.1,0.0,0,,0.0,ADD AS NEGATIVE
b0brndqkr3,81,2,33.01,0.0,0,,0.0,ADD AS NEGATIVE
b08qfl5x53,507,2,32.98,0.0,0,,0.0,ADD AS NEGATIVE
b0gqhw34jc,5,2,32.9,0.0,0,,0.0,ADD AS NEGATIVE
b0drdbdgfz,60,2,32.85,0.0,0,,0.0,ADD AS NEGATIVE
b0byzvrr9l,36,2,32.78,0.0,0,,0.0,ADD AS NEGATIVE
aveeno brightening scrub,36,2,32.72,0.0,0,,0.0,ADD AS NEGATIVE
face scrub for blackheads and whiteheads,5,1,32.71,0.0,0,,0.0,ADD AS NEGATIVE
b0frxkkgx2,12,2,32.62,0.0,0,,0.0,ADD AS NEGATIVE
b0b79ytfzy,50,2,32.6,0.0,0,,0.0,ADD AS NEGATIVE
red sandalwood powder for face,28,2,32.55,0.0,0,,0.0,ADD AS NEGATIVE
facescrub for women,7,2,32.49,0.0,0,,0.0,ADD AS NEGATIVE
b0cjr2mhdk,31,2,32.4,0.0,0,,0.0,ADD AS NEGATIVE
b0gg3c59jp,10,2,32.35,0.0,0,,0.0,ADD AS NEGATIVE
face scrub for blackheads,15,1,32.32,0.0,0,,0.0,ADD AS NEGATIVE
charcoal scrub tan removal,8,2,32.28,0.0,0,,0.0,ADD AS NEGATIVE
pumice stone for foot scrub,14,2,32.15,0.0,0,,0.0,ADD AS NEGATIVE
pilgrim red wine face scrub,14,2,32.11,419.49,1,7.65,50.0,MONITOR
i luxe under eye gel,21,2,32.09,0.0,0,,0.0,ADD AS NEGATIVE
b0f21psrn9,56,2,32.06,0.0,0,,0.0,ADD AS NEGATIVE
b07k4bfqk1,466,2,32.0,0.0,0,,0.0,ADD AS NEGATIVE
b098rz3xvy,6,2,31.87,0.0,0,,0.0,ADD AS NEGATIVE
amway scrub for face,6,1,31.82,0.0,0,,0.0,ADD AS NEGATIVE
b0ccvzbglp,5,2,31.81,0.0,0,,0.0,ADD AS NEGATIVE
b07q3r6tbb,2,2,31.51,0.0,0,,0.0,ADD AS NEGATIVE
heavy tan removal,39,2,31.5,0.0,0,,0.0,ADD AS NEGATIVE
tan removal scrub,17,2,31.4,0.0,0,,0.0,ADD AS NEGATIVE
himalaya ka scrub,2,1,31.38,0.0,0,,0.0,ADD AS NEGATIVE
ubtan,5,2,31.35,0.0,0,,0.0,ADD AS NEGATIVE
raya saffron scrub,2,1,31.29,0.0,0,,0.0,ADD AS NEGATIVE
b016i7ur2e,8,2,31.26,0.0,0,,0.0,ADD AS NEGATIVE
b08p3c7sdj,2,1,31.22,0.0,0,,0.0,ADD AS NEGATIVE
lotus professional face pack,13,1,31.2,0.0,0,,0.0,ADD AS NEGATIVE
o3 dtan scrub,2,1,31.2,0.0,0,,0.0,ADD AS NEGATIVE
msm apricot - walnut - kashmir kesar - face scrub,3,2,31.02,0.0,0,,0.0,ADD AS NEGATIVE
face scrub for dry skin fruits,4,1,31.0,0.0,0,,0.0,ADD AS NEGATIVE
herbal face scrub for kids 12 to 15,1,1,31.0,419.49,1,7.39,100.0,MONITOR
face wash,2529,1,30.91,0.0,0,,0.0,ADD AS NEGATIVE
face and body cleansing scrub gel,11,1,30.89,0.0,0,,0.0,ADD AS NEGATIVE
lip scrub,26,2,30.87,0.0,0,,0.0,ADD AS NEGATIVE
dandruff hair oil,3,1,30.72,0.0,0,,0.0,ADD AS NEGATIVE
dr rashel scrub,87,1,30.69,0.0,0,,0.0,ADD AS NEGATIVE
de tan scrub for men,8,2,30.47,0.0,0,,0.0,ADD AS NEGATIVE
b07wgp5wyc,54,2,30.16,0.0,0,,0.0,ADD AS NEGATIVE
18 herbs hair oil,76,1,30.14,0.0,0,,0.0,ADD AS NEGATIVE
rust art face wash,1,1,30.02,0.0,0,,0.0,ADD AS NEGATIVE
b07fmgq18v,7,1,30.0,0.0,0,,0.0,MONITOR
enzyme exfoliator,7,1,29.99,0.0,0,,0.0,MONITOR
face scrub wali syrup to face wali syrup,1,1,29.77,0.0,0,,0.0,MONITOR
chemist scrub,7,1,29.66,0.0,0,,0.0,MONITOR
ayurvedic face wash,5,2,29.55,419.49,1,7.04,50.0,MONITOR
b0bmg32wfb,13,2,29.5,0.0,0,,0.0,MONITOR
raga d tan scrub for tan removal,6,2,29.47,0.0,0,,0.0,MONITOR
face scrub for sensitive skin for women,2,1,29.36,0.0,0,,0.0,MONITOR
detan scrub,35,2,29.19,0.0,0,,0.0,MONITOR
b0dk3tzgqd,16,1,29.08,0.0,0,,0.0,MONITOR
b08jy6w7pq,17,2,29.02,0.0,0,,0.0,MONITOR
junsui naturals face wash with whitening,1,1,28.83,0.0,0,,0.0,MONITOR
lotus jojoba face wash,2,1,28.74,0.0,0,,0.0,MONITOR
everyouth scrub for face,65,1,28.7,0.0,0,,0.0,MONITOR
smooth face scrub for women sensitive skin,4,1,28.55,0.0,0,,0.0,MONITOR
detaning and hydrating and pore cleaning and hyperpigmentation face scrub,1,1,28.47,0.0,0,,0.0,MONITOR
hand pigmentation cream for women for hands organic,5,2,28.43,0.0,0,,0.0,MONITOR
b0ct8z3llc,1003,2,28.01,0.0,0,,0.0,MONITOR
advanced anti pigmentation cream,8,2,27.78,0.0,0,,0.0,MONITOR
sunny face scrub,7,2,27.6,0.0,0,,0.0,MONITOR
mamaearth,12,1,27.46,0.0,0,,0.0,MONITOR
best scrub,14,2,27.42,0.0,0,,0.0,MONITOR
i luxe under eye gel dark circle,2,1,27.28,0.0,0,,0.0,MONITOR
b079x4snhd,2,1,27.09,0.0,0,,0.0,MONITOR
ayurvedic body scrub,1,1,26.98,0.0,0,,0.0,MONITOR
b0fdl2scrm,21,3,26.77,0.0,0,,0.0,MONITOR
green tea face masks,2,1,26.64,0.0,0,,0.0,MONITOR
face exfoliator,22,1,26.61,419.5,1,6.34,100.0,MONITOR
dtan face scrub for men,3,1,26.37,0.0,0,,0.0,MONITOR
auro gold face scrub,2,1,26.35,0.0,0,,0.0,MONITOR
oriflame milk and honey scrub,9,1,26.19,0.0,0,,0.0,MONITOR
herbal scrub for face,6,1,26.16,419.49,1,6.24,100.0,MONITOR
under eye,3,1,25.93,0.0,0,,0.0,MONITOR
chemist face scrub,32,2,25.84,0.0,0,,0.0,MONITOR
b0743bbc8k,4,2,25.82,0.0,0,,0.0,MONITOR
lakme aloe vera day cream 9 10 5,1,1,25.42,0.0,0,,0.0,MONITOR
malai kesar scrub,5,1,25.31,0.0,0,,0.0,MONITOR
naturals haldi chandan face scrub,3,1,25.19,0.0,0,,0.0,MONITOR
b0b79yvtgh,35,2,25.0,0.0,0,,0.0,MONITOR
dr rashel face scrub,22,2,24.99,419.49,1,5.96,50.0,MONITOR
jungleberry day cream,6,1,24.59,0.0,0,,0.0,MONITOR
eye gel,43,1,24.36,0.0,0,,0.0,MONITOR
b0c8149wbx,67,2,24.27,419.49,1,5.79,50.0,MONITOR
honey face scrub,5,1,24.23,0.0,0,,0.0,MONITOR
himalaya turmeric face scrub,1,1,24.02,0.0,0,,0.0,MONITOR
khadi scrub,9,1,24.02,419.49,1,5.73,100.0,MONITOR
bonita under eye gel,1,1,23.95,0.0,0,,0.0,MONITOR
b0d4517144,32,2,23.69,0.0,0,,0.0,MONITOR
home made face scrub,10,1,23.62,0.0,0,,0.0,MONITOR
b0fsy8flcx,405,2,23.53,0.0,0,,0.0,MONITOR
exfoliating scrub for face,11,1,23.5,0.0,0,,0.0,MONITOR
lotus day cream for women,22,2,23.36,0.0,0,,0.0,MONITOR
vlcc indian berberry face scrub,6,1,23.21,0.0,0,,0.0,MONITOR
honey scrub,8,1,23.18,0.0,0,,0.0,MONITOR
nyassa face scrub,2,1,23.07,0.0,0,,0.0,MONITOR
rose powder face scrub,1,1,23.07,0.0,0,,0.0,MONITOR
barva scrub,2,1,23.01,0.0,0,,0.0,MONITOR
face pack for women,73,2,22.96,0.0,0,,0.0,MONITOR
b0cv5mybv7,3,1,22.59,0.0,0,,0.0,MONITOR
diamond face scrub,5,1,22.52,419.49,1,5.37,100.0,MONITOR
ayurvedic pigmentation cream,19,1,22.4,0.0,0,,0.0,MONITOR
niryatha anti pigmentation cream,59,1,22.4,0.0,0,,0.0,MONITOR
top 5 pigmentation cream in india,11,1,22.33,0.0,0,,0.0,MONITOR
anti pigmentation cream for women,6,1,22.07,0.0,0,,0.0,MONITOR
b01m1ijuoa,7,1,21.92,0.0,0,,0.0,MONITOR
pigmentation cream melasma,1,1,21.84,0.0,0,,0.0,MONITOR
nature s essence anti pigmentation cream,1,1,21.71,0.0,0,,0.0,MONITOR
b0c2phsrlg,9,2,21.57,0.0,0,,0.0,MONITOR
b0cm9bvv29,3,2,21.57,419.49,1,5.14,50.0,MONITOR
every youth face scrub,14,1,21.48,0.0,0,,0.0,MONITOR
arata oatmeal face scrub,1,1,21.09,0.0,0,,0.0,MONITOR
ayurvedic face cream,45,1,21.03,0.0,0,,0.0,MONITOR
face scrub papaya,2,1,20.96,0.0,0,,0.0,MONITOR
oriflame scrub milk and honey,16,1,20.96,0.0,0,,0.0,MONITOR
everyuth face scrub saffron,1,1,20.5,0.0,0,,0.0,MONITOR
scrub tan removal,15,1,20.46,0.0,0,,0.0,MONITOR
vlcc face scrub,9,1,20.44,0.0,0,,0.0,MONITOR
sage royal ayurveda all,12,3,20.33,0.0,0,,0.0,MONITOR
nature's essance anti pigmentation cream,1,1,20.09,0.0,0,,0.0,MONITOR
nathabit scrub,2,1,20.05,0.0,0,,0.0,MONITOR
pears face wash,4,1,19.97,0.0,0,,0.0,MONITOR
bie eye infinity under eye gel,9,1,19.84,0.0,0,,0.0,MONITOR
face scrub without chemicals25,1,1,19.83,419.49,1,4.73,100.0,MONITOR
kanpeki face wash,9,1,19.77,0.0,0,,0.0,MONITOR
ubtan facewash mamaearth,6,1,19.77,0.0,0,,0.0,MONITOR
a good face scrub,3,1,19.5,0.0,0,,0.0,MONITOR
body shop face scrub for women,2,1,19.5,419.49,1,4.65,100.0,MONITOR
brighten face scrub,2,1,19.5,0.0,0,,0.0,MONITOR
daily detan face scrub,1,1,19.5,0.0,0,,0.0,MONITOR
daily use face scrub men,1,1,19.5,0.0,0,,0.0,MONITOR
delmy face scrub,2,1,19.5,0.0,0,,0.0,MONITOR
face scrub 500gm,6,1,19.5,0.0,0,,0.0,MONITOR
face scrub for brightening skin,2,1,19.5,0.0,0,,0.0,MONITOR
face scrub for glowing skin for women,7,1,19.5,0.0,0,,0.0,MONITOR
face scrub for saloon,2,1,19.5,0.0,0,,0.0,MONITOR
face scrub for sculpting and drainage,2,1,19.5,0.0,0,,0.0,MONITOR
gentle exfoliating face scrub for clear & glowing skin - 100 ml,1,1,19.5,0.0,0,,0.0,MONITOR
keya seth papaya face scrub,5,1,19.5,0.0,0,,0.0,MONITOR
mild face scrub for men oil skin,3,1,19.5,0.0,0,,0.0,MONITOR
neem face scrub,17,1,19.5,0.0,0,,0.0,MONITOR
o3 volcano face scrub,2,1,19.5,0.0,0,,0.0,MONITOR
oriflame face scrub for women,2,1,19.5,0.0,0,,0.0,MONITOR
tan removal face scrub,4,1,19.5,0.0,0,,0.0,MONITOR
vedic line face scrub,5,1,19.5,0.0,0,,0.0,MONITOR
lakme face scrub,4,1,19.49,0.0,0,,0.0,MONITOR
love nature face scrub,1,1,19.47,0.0,0,,0.0,MONITOR
arohi face scrub ranikhet,2,1,19.43,0.0,0,,0.0,MONITOR
cetaphil face scrub exfoliating,2,1,19.38,0.0,0,,0.0,MONITOR
coffee based face scrub,1,1,19.37,0.0,0,,0.0,MONITOR
face scrub woman,93,1,19.34,419.49,1,4.61,100.0,MONITOR
face scrub natural,2,1,19.29,0.0,0,,0.0,MONITOR
biotique face scrub for oily skin,5,1,19.27,0.0,0,,0.0,MONITOR
face scrub big size,4,1,19.27,0.0,0,,0.0,MONITOR
sage royal ayurveda scrub,15,2,19.2,419.49,1,4.58,50.0,MONITOR
face scrub box,3,1,19.18,0.0,0,,0.0,MONITOR
face scrub for glowing skin ayurvedic,6,1,19.11,0.0,0,,0.0,MONITOR
best brightening face scrub for oily acne prone skin,1,1,19.09,0.0,0,,0.0,MONITOR
green tea face scrub naturex,2,1,19.09,0.0,0,,0.0,MONITOR
dr roseal body de tan scrub,1,1,19.08,0.0,0,,0.0,MONITOR
face scrub for woman,2,1,19.08,0.0,0,,0.0,MONITOR
under eye gel dark circles,11,1,19.04,0.0,0,,0.0,MONITOR
green tea ayurvedic face pack,1,1,18.97,0.0,0,,0.0,MONITOR
everyuth face scrub pouch rs 10,30,1,18.86,0.0,0,,0.0,MONITOR
face scrub biotique,2,1,18.84,0.0,0,,0.0,MONITOR
yellow colour face scrub,1,1,18.84,0.0,0,,0.0,MONITOR
face scrub for removing the dark,2,1,18.82,0.0,0,,0.0,MONITOR
dr.rashel korean face scrub under 100 rs,1,1,18.78,419.49,1,4.48,100.0,MONITOR
health india advance anti pigmentation cream,1,1,18.75,0.0,0,,0.0,MONITOR
face scrub for glowing skin men,7,1,18.74,0.0,0,,0.0,MONITOR
face scrub saffron flavour,2,1,18.74,0.0,0,,0.0,MONITOR
face scrub amd pack for dry skin,2,1,18.73,0.0,0,,0.0,MONITOR
cosmo face scrub,4,1,18.69,0.0,0,,0.0,MONITOR
bombay shaving face scrub 50g,1,1,18.62,0.0,0,,0.0,MONITOR
detan face scrub for women,2,1,18.6,0.0,0,,0.0,MONITOR
shahnaz husain face scrub,2,1,18.6,0.0,0,,0.0,MONITOR
naturally face scrub,3,1,18.52,0.0,0,,0.0,MONITOR
kumkumadi face scrub soap,3,1,18.51,0.0,0,,0.0,MONITOR
face scrub for oily acne prone skin women,3,1,18.5,0.0,0,,0.0,MONITOR
ghar face scrub tan removal,9,1,18.5,0.0,0,,0.0,MONITOR
powder face scrub,2,1,18.49,0.0,0,,0.0,MONITOR
just herbs face scrub,8,1,18.45,0.0,0,,0.0,MONITOR
scarfix plus for pigmentation cream,8,1,18.36,0.0,0,,0.0,MONITOR
coffee face scrub,7,1,18.33,0.0,0,,0.0,MONITOR
face scrub for men tan removal herbal,2,1,18.32,0.0,0,,0.0,MONITOR
beetroot face scrub for women,2,1,18.22,0.0,0,,0.0,MONITOR
richfeel under eye gel,1,1,18.2,0.0,0,,0.0,MONITOR
veda harvest under eye gel,3,1,18.2,0.0,0,,0.0,MONITOR
b08xcr2mtr,10,1,18.18,0.0,0,,0.0,MONITOR
arish pigmentation cream,5,1,18.16,0.0,0,,0.0,MONITOR
bionechal de tan body and face scrub,7,1,18.14,0.0,0,,0.0,MONITOR
best face scrub for men glowing skin,1,1,18.13,0.0,0,,0.0,MONITOR
face scrub coffee,2,1,18.13,0.0,0,,0.0,MONITOR
natural face scrub powder,2,1,18.05,0.0,0,,0.0,MONITOR
face scrub for glowing skin korean man,2,1,18.03,0.0,0,,0.0,MONITOR
de tan face scrub for women,3,1,18.0,0.0,0,,0.0,MONITOR
face scrub and face pack both,3,1,18.0,419.49,1,4.29,100.0,MONITOR
face scrub man,1,1,18.0,0.0,0,,0.0,MONITOR
face scrub non creamy,1,1,18.0,0.0,0,,0.0,MONITOR
khadi face scrub for men,5,1,18.0,0.0,0,,0.0,MONITOR
medimix face scrub,3,1,18.0,0.0,0,,0.0,MONITOR
neem and turmeric face scrub,2,1,18.0,0.0,0,,0.0,MONITOR
walnut face scrub oshadhi,1,1,18.0,0.0,0,,0.0,MONITOR
best sellers face scrubs,2,1,17.99,0.0,0,,0.0,MONITOR
mcaffeine coffee face scrub,4,1,17.96,0.0,0,,0.0,MONITOR
swiss image face scrub,1,1,17.94,0.0,0,,0.0,MONITOR
sandal face scrub,3,1,17.93,0.0,0,,0.0,MONITOR
b0g6x2rwhh,7,2,17.92,0.0,0,,0.0,MONITOR
aroma magic under eye gel,23,1,17.91,0.0,0,,0.0,MONITOR
best cream pigmentation cream,2,1,17.91,0.0,0,,0.0,MONITOR
ghar soap ka face scrub,1,1,17.9,0.0,0,,0.0,MONITOR
red vine face scrub pilgrim,1,1,17.89,0.0,0,,0.0,MONITOR
mild face scrub for men,1,1,17.85,0.0,0,,0.0,MONITOR
phd face scrub,2,1,17.81,0.0,0,,0.0,MONITOR
sage royal ayurveda cream,2,1,17.76,0.0,0,,0.0,MONITOR
bnk daily face scrub,3,1,17.75,0.0,0,,0.0,MONITOR
face scrub for black heads and white heads,4,1,17.73,0.0,0,,0.0,MONITOR
body brightening scrub,22,1,17.57,0.0,0,,0.0,MONITOR
mud face pack for women,4,1,17.56,0.0,0,,0.0,MONITOR
day cream with spf,3,1,17.55,0.0,0,,0.0,MONITOR
clayveda 5x de tan scrub,2,1,17.52,0.0,0,,0.0,MONITOR
daily face scrub,1,1,17.52,0.0,0,,0.0,MONITOR
d tan scrub for tan removal,37,1,17.51,0.0,0,,0.0,MONITOR
microfiber face scrub,3,1,17.44,0.0,0,,0.0,MONITOR
shahnaz face scrub,1,1,17.42,0.0,0,,0.0,MONITOR
sugar face scrub for glowing skin,0,1,17.41,0.0,0,,0.0,MONITOR
d tan face scrub,2,1,17.38,0.0,0,,0.0,MONITOR
renee face scrub milk and rice honey,1,1,17.34,0.0,0,,0.0,MONITOR
best body scrub for tan removal,2,1,17.3,0.0,0,,0.0,MONITOR
blossom kochhar face scrub,3,1,17.28,0.0,0,,0.0,MONITOR
khadi face scrub for glowing skin,2,1,17.27,0.0,0,,0.0,MONITOR
nandini face scrub man,1,1,17.24,0.0,0,,0.0,MONITOR
every youth face scrub neck,2,1,17.22,0.0,0,,0.0,MONITOR
trt gold face scrub,1,1,17.22,0.0,0,,0.0,MONITOR
face scrub for glowing skin 500gm,1,1,17.19,0.0,0,,0.0,MONITOR
body shop day cream,17,1,17.17,0.0,0,,0.0,MONITOR
face scrub men,4,1,17.17,0.0,0,,0.0,MONITOR
anti ageing oil for face massage,3,1,17.1,0.0,0,,0.0,MONITOR
jaggery and sesame face scrub,1,1,17.05,0.0,0,,0.0,MONITOR
anti aging night cream for women,3,1,17.04,0.0,0,,0.0,MONITOR
mama earth rice water face scrub,12,1,17.02,0.0,0,,0.0,MONITOR
o3 detan scrub for tan removal,3,1,16.99,0.0,0,,0.0,MONITOR
cream of face scrub,1,1,16.9,0.0,0,,0.0,MONITOR
de tan pack,1,1,16.84,0.0,0,,0.0,MONITOR
ayurveda face scrub for glowing skin,1,1,16.8,0.0,0,,0.0,MONITOR
barva face scrub,2,1,16.8,419.49,1,4.0,100.0,MONITOR
biotique body scrub tan removal,7,1,16.8,0.0,0,,0.0,MONITOR
carryherb face scrub,1,1,16.8,0.0,0,,0.0,MONITOR
korean detan pigmentation face scrub,1,1,16.8,0.0,0,,0.0,MONITOR
asaya face scrub,1,1,16.78,419.49,1,4.0,100.0,MONITOR
face scrub haldi chandan multani mitti,2,1,16.78,0.0,0,,0.0,MONITOR
lotus ka face scrub,2,1,16.77,0.0,0,,0.0,MONITOR
face scrub cream for men indusvalley,1,1,16.75,0.0,0,,0.0,MONITOR
lotus coffee face scrub,6,1,16.75,0.0,0,,0.0,MONITOR
ads face and body cleansing scrub gel,12,1,16.74,0.0,0,,0.0,MONITOR
akankha tanujjal scrub,5,1,16.74,0.0,0,,0.0,MONITOR
b019ilocpu,1,1,16.74,0.0,0,,0.0,MONITOR
b07zkn8846,3,1,16.74,0.0,0,,0.0,MONITOR
b08h5ljgck,27,1,16.74,0.0,0,,0.0,MONITOR
b08p448k32,2,1,16.74,0.0,0,,0.0,MONITOR
b09c5my7ht,42,1,16.74,0.0,0,,0.0,MONITOR
b09jlwc9yv,1,1,16.74,0.0,0,,0.0,MONITOR
b09z65jj69,31,1,16.74,0.0,0,,0.0,MONITOR
b0b8yz8q2p,11,1,16.74,0.0,0,,0.0,MONITOR
b0c8hzcd6g,19,1,16.74,0.0,0,,0.0,MONITOR
b0ckgffx42,12,1,16.74,0.0,0,,0.0,MONITOR
b0dk1tdk1c,7,1,16.74,0.0,0,,0.0,MONITOR
b0dk3nsy4c,4,1,16.74,0.0,0,,0.0,MONITOR
b0ds96fgtp,3,1,16.74,0.0,0,,0.0,MONITOR
b0f1cmljg2,66,1,16.74,0.0,0,,0.0,MONITOR
b0f66pq2gr,3,1,16.74,0.0,0,,0.0,MONITOR
b0fd7wmm6r,17,1,16.74,419.49,1,3.99,100.0,MONITOR
b0fh2hsj8k,4,1,16.74,0.0,0,,0.0,MONITOR
b0fs7rtwkm,46,1,16.74,0.0,0,,0.0,MONITOR
b0g2mjn8b8,15,1,16.74,0.0,0,,0.0,MONITOR
b0gpwpymt5,25,1,16.74,0.0,0,,0.0,MONITOR
best facial scrub,1,1,16.74,0.0,0,,0.0,MONITOR
blackhead remover scrub for women,3,1,16.74,0.0,0,,0.0,MONITOR
face blackhead remover,1,1,16.74,0.0,0,,0.0,MONITOR
face exfoliating scrub,1,1,16.74,0.0,0,,0.0,MONITOR
facewash scrub,2,1,16.74,0.0,0,,0.0,MONITOR
ghar peeling gel,11,1,16.74,0.0,0,,0.0,MONITOR
grandma secret scalp scrub,1,1,16.74,0.0,0,,0.0,MONITOR
kaura scrub,1,1,16.74,0.0,0,,0.0,MONITOR
lilium face scrub,7,1,16.74,0.0,0,,0.0,MONITOR
makeup remover,27,1,16.74,0.0,0,,0.0,MONITOR
milk and honey sugar scrub,5,1,16.74,0.0,0,,0.0,MONITOR
natures essence scrub,2,1,16.74,0.0,0,,0.0,MONITOR
o3+ detan scrub,2,1,16.74,0.0,0,,0.0,MONITOR
saffron powder for face,2,1,16.74,0.0,0,,0.0,MONITOR
tan removal oil,19,1,16.74,0.0,0,,0.0,MONITOR
walnut body scrub,1,1,16.74,0.0,0,,0.0,MONITOR
b008kh6liu,29,1,16.72,0.0,0,,0.0,MONITOR
b0df5tymkv,4,1,16.72,0.0,0,,0.0,MONITOR
scrub for dark neck,5,1,16.72,0.0,0,,0.0,MONITOR
b0ftg1yp97,2,1,16.71,0.0,0,,0.0,MONITOR
b0f2f4qtb8,6,1,16.7,0.0,0,,0.0,MONITOR
b0fcrk7dzr,6,1,16.7,0.0,0,,0.0,MONITOR
b0gdqwk3c4,5,1,16.7,0.0,0,,0.0,MONITOR
scotch brite scrub,2,1,16.7,0.0,0,,0.0,MONITOR
scrub for feet,1,1,16.7,0.0,0,,0.0,MONITOR
b0d8ldz48s,50,1,16.69,0.0,0,,0.0,MONITOR
b00791f97m,106,1,16.68,0.0,0,,0.0,MONITOR
b0bwn22846,77,1,16.68,0.0,0,,0.0,MONITOR
b0cnh3j5k8,54,1,16.68,0.0,0,,0.0,MONITOR
b0glxgjqgc,1,1,16.68,0.0,0,,0.0,MONITOR
coffee scrub,4,1,16.68,0.0,0,,0.0,MONITOR
b07s11bx34,7,1,16.67,0.0,0,,0.0,MONITOR
b0ch838d2w,7,1,16.67,0.0,0,,0.0,MONITOR
b093sxvkdp,2,1,16.66,0.0,0,,0.0,MONITOR
b0g2szd9l8,1,1,16.66,0.0,0,,0.0,MONITOR
b0g3pf6plk,1,1,16.65,0.0,0,,0.0,MONITOR
body scrub,4,1,16.65,0.0,0,,0.0,MONITOR
detan scrub for tan removal women,9,1,16.65,0.0,0,,0.0,MONITOR
akhankha tanujjal scrub,2,1,16.63,0.0,0,,0.0,MONITOR
b000uvy8ie,14,1,16.63,0.0,0,,0.0,MONITOR
b095p5gmv2,29,1,16.62,0.0,0,,0.0,MONITOR
b0cb5q87jh,18,1,16.62,0.0,0,,0.0,MONITOR
b0fdpzgvcx,2,1,16.61,0.0,0,,0.0,MONITOR
b0frzj9bn6,1,1,16.61,0.0,0,,0.0,MONITOR
b0gs29y7gz,3,1,16.61,0.0,0,,0.0,MONITOR
b097yv7d4n,5,1,16.6,0.0,0,,0.0,MONITOR
b0c2pjxrk7,1,1,16.59,0.0,0,,0.0,MONITOR
best face scrub for men,2,1,16.59,0.0,0,,0.0,MONITOR
b09rb3fvqc,5,1,16.58,0.0,0,,0.0,MONITOR
b0bzsjgfkb,1,1,16.58,0.0,0,,0.0,MONITOR
b0drsm18cx,1,1,16.58,0.0,0,,0.0,MONITOR
scrubber facial,1,1,16.58,0.0,0,,0.0,MONITOR
b01n4dgzzr,3,1,16.57,0.0,0,,0.0,MONITOR
b0ccnrbpkj,4,1,16.57,0.0,0,,0.0,MONITOR
b0dhsrffrk,15,1,16.57,0.0,0,,0.0,MONITOR
foot scrub cream,3,1,16.57,0.0,0,,0.0,MONITOR
anti tan scrub,1,1,16.56,0.0,0,,0.0,MONITOR
b0dy5435w2,2,1,16.56,0.0,0,,0.0,MONITOR
raga scrub for men,1,1,16.56,0.0,0,,0.0,MONITOR
b0c81gq2x2,1,1,16.55,0.0,0,,0.0,MONITOR
b07qsqcf9r,10,1,16.54,0.0,0,,0.0,MONITOR
b09vpm5rp4,566,1,16.54,0.0,0,,0.0,MONITOR
b0cty7925q,4,1,16.54,0.0,0,,0.0,MONITOR
b0f13w3s8d,2,1,16.54,0.0,0,,0.0,MONITOR
b0gswctn9l,10,1,16.54,0.0,0,,0.0,MONITOR
vedic line scrub,2,1,16.54,0.0,0,,0.0,MONITOR
b07y9zwztz,1,1,16.53,0.0,0,,0.0,MONITOR
b08npylyht,27,1,16.53,0.0,0,,0.0,MONITOR
b0fxrv9rc2,2,1,16.52,0.0,0,,0.0,MONITOR
b0g5xr7tf7,1,1,16.52,0.0,0,,0.0,MONITOR
b0cqjm4fyy,1,1,16.51,0.0,0,,0.0,MONITOR
b0dypj9snk,3,1,16.51,0.0,0,,0.0,MONITOR
coffee scrub for body,3,1,16.51,0.0,0,,0.0,MONITOR
b018ywhdxw,3,1,16.5,0.0,0,,0.0,MONITOR
best tan remover for hands,1,1,16.5,0.0,0,,0.0,MONITOR
face brightening scrub and body scrub,3,1,16.5,0.0,0,,0.0,MONITOR
face massage oil for glowing skin,4,1,16.5,0.0,0,,0.0,MONITOR
red sandalwood stick original,7,1,16.49,0.0,0,,0.0,MONITOR
b08k4nnxtp,1,1,16.46,0.0,0,,0.0,MONITOR
dove exfoliating body scrub,4,1,16.46,0.0,0,,0.0,MONITOR
cauvery kesar chandan scrub,2,1,16.45,0.0,0,,0.0,MONITOR
lotus scrub for men,13,1,16.45,419.49,1,3.92,100.0,MONITOR
b07zjl7s84,6,1,16.44,0.0,0,,0.0,MONITOR
b0dx2c9pnv,1,1,16.44,0.0,0,,0.0,MONITOR
face body scrub,3,1,16.43,0.0,0,,0.0,MONITOR
nutriglow scrub,6,1,16.43,0.0,0,,0.0,MONITOR
oatmeal rice face scrub for women tan removal,0,1,16.42,0.0,0,,0.0,MONITOR
b0dyjqm812,7,1,16.41,0.0,0,,0.0,MONITOR
biotique papaya scrub,23,1,16.41,0.0,0,,0.0,MONITOR
every youth scrub,3,1,16.41,0.0,0,,0.0,MONITOR
b00791edk6,40,1,16.4,0.0,0,,0.0,MONITOR
b08rx7lqn7,3,1,16.4,0.0,0,,0.0,MONITOR
b0bx2tzzwg,14,1,16.4,0.0,0,,0.0,MONITOR
b0dcjq7myz,4,1,16.4,0.0,0,,0.0,MONITOR
b0dycrvjgk,6,1,16.4,0.0,0,,0.0,MONITOR
rene face scrub,2,1,16.4,0.0,0,,0.0,MONITOR
b07q1gbl9k,14,1,16.39,0.0,0,,0.0,MONITOR
b0bsnqj88y,8,1,16.38,0.0,0,,0.0,MONITOR
b07m7zvc89,24,1,16.37,0.0,0,,0.0,MONITOR
b0bxwsw8mw,1,1,16.37,0.0,0,,0.0,MONITOR
b09dsymdh7,7,1,16.36,0.0,0,,0.0,MONITOR
b07s35tm39,8,1,16.35,0.0,0,,0.0,MONITOR
under eye gel for dark circles ayurvedic,3,1,16.35,0.0,0,,0.0,MONITOR
ever youth scrub,3,1,16.34,0.0,0,,0.0,MONITOR
b0dydxxrs9,7,1,16.33,0.0,0,,0.0,MONITOR
b084mh7fs6,5,1,16.32,0.0,0,,0.0,MONITOR
b0cjrtfy9f,94,1,16.31,0.0,0,,0.0,MONITOR
vata face scrub,1,1,16.29,0.0,0,,0.0,MONITOR
b0bqc1n8cs,7,1,16.28,0.0,0,,0.0,MONITOR
b0gcfdwn95,38,1,16.28,0.0,0,,0.0,MONITOR
b0bfdtrxf8,8,1,16.27,0.0,0,,0.0,MONITOR
b0bffd897z,1,1,16.27,0.0,0,,0.0,MONITOR
turmeric face scrub,2,1,16.27,419.49,1,3.88,100.0,MONITOR
b0bry2lmrg,13,1,16.25,0.0,0,,0.0,MONITOR
b006g84co0,23,1,16.24,0.0,0,,0.0,MONITOR
b0bmtm7cbq,107,1,16.24,0.0,0,,0.0,MONITOR
b0fs83vn25,38,1,16.22,0.0,0,,0.0,MONITOR
b0cgtv1v11,1,1,16.21,0.0,0,,0.0,MONITOR
b0dzh4x87t,3,1,16.21,0.0,0,,0.0,MONITOR
ice scrubber for face,20,1,16.19,0.0,0,,0.0,MONITOR
b0g4462vqq,5,1,16.18,0.0,0,,0.0,MONITOR
b00zrg0hau,2,1,16.17,0.0,0,,0.0,MONITOR
b0dwvgyjpw,2,1,16.16,0.0,0,,0.0,MONITOR
khadi face scrub for women,3,1,16.15,0.0,0,,0.0,MONITOR
b0b6c4bh3d,2,1,16.14,0.0,0,,0.0,MONITOR
face chemical exfoliator,2,1,16.14,0.0,0,,0.0,MONITOR
herbal scrub,5,1,16.14,0.0,0,,0.0,MONITOR
b0d376dv9q,1,1,16.13,0.0,0,,0.0,MONITOR
b0ds8tpnh6,1,1,16.12,0.0,0,,0.0,MONITOR
b0dy89rd99,2,1,16.12,0.0,0,,0.0,MONITOR
b0djvl4xyy,26,1,16.1,0.0,0,,0.0,MONITOR
b0b52364fy,16,1,16.09,0.0,0,,0.0,MONITOR
mild face scrub,6,1,16.09,0.0,0,,0.0,MONITOR
b0f9gsr4kf,6,1,16.08,0.0,0,,0.0,MONITOR
healthix india advanced anti pigmentation cream,4,1,16.08,0.0,0,,0.0,MONITOR
lotus under eye gel,2,1,16.06,0.0,0,,0.0,MONITOR
multani mitti rice water scrub,5,1,16.04,0.0,0,,0.0,MONITOR
ubtan facial hair removal cream,1,1,16.04,0.0,0,,0.0,MONITOR
akansha herbal tanujjol scrubber,6,1,16.02,0.0,0,,0.0,MONITOR
b0dpc9fvmz,2,1,16.01,0.0,0,,0.0,MONITOR
b0dp549j4j,19,1,16.0,0.0,0,,0.0,MONITOR
b0c1kmtrfz,2,1,15.99,0.0,0,,0.0,MONITOR
kesar powder for face,1,1,15.99,0.0,0,,0.0,MONITOR
b0f29lbr6x,1,1,15.98,0.0,0,,0.0,MONITOR
cute face pigmentation cream,10,1,15.98,0.0,0,,0.0,MONITOR
b0drys6669,10,1,15.97,0.0,0,,0.0,MONITOR
face scrub unisex,6,1,15.96,0.0,0,,0.0,MONITOR
facial best massage cream,2,1,15.94,0.0,0,,0.0,MONITOR
b0f23tsnh6,65,1,15.93,0.0,0,,0.0,MONITOR
b07k7hq4vg,16,1,15.91,0.0,0,,0.0,MONITOR
b0d7ct47r2,2,1,15.91,0.0,0,,0.0,MONITOR
maxerra pigmentation cream,29,1,15.91,0.0,0,,0.0,MONITOR
nat habit face scrub,3,1,15.91,0.0,0,,0.0,MONITOR
lip scrub for dark lips,13,1,15.89,0.0,0,,0.0,MONITOR
niryata pigmentation cream,70,1,15.89,0.0,0,,0.0,MONITOR
tree hut body scrub,5,1,15.87,0.0,0,,0.0,MONITOR
plix pomegranate day cream,4,1,15.85,0.0,0,,0.0,MONITOR
chlorhexidine scrub,1,1,15.84,0.0,0,,0.0,MONITOR
b0fd71pz84,2,1,15.82,0.0,0,,0.0,MONITOR
sea buckthorn face scrub,2,1,15.82,0.0,0,,0.0,MONITOR
b08t5y5sqn,101,1,15.81,0.0,0,,0.0,MONITOR
b0gfdmscnn,1,1,15.81,0.0,0,,0.0,MONITOR
face massage oil for tightening skin,8,1,15.81,0.0,0,,0.0,MONITOR
b0bwl4f6wy,12,1,15.8,0.0,0,,0.0,MONITOR
b00ibhmhku,7,1,15.79,0.0,0,,0.0,MONITOR
exfoliating de tan face scrub,7,1,15.75,0.0,0,,0.0,MONITOR
jovees face scrub,17,1,15.75,0.0,0,,0.0,MONITOR
puffy eyes repair under eye gel,2,1,15.75,0.0,0,,0.0,MONITOR
b0g39wn1yl,19,1,15.74,0.0,0,,0.0,MONITOR
b08l596y5z,1,1,15.73,0.0,0,,0.0,MONITOR
b098x3bw68,1,1,15.73,0.0,0,,0.0,MONITOR
o3 face scrub,23,1,15.72,0.0,0,,0.0,MONITOR
b00dre0tdy,106,1,15.7,0.0,0,,0.0,MONITOR
wallnut scrub,7,1,15.7,0.0,0,,0.0,MONITOR
rose attar,4,1,15.69,0.0,0,,0.0,MONITOR
b014jazoh0,5,1,15.68,0.0,0,,0.0,MONITOR
b09c3qv74j,19,1,15.67,0.0,0,,0.0,MONITOR
lotus professional scrub for women,4,1,15.67,0.0,0,,0.0,MONITOR
scrub for face women,4,1,15.67,0.0,0,,0.0,MONITOR
brightening serum,4,1,15.66,0.0,0,,0.0,MONITOR
b07xxhm17w,19,1,15.65,0.0,0,,0.0,MONITOR
b0g6dqnhnw,8,1,15.63,0.0,0,,0.0,MONITOR
pilgrim tan removal peeling solution,2,1,15.63,0.0,0,,0.0,MONITOR
b0f2t6qgrk,7,1,15.58,0.0,0,,0.0,MONITOR
face brightening scrub for women,4,1,15.58,1258.5,1,1.24,100.0,MONITOR
b0f1tddngd,49,2,15.56,0.0,0,,0.0,MONITOR
face scrub for tan for men,2,1,15.53,0.0,0,,0.0,MONITOR
b08xc833sm,3,1,15.5,0.0,0,,0.0,MONITOR
cooling under eye gel,3,1,15.5,338.14,1,4.58,100.0,MONITOR
ayurvedic face pack powder,2,1,15.49,0.0,0,,0.0,MONITOR
b0g5h4phm2,23,1,15.49,0.0,0,,0.0,MONITOR
tan removal cream for women,4,1,15.49,0.0,0,,0.0,MONITOR
face scrub massage cream,2,1,15.48,0.0,0,,0.0,MONITOR
kama ayurveda face scrub,1,1,15.48,0.0,0,,0.0,MONITOR
lotus botanicals face scrub for glowing skin,1,1,15.43,0.0,0,,0.0,MONITOR
b0b9xpx5mg,1,1,15.4,0.0,0,,0.0,MONITOR
b0f4dhxn7z,37,1,15.4,0.0,0,,0.0,MONITOR
scrub for tan removal mamaearth,5,1,15.4,0.0,0,,0.0,MONITOR
wild oak face scrub for glowing skin,6,1,15.4,0.0,0,,0.0,MONITOR
cure skin pigmentation cream,4,1,15.38,0.0,0,,0.0,MONITOR
b0fdqtddsg,2,1,15.32,0.0,0,,0.0,MONITOR
sugar scrub,6,1,15.31,0.0,0,,0.0,MONITOR
nidhi glowing scrub face pack combo,3,1,15.25,0.0,0,,0.0,MONITOR
b00fzhae54,1,1,15.24,0.0,0,,0.0,MONITOR
jovees pigmentation cream,2,1,15.22,0.0,0,,0.0,MONITOR
skin brightening face scrub,38,1,15.21,0.0,0,,0.0,MONITOR
goodvibes face scrub,0,1,15.2,0.0,0,,0.0,MONITOR
mysore sandal face pack,2,1,15.18,0.0,0,,0.0,MONITOR
ayurvedic tan removal face pack,1,1,15.15,0.0,0,,0.0,MONITOR
b08nk4l5g6,8,1,15.15,0.0,0,,0.0,MONITOR
b09x6sq6vw,38,1,15.14,0.0,0,,0.0,MONITOR
kanpeki face scrub,52,1,15.12,0.0,0,,0.0,MONITOR
b0brncjjjv,8,1,15.06,0.0,0,,0.0,MONITOR
b0frf8hh2t,3,1,15.05,419.49,1,3.59,100.0,MONITOR
kesar chandan scrub,2,1,15.04,0.0,0,,0.0,MONITOR
tan remover for men,5,1,15.02,0.0,0,,0.0,MONITOR
b0gmq42rpr,3,1,15.01,0.0,0,,0.0,MONITOR
face scrub packets,2,1,15.01,0.0,0,,0.0,MONITOR
b08h636f4f,42,1,14.98,0.0,0,,0.0,MONITOR
b0cgtyw5hl,1,1,14.94,0.0,0,,0.0,MONITOR
summer day cream on day,3,1,14.92,0.0,0,,0.0,MONITOR
himalaya face scrub pouch rs 10,9,1,14.88,0.0,0,,0.0,MONITOR
face scrub ayurveda powder,3,1,14.84,0.0,0,,0.0,MONITOR
face scrub for men tan removal,60,1,14.84,0.0,0,,0.0,MONITOR
lotus anti aging night cream,2,1,14.84,0.0,0,,0.0,MONITOR
silicone face scrubber head massager and ice roller combo,5,1,14.84,0.0,0,,0.0,MONITOR
b07wv5w6f4,4,1,14.83,0.0,0,,0.0,MONITOR
b00it0q7nc,1,1,14.8,0.0,0,,0.0,MONITOR
b0gt8v42pf,2,1,14.72,0.0,0,,0.0,MONITOR
turmeric and chandan face scrub,4,1,14.71,0.0,0,,0.0,MONITOR
b0cv7rd3ks,3,1,14.7,0.0,0,,0.0,MONITOR
b0g1j75gqh,1,1,14.69,0.0,0,,0.0,MONITOR
body scrub organic,1,1,14.68,0.0,0,,0.0,MONITOR
shiv aatman anti pigmentation cream,2,1,14.65,0.0,0,,0.0,MONITOR
b0bvzjpnfl,42,1,14.64,0.0,0,,0.0,MONITOR
skin sparkle face scrub,4,1,14.64,0.0,0,,0.0,MONITOR
face pack for women for glowing skin,1,1,14.63,0.0,0,,0.0,MONITOR
under eye gel for wrinkles fine lines,1,1,14.61,0.0,0,,0.0,MONITOR
demelan pigmentation cream,102,1,14.59,0.0,0,,0.0,MONITOR
detan body pack for tan removal,2,1,14.57,0.0,0,,0.0,MONITOR
tan pigmentation removal face scrub,3,1,14.57,0.0,0,,0.0,MONITOR
b0755cxrt8,1,1,14.56,0.0,0,,0.0,MONITOR
khadi natural scrub,2,1,14.56,0.0,0,,0.0,MONITOR
b0dbqjdc1k,18,1,14.48,0.0,0,,0.0,MONITOR
b0cqk9m72r,3,1,14.44,0.0,0,,0.0,MONITOR
face scrub mamaearth,4,1,14.44,0.0,0,,0.0,MONITOR
scrub for face man,7,1,14.42,0.0,0,,0.0,MONITOR
b00reg0spu,13,1,14.41,0.0,0,,0.0,MONITOR
b0fpmf6vpd,16,1,14.4,0.0,0,,0.0,MONITOR
b0g3vpw4f1,5,1,14.4,0.0,0,,0.0,MONITOR
pores remover,1,1,14.4,0.0,0,,0.0,MONITOR
b09kppwdbh,3,1,14.37,0.0,0,,0.0,MONITOR
b08m4bmj1s,29,1,14.36,0.0,0,,0.0,MONITOR
rustic art day cream,6,1,14.35,0.0,0,,0.0,MONITOR
saffron and apricot face scrub,6,1,14.35,0.0,0,,0.0,MONITOR
b0f8q9t1nw,3,1,14.32,0.0,0,,0.0,MONITOR
sun tan removal cream,5,1,14.32,0.0,0,,0.0,MONITOR
b0dtpbmd3f,17,1,14.31,0.0,0,,0.0,MONITOR
biotic papaya face scrub,21,1,14.29,0.0,0,,0.0,MONITOR
intimify under eye gel roll on,1,1,14.26,0.0,0,,0.0,MONITOR
ayurveda pigmentation cream,4,1,14.2,677.12,1,2.1,100.0,MONITOR
b0dfy776wp,6,1,14.17,0.0,0,,0.0,MONITOR
blackhead removal scrub,4,1,14.17,0.0,0,,0.0,MONITOR
plix face scrub foroily skin,3,1,14.14,0.0,0,,0.0,MONITOR
plix pigmentation cream,2,1,14.12,0.0,0,,0.0,MONITOR
bellavita under eye gel cream eyelift,1,1,14.09,0.0,0,,0.0,MONITOR
scrub for tan removal,2,1,14.05,0.0,0,,0.0,MONITOR
wow ubtan scrub,3,1,13.95,0.0,0,,0.0,MONITOR
b00af5s0sy,33,1,13.91,0.0,0,,0.0,MONITOR
exfoliating scrub st ives,1,1,13.91,0.0,0,,0.0,MONITOR
sahdev under eye gel,2,1,13.8,0.0,0,,0.0,MONITOR
forests face scrub,5,1,13.73,0.0,0,,0.0,MONITOR
lotus face scrub for women,2,1,13.69,0.0,0,,0.0,MONITOR
b0dtj6lt8k,25,1,13.68,0.0,0,,0.0,MONITOR
perfumed face scrub,1,1,13.67,0.0,0,,0.0,MONITOR
b0c8yxwzky,1,1,13.63,0.0,0,,0.0,MONITOR
belha naturals scrub,2,1,13.56,0.0,0,,0.0,MONITOR
b0f2ml8glk,1,1,13.55,0.0,0,,0.0,MONITOR
cureskin night cream for pigmentation,1,1,13.52,0.0,0,,0.0,MONITOR
b0c1nzs6pt,1,1,13.42,0.0,0,,0.0,MONITOR
b0f74m62hn,116,1,13.42,0.0,0,,0.0,MONITOR
lakme aloe vera day cream,7,1,13.3,0.0,0,,0.0,MONITOR
face cream for women daily use,806,1,13.28,0.0,0,,0.0,MONITOR
raga dtan scrub for tan removal,12,1,13.22,0.0,0,,0.0,MONITOR
b0fnw9t44s,3,1,13.21,0.0,0,,0.0,MONITOR
b07zkn71vd,2,1,13.14,0.0,0,,0.0,MONITOR
face day cream organic for women,3,1,13.13,0.0,0,,0.0,MONITOR
korean face scrub for glowing skin,4,1,13.12,0.0,0,,0.0,MONITOR
hiper pigmentation cream,1,1,13.1,0.0,0,,0.0,MONITOR
turmeric body scrub,1,1,13.06,0.0,0,,0.0,MONITOR
spawake day cream,1,1,13.02,0.0,0,,0.0,MONITOR
face scrub anti tan,2,1,12.95,0.0,0,,0.0,MONITOR
jovees herbal day cream,1,1,12.87,0.0,0,,0.0,MONITOR
polishing scrub,20,1,12.86,0.0,0,,0.0,MONITOR
b0d9jdlcdy,35,1,12.85,0.0,0,,0.0,MONITOR
st ives scrub,7,1,12.83,0.0,0,,0.0,MONITOR
nude d tan face scrub,3,1,12.73,0.0,0,,0.0,MONITOR
eyekojic under eye gel,16,1,12.72,0.0,0,,0.0,MONITOR
b08vgbd2nm,32,1,12.69,0.0,0,,0.0,MONITOR
bie eyefinity all in one under eye gel,2,1,12.68,0.0,0,,0.0,MONITOR
face scrub for body,1,1,12.66,0.0,0,,0.0,MONITOR
milk honey scrub,10,1,12.63,0.0,0,,0.0,MONITOR
b0cwcvzqc5,5,1,12.61,419.49,1,3.01,100.0,MONITOR
organity rasa face oil,2,1,12.58,0.0,0,,0.0,MONITOR
b00uosunle,23,1,12.57,0.0,0,,0.0,MONITOR
colorbar day cream for women,2,1,12.56,0.0,0,,0.0,MONITOR
milk and honey face scrub,3,1,12.54,0.0,0,,0.0,MONITOR
face scrubs for men,11,1,12.51,0.0,0,,0.0,MONITOR
b0bdls3wy9,10,1,12.49,0.0,0,,0.0,MONITOR
mamaearth d tan scrub,1,1,12.46,0.0,0,,0.0,MONITOR
b0gmks72c3,3,1,12.45,0.0,0,,0.0,MONITOR
gentle exfoliating face,1,1,12.32,0.0,0,,0.0,MONITOR
b0ckzbsrmh,7,1,12.31,0.0,0,,0.0,MONITOR
b0bjd45mpt,1,1,12.28,0.0,0,,0.0,MONITOR
b0dhvdq732,2,1,12.28,0.0,0,,0.0,MONITOR
lakme 9 to 5 natural day cream,5,1,12.25,0.0,0,,0.0,MONITOR
b01n6g00kj,1,1,12.23,0.0,0,,0.0,MONITOR
multani mitti scrub,2,1,12.17,0.0,0,,0.0,MONITOR
b0dnmhrbk8,18,1,12.12,0.0,0,,0.0,MONITOR
gleur day cream,2562,1,12.1,0.0,0,,0.0,MONITOR
b0cqtb2dgm,39,1,12.08,0.0,0,,0.0,MONITOR
shruti face scrub,2,1,12.07,0.0,0,,0.0,MONITOR
tan removal machine,22,1,12.04,0.0,0,,0.0,MONITOR
around mouth pigmentation cream,7,1,12.02,0.0,0,,0.0,MONITOR
face scrub herbal,3,1,12.0,0.0,0,,0.0,MONITOR
b0c8yq2bcm,1,1,11.91,0.0,0,,0.0,MONITOR
vaadi face scrub,3,1,11.91,0.0,0,,0.0,MONITOR
manjistha day cream,4,1,11.89,0.0,0,,0.0,MONITOR
khadi india face scrub,2,1,11.85,0.0,0,,0.0,MONITOR
nat habit scrub for face,5,1,11.82,0.0,0,,0.0,MONITOR
b0dqxrxrpz,60,1,11.73,0.0,0,,0.0,MONITOR
papaya exfoliating scrub,2,1,11.72,0.0,0,,0.0,MONITOR
oriflame face scrub,36,1,11.66,0.0,0,,0.0,MONITOR
b0f4y1j628,1,1,11.63,0.0,0,,0.0,MONITOR
b09dcr1kj3,10,1,11.45,0.0,0,,0.0,MONITOR
shahnaz scrub,7,1,11.41,0.0,0,,0.0,MONITOR
organic kumkumadi tailam face oil,2,1,10.77,0.0,0,,0.0,MONITOR
b0b9xbv92w,1,1,10.52,0.0,0,,0.0,MONITOR
day cream women,2,1,10.49,0.0,0,,0.0,MONITOR
b0d7m1sdcn,1,1,10.47,0.0,0,,0.0,MONITOR
olivia apricot walnut face scrub,2,1,10.24,0.0,0,,0.0,MONITOR
face scrub for glowing skin for men,3,1,10.22,0.0,0,,0.0,MONITOR
b0b31f76nk,1,1,10.2,0.0,0,,0.0,MONITOR
b0dryv1v96,2,1,10.0,0.0,0,,0.0,MONITOR
face oil women,1,1,10.0,0.0,0,,0.0,MONITOR
sage royal ayurveda mask,2,1,10.0,0.0,0,,0.0,MONITOR
vedic kumkumadi tailam,1,1,9.97,0.0,0,,0.0,MONITOR
forest essentials face pack for women,2,1,9.92,0.0,0,,0.0,MONITOR
ayurvedic hair oil,1,1,9.9,0.0,0,,0.0,MONITOR
derma co vitamin c face serum,1,1,9.9,0.0,0,,0.0,MONITOR
aharuvi skin superfood,3,1,9.84,0.0,0,,0.0,MONITOR
amla hair oil organic,1,1,9.72,0.0,0,,0.0,MONITOR
tan removal face wash,1,1,9.59,0.0,0,,0.0,MONITOR
retinol face oil,1,1,9.5,0.0,0,,0.0,MONITOR
everyuth face pack,2,1,9.45,0.0,0,,0.0,MONITOR
b0dpgbcx4j,1,1,9.43,0.0,0,,0.0,MONITOR
b0chp8hnf8,1,1,9.42,0.0,0,,0.0,MONITOR
day cream for women daily use,6,1,9.35,0.0,0,,0.0,MONITOR
plum day cream,1,1,9.29,0.0,0,,0.0,MONITOR
￼fresh almond and coconut cream for face or ice eyes,1,1,9.28,0.0,0,,0.0,MONITOR
intimifi pigmentation cream,6,1,9.12,0.0,0,,0.0,MONITOR
b0bzpw8jwj,2,1,8.99,0.0,0,,0.0,MONITOR
face scrub mild,18,1,8.9,0.0,0,,0.0,MONITOR
dermdoc day cream for women,6,1,8.87,0.0,0,,0.0,MONITOR
biluma day cream,2,1,8.85,0.0,0,,0.0,MONITOR
b0fktgdpdw,1,1,8.8,0.0,0,,0.0,MONITOR
heaven magic day cream,2,1,8.74,0.0,0,,0.0,MONITOR
b0dwsqdy7k,4,1,8.73,0.0,0,,0.0,MONITOR
b085nymg6z,1,1,8.65,0.0,0,,0.0,MONITOR
sage undereye,1,1,8.49,0.0,0,,0.0,MONITOR
b0g3xty7yv,2,1,8.4,0.0,0,,0.0,MONITOR
facial hair removal scrub,2,1,8.4,0.0,0,,0.0,MONITOR
herbal tan removal cream,1,1,8.4,0.0,0,,0.0,MONITOR
tan removal cream for men,1,1,8.4,0.0,0,,0.0,MONITOR
face scrub 500ml,1,1,8.3,0.0,0,,0.0,MONITOR
b0b49yf8v1,1,1,8.0,0.0,0,,0.0,MONITOR
b0c4fy27hl,1,1,8.0,0.0,0,,0.0,MONITOR
b0fft2v48g,9,1,7.99,0.0,0,,0.0,MONITOR
b0cp9py95d,1,1,7.91,0.0,0,,0.0,MONITOR
b0d7th6ymj,1,1,7.9,0.0,0,,0.0,MONITOR
b0frstbd4v,2,1,7.74,0.0,0,,0.0,MONITOR
lakme cream day cream,109,1,7.7,0.0,0,,0.0,MONITOR
b0b1581vd7,4,1,7.61,812.71,1,0.94,100.0,MONITOR
sage royal night cream,13,1,7.6,0.0,0,,0.0,MONITOR
vedpuran ayurveda,3,1,7.6,0.0,0,,0.0,MONITOR
kesar chandan face scrub,2,1,7.44,0.0,0,,0.0,MONITOR
men face scrub,2,1,7.12,419.49,1,1.7,100.0,MONITOR
organic netra under eye gel cream,11,1,7.12,0.0,0,,0.0,MONITOR
b08gm425fx,5,1,6.99,838.98,1,0.83,100.0,MONITOR
b0br9bxcsq,1,1,6.98,0.0,0,,0.0,MONITOR
gorgesqin anti pigmentation cream,3,1,6.81,0.0,0,,0.0,MONITOR
b0d4f66tr7,1,1,6.31,0.0,0,,0.0,MONITOR
b0fxtt5g7j,2,1,6.0,0.0,0,,0.0,MONITOR
day anti aging 52 + women,1,1,6.0,0.0,0,,0.0,MONITOR
kungumathi day cream,1,1,6.0,0.0,0,,0.0,MONITOR
light in care cream ayurveda,2,1,6.0,0.0,0,,0.0,MONITOR
sage royal ayurveda water tank cover,2,1,5.97,0.0,0,,0.0,MONITOR
ayurveda blemish cream anti aging cream wrinkles cream,1,1,5.94,0.0,0,,0.0,MONITOR
light and care cream ayurvedic,2,1,5.92,0.0,0,,0.0,MONITOR
tan+removal,639,1,5.77,0.0,0,,0.0,MONITOR
b0c6gkhb9g,4,1,5.73,0.0,0,,0.0,MONITOR
aaranya face scrub,5,1,5.62,0.0,0,,0.0,MONITOR
b0cvbj1l74,3,1,5.35,0.0,0,,0.0,MONITOR
b0gkgsyp62,1,1,4.99,0.0,0,,0.0,MONITOR
dr. veda under eye care roll-on,1,1,4.91,0.0,0,,0.0,MONITOR
500gm face massage clean,1,1,4.75,0.0,0,,0.0,MONITOR
b0fdqzdjf1,1,1,4.47,0.0,0,,0.0,MONITOR
ayurvedic facescrub for pigmentation nat habit for men,2,1,4.46,0.0,0,,0.0,MONITOR
vitamin c serum,9,1,4.44,0.0,0,,0.0,MONITOR
b0fn7dr352,11,1,4.37,0.0,0,,0.0,MONITOR
b0dcvwfstv,2,1,3.84,0.0,0,,0.0,MONITOR
sage product face,1,1,3.71,0.0,0,,0.0,MONITOR
assure anti-aging night cream,1,1,3.66,0.0,0,,0.0,MONITOR
higher pigmentation removal green tea,1,1,3.46,0.0,0,,0.0,MONITOR
licorice extract cream for face,1,1,2.95,0.0,0,,0.0,MONITOR
b0gqjfmbch,3,1,2.72,0.0,0,,0.0,MONITOR
b0bl3ysbrt,1,1,2.22,0.0,0,,0.0,MONITOR
b0fdqpnstl,1,1,1.79,0.0,0,,0.0,MONITOR
b0dpb976yr,1,1,1.3,0.0,0,,0.0,MONITOR
sage royal,1,1,1.22,0.0,0,,0.0,MONITOR
b0fdl3vpcl,2,1,1.0,1705.93,3,0.06,300.0,BEST CONVERTING
