keywordId,cost,adGroupName,matchType,campaignId,sales1d,impressions,adGroupId,keywordBid,targeting,keywordType,clicks,purchases1d,keyword,campaignName
78581492576379,51.32,Unitecare Products-Auto,TARGETING_EXPRESSION_PREDEFINED,347048935154945,0,3856,372227431445170,6,close-match,TARGETING_EXPRESSION_PREDEFINED,8,0,close-match,Unitecare Products-Auto
227503583033992,337.52,Unitecare Products-Auto,TARGETING_EXPRESSION_PREDEFINED,347048935154945,0,14822,372227431445170,6,loose-match,TARGETING_EXPRESSION_PREDEFINED,51,0,loose-match,Unitecare Products-Auto
152984236699509,0,Unitecare Products-Auto,TARGETING_EXPRESSION_PREDEFINED,347048935154945,0,45,372227431445170,6,complements,TARGETING_EXPRESSION_PREDEFINED,0,0,complements,Unitecare Products-Auto
95141179150297,236.34,Unitecare Products-Auto,TARGETING_EXPRESSION_PREDEFINED,347048935154945,0,28325,372227431445170,6,substitutes,TARGETING_EXPRESSION_PREDEFINED,35,0,substitutes,Unitecare Products-Auto
103270454990377,0,Ad Group - 8/8/2025 16:19:55.439,TARGETING_EXPRESSION_PREDEFINED,299721350987996,0,0,338420886260972,4.5,substitutes,TARGETING_EXPRESSION_PREDEFINED,0,0,substitutes,SPA- Heat Bag
130427779171666,62.39,Ad Group - 8/9/2025 14:02:12.324,TARGETING_EXPRESSION_PREDEFINED,401401556761257,0,6409,300502082004838,16,close-match,TARGETING_EXPRESSION_PREDEFINED,4,0,close-match,SPA-Toilet Cleaner
259486737438931,5.86,Ad Group - 8/9/2025 14:02:12.324,TARGETING_EXPRESSION_PREDEFINED,401401556761257,177.12,47,300502082004838,5,loose-match,TARGETING_EXPRESSION_PREDEFINED,1,1,loose-match,SPA-Toilet Cleaner
266320565530172,0,Ad Group - 8/9/2025 14:02:12.324,TARGETING_EXPRESSION_PREDEFINED,401401556761257,0,9,300502082004838,7,complements,TARGETING_EXPRESSION_PREDEFINED,0,0,complements,SPA-Toilet Cleaner
51445983921944,3340.8,Ad Group - 8/9/2025 14:02:12.324,TARGETING_EXPRESSION_PREDEFINED,401401556761257,1923.74,242831,300502082004838,13,substitutes,TARGETING_EXPRESSION_PREDEFINED,250,10,substitutes,SPA-Toilet Cleaner
274976376798658,312.28,Ad Group - 8/9/2025 15:36:47.288,TARGETING_EXPRESSION_PREDEFINED,546520737103958,0,31412,433436929707892,16,close-match,TARGETING_EXPRESSION_PREDEFINED,19,0,close-match,SPA-Bathroom Cleaner
273659212168012,0,Ad Group - 8/9/2025 15:36:47.288,TARGETING_EXPRESSION_PREDEFINED,546520737103958,0,9,433436929707892,5,loose-match,TARGETING_EXPRESSION_PREDEFINED,0,0,loose-match,SPA-Bathroom Cleaner
149443983847851,479.92,Ad Group - 8/9/2025 15:36:47.288,TARGETING_EXPRESSION_PREDEFINED,546520737103958,1232.21,38628,433436929707892,18,substitutes,TARGETING_EXPRESSION_PREDEFINED,30,6,substitutes,SPA-Bathroom Cleaner
175782069628287,99.53,Ad Group - 8/9/2025 16:30:20.193,TARGETING_EXPRESSION_PREDEFINED,307605513689558,419.49,4016,514334148109659,10,close-match,TARGETING_EXPRESSION_PREDEFINED,3,1,close-match,SPA-Handwash
84529490406913,0,Ad Group - 8/9/2025 16:30:20.193,TARGETING_EXPRESSION_PREDEFINED,307605513689558,0,24,514334148109659,7,loose-match,TARGETING_EXPRESSION_PREDEFINED,0,0,loose-match,SPA-Handwash
82506038879467,3470.02,Ad Group - 8/9/2025 16:30:20.193,TARGETING_EXPRESSION_PREDEFINED,307605513689558,1677.96,175138,514334148109659,8,substitutes,TARGETING_EXPRESSION_PREDEFINED,161,3,substitutes,SPA-Handwash
141311538021349,296.49,Ad Group - 8/9/2025 15:43:03.678,TARGETING_EXPRESSION_PREDEFINED,350040861907539,334.75,42547,509638583452742,17.5,close-match,TARGETING_EXPRESSION_PREDEFINED,20,1,close-match,SPA-Glass Cleaner
185498312794086,0,Ad Group - 8/9/2025 15:43:03.678,TARGETING_EXPRESSION_PREDEFINED,350040861907539,0,176,509638583452742,6,loose-match,TARGETING_EXPRESSION_PREDEFINED,0,0,loose-match,SPA-Glass Cleaner
209704199143455,1146.73,Ad Group - 8/9/2025 15:43:03.678,TARGETING_EXPRESSION_PREDEFINED,350040861907539,1004.25,51961,509638583452742,16,substitutes,TARGETING_EXPRESSION_PREDEFINED,73,3,substitutes,SPA-Glass Cleaner
184981957958395,370.22,Ad Group - 8/9/2025 16:03:04.670,TARGETING_EXPRESSION_PREDEFINED,541827772160779,0,56119,362241293488270,11.5,close-match,TARGETING_EXPRESSION_PREDEFINED,33,0,close-match,SPA-Floor Cleaner
45498444070695,95.85,Ad Group - 8/9/2025 16:03:04.670,TARGETING_EXPRESSION_PREDEFINED,541827772160779,244.92,591,362241293488270,7,loose-match,TARGETING_EXPRESSION_PREDEFINED,12,1,loose-match,SPA-Floor Cleaner
48249287386361,2559.29,Ad Group - 8/9/2025 16:03:04.670,TARGETING_EXPRESSION_PREDEFINED,541827772160779,7347.6,173018,362241293488270,11.5,substitutes,TARGETING_EXPRESSION_PREDEFINED,214,29,substitutes,SPA-Floor Cleaner
252126074848387,1272.13,Ad Group - 8/9/2025 15:50:18.882,TARGETING_EXPRESSION_PREDEFINED,408143135328940,775.4,48909,302315659951605,12,close-match,TARGETING_EXPRESSION_PREDEFINED,115,5,close-match,SPA-Dishwash
85088756174478,44.85,Ad Group - 8/9/2025 15:50:18.882,TARGETING_EXPRESSION_PREDEFINED,408143135328940,168.64,610,302315659951605,6,loose-match,TARGETING_EXPRESSION_PREDEFINED,6,1,loose-match,SPA-Dishwash
79175348046674,2104.1,Ad Group - 8/9/2025 15:50:18.882,TARGETING_EXPRESSION_PREDEFINED,408143135328940,1888.08,56627,302315659951605,10,substitutes,TARGETING_EXPRESSION_PREDEFINED,189,11,substitutes,SPA-Dishwash
258590987776912,1210.75,Ad Group - 29/9/2025 16:40:06.228,EXACT,297008422777552,734.74,16042,517308795394080,33,toilet cleaner liquid,EXACT,45,3,toilet cleaner liquid,SP-KT-Toilet Cleaner-Multi Keywords
40414128626171,26102.59,Ad Group - 29/9/2025 16:40:06.228,PHRASE,297008422777552,25478.14,270749,517308795394080,22,toilet cleaner,PHRASE,1114,129,toilet cleaner,SP-KT-Toilet Cleaner-Multi Keywords
228617528926568,31.15,Ad Group - 29/9/2025 16:40:06.228,EXACT,297008422777552,194.07,310,517308795394080,18,toilet cleaner,EXACT,1,1,toilet cleaner,SP-KT-Toilet Cleaner-Multi Keywords
50196562930862,78.59,Ad Group - 29/9/2025 16:40:06.228,EXACT,297008422777552,0,1872,517308795394080,20,toilet cleaner liquid 5 litre,EXACT,4,0,toilet cleaner liquid 5 litre,SP-KT-Toilet Cleaner-Multi Keywords
58481190342661,1293.04,Ad Group - 29/9/2025 16:22:44.351,EXACT,382668512964887,1500.02,22719,388760220039137,27,floor cleaner,EXACT,45,5,floor cleaner,SP-KT-Floor Cleaner-Multi Keywords
174525179627949,590.18,Ad Group - 29/9/2025 16:22:44.351,EXACT,382668512964887,734.76,4821,388760220039137,31,floor cleaner 5 ltr,EXACT,17,3,floor cleaner 5 ltr,SP-KT-Floor Cleaner-Multi Keywords
274505850774019,510.13,Ad Group - 29/9/2025 16:22:44.351,EXACT,382668512964887,244.92,2910,388760220039137,31,finail floor cleaner,EXACT,16,1,finail floor cleaner,SP-KT-Floor Cleaner-Multi Keywords
83964246816164,1914.72,Ad Group - 30/9/2025 13:20:13.337,EXACT,474884043698560,635.6,22965,362897441336816,40,bathroom cleaner liquid,EXACT,60,2,bathroom cleaner liquid,SP-KT-Bathroom Cleaner-Multi Keywords
260152953259749,408.36,Ad Group - 30/9/2025 13:20:13.337,EXACT,474884043698560,821.19,7314,362897441336816,33,tiles cleaner,EXACT,14,3,tiles cleaner,SP-KT-Bathroom Cleaner-Multi Keywords
159695386525194,2706.96,Ad Group - 30/9/2025 13:20:13.337,PHRASE,474884043698560,1595.78,107072,362897441336816,20,bathroom cleaner,PHRASE,117,7,bathroom cleaner,SP-KT-Bathroom Cleaner-Multi Keywords
80133858660256,820.01,Ad Group - 30/9/2025 13:20:13.337,EXACT,474884043698560,1138.99,6836,362897441336816,45,bathroom cleaner,EXACT,20,3,bathroom cleaner,SP-KT-Bathroom Cleaner-Multi Keywords
52957041111460,734.86,Ad Group - 30/9/2025 13:20:13.337,EXACT,474884043698560,0,13624,362897441336816,45,bathroom tiles cleaner,EXACT,21,0,bathroom tiles cleaner,SP-KT-Bathroom Cleaner-Multi Keywords
191973866566876,698.01,Ad Group - 30/9/2025 13:20:13.337,EXACT,474884043698560,227.97,10362,362897441336816,35,tile cleaner liquid strong,EXACT,31,1,tile cleaner liquid strong,SP-KT-Bathroom Cleaner-Multi Keywords
189895323454340,227.37,Ad Group - 30/9/2025 13:20:13.337,EXACT,474884043698560,0,3237,362897441336816,35,bathroom cleaning liquid,EXACT,8,0,bathroom cleaning liquid,SP-KT-Bathroom Cleaner-Multi Keywords
16488759145168,16.09,Ad Group - 30/9/2025 13:20:13.337,EXACT,474884043698560,0,240,362897441336816,20,hard water stain remover for tiles,EXACT,1,0,hard water stain remover for tiles,SP-KT-Bathroom Cleaner-Multi Keywords
51778924590397,1950.33,Ad Group - 28/10/2025 15:56:41.817,EXACT,559996026392825,0,73097,396121760421903,10,handwash refill pack,EXACT,75,0,handwash refill pack,SP-KT-Handwash
50141078095223,2625.26,Ad Group - 28/10/2025 15:56:41.817,EXACT,559996026392825,1970.34,29410,396121760421903,30,handwash refill 5 litre,EXACT,99,5,handwash refill 5 litre,SP-KT-Handwash
131065733108007,866.42,Ad Group - 28/10/2025 15:56:41.817,PHRASE,559996026392825,2305.09,32862,396121760421903,13,handwash,PHRASE,49,6,handwash,SP-KT-Handwash
164425793744326,754.49,Ad Group - 28/10/2025 15:49:11.607,EXACT,469325631828807,1339.0,13589,413314400900770,32,glass cleaner spray,EXACT,22,4,glass cleaner spray,SP-KT-Glass Cleaner
173484639243509,1242.47,Ad Group - 28/10/2025 15:49:11.607,EXACT,469325631828807,2343.25,4491,413314400900770,32,glass cleaner 5 ltr,EXACT,35,7,glass cleaner 5 ltr,SP-KT-Glass Cleaner
224409996435570,1119.62,Ad Group - 28/10/2025 15:49:11.607,EXACT,469325631828807,1004.25,10606,413314400900770,32,glass cleaner,EXACT,31,3,glass cleaner,SP-KT-Glass Cleaner
131720756208050,14.38,Ad Group - 28/10/2025 15:49:11.607,PHRASE,469325631828807,0,736,413314400900770,13,glass cleaner,PHRASE,1,0,glass cleaner,SP-KT-Glass Cleaner
177029574018372,324.9,Ad Group - 28/10/2025 15:53:21.629,EXACT,443817337002972,168.64,1118,396414115142382,41,dishwash liquid gel,EXACT,8,1,dishwash liquid gel,SP-KT-Dishwash
232346421575096,0,Ad Group - 28/10/2025 15:53:21.629,EXACT,443817337002972,0,0,396414115142382,22,dishwash gel,EXACT,0,0,dishwash gel,SP-KT-Dishwash
271392953120103,136.63,Ad Group - 28/10/2025 15:53:21.629,EXACT,443817337002972,0,1320,396414115142382,37,dishwash liquid refill,EXACT,4,0,dishwash liquid refill,SP-KT-Dishwash
166330364302965,4259.49,Ad Group - 28/10/2025 15:53:21.629,PHRASE,443817337002972,1483.86,77358,396414115142382,19,dishwash,PHRASE,312,9,dishwash,SP-KT-Dishwash
230059107824566,76.85,Ad Group - 27/12/2025 13:05:14.745,TARGETING_EXPRESSION,449918354347491,1004.24,1161,426965246244511,13,"asin=""B0CGHV8N2V""",TARGETING_EXPRESSION,5,3,"asin=""B0CGHV8N2V""",SP-PT-Glass Cleaner
147569198790509,74.98,Ad Group - 27/12/2025 13:05:14.745,TARGETING_EXPRESSION,449918354347491,334.75,1471,426965246244511,17,"asin=""B0DPMSG1PY""",TARGETING_EXPRESSION,5,1,"asin=""B0DPMSG1PY""",SP-PT-Glass Cleaner
145407703039044,28.13,Ad Group - 27/12/2025 13:05:14.745,TARGETING_EXPRESSION,449918354347491,0,704,426965246244511,12,"asin=""B01DF0VYV0""",TARGETING_EXPRESSION,2,0,"asin=""B01DF0VYV0""",SP-PT-Glass Cleaner
63804263607232,0,Ad Group - 27/12/2025 13:05:14.745,TARGETING_EXPRESSION,449918354347491,0,357,426965246244511,17,"asin=""B0FH75NMJ9""",TARGETING_EXPRESSION,0,0,"asin=""B0FH75NMJ9""",SP-PT-Glass Cleaner
199434581510239,0,Ad Group - 27/12/2025 13:05:14.745,TARGETING_EXPRESSION,449918354347491,0,128,426965246244511,16,"asin=""B0CYLXXTT3""",TARGETING_EXPRESSION,0,0,"asin=""B0CYLXXTT3""",SP-PT-Glass Cleaner
69794216018384,13.96,Ad Group - 27/12/2025 13:05:14.745,TARGETING_EXPRESSION,449918354347491,0,388,426965246244511,12,"asin=""B08YX8PQP9""",TARGETING_EXPRESSION,1,0,"asin=""B08YX8PQP9""",SP-PT-Glass Cleaner
171566945291544,533.32,Ad Group - 28/12/2025 13:34:30.696,TARGETING_EXPRESSION_PREDEFINED,283430406546761,1900.96,9450,348191669525917,6.5,close-match,TARGETING_EXPRESSION_PREDEFINED,78,4,close-match,SPA-SmileCaster
67179017046682,0,Ad Group - 28/12/2025 13:34:30.696,TARGETING_EXPRESSION_PREDEFINED,283430406546761,0,1536,348191669525917,3,loose-match,TARGETING_EXPRESSION_PREDEFINED,0,0,loose-match,SPA-SmileCaster
263734534888458,721.08,Ad Group - 28/12/2025 13:34:30.696,TARGETING_EXPRESSION_PREDEFINED,283430406546761,2308.59,9943,348191669525917,6,substitutes,TARGETING_EXPRESSION_PREDEFINED,110,5,substitutes,SPA-SmileCaster
154782978499830,581.4,Ad Group - 29/9/2025 16:22:44.351,PHRASE,382668512964887,979.68,4711,388760220039137,35,phenyl floor cleaner,PHRASE,19,4,phenyl floor cleaner,SP-KT-Floor Cleaner-Multi Keywords
174289833747017,91.14,Ad Group - 29/9/2025 16:22:44.351,EXACT,382668512964887,244.92,873,388760220039137,43.88,phenyl floor cleaner,EXACT,2,1,phenyl floor cleaner,SP-KT-Floor Cleaner-Multi Keywords
181012454419653,35.48,Ad Group - 15/1/2026 15:36:07.814,TARGETING_EXPRESSION,53912245365086,0,488,460816320577344,12,"asin=""B0FFBC22J7""",TARGETING_EXPRESSION,3,0,"asin=""B0FFBC22J7""",SP-PT-Hommies-Defensive
209505540365494,0,Ad Group - 15/1/2026 15:36:07.814,TARGETING_EXPRESSION,53912245365086,0,164,460816320577344,12,"asin=""B0F8HX1LWF""",TARGETING_EXPRESSION,0,0,"asin=""B0F8HX1LWF""",SP-PT-Hommies-Defensive
19720156595474,0,Ad Group - 15/1/2026 15:36:07.814,TARGETING_EXPRESSION,53912245365086,0,10,460816320577344,12,"asin=""B0F8HSCMZB""",TARGETING_EXPRESSION,0,0,"asin=""B0F8HSCMZB""",SP-PT-Hommies-Defensive
226978628481636,26.33,Ad Group - 15/1/2026 15:36:07.814,TARGETING_EXPRESSION,53912245365086,0,465,460816320577344,12,"asin=""B0FFB9VK8N""",TARGETING_EXPRESSION,2,0,"asin=""B0FFB9VK8N""",SP-PT-Hommies-Defensive
209900589575214,0,Ad Group - 15/1/2026 15:36:07.814,TARGETING_EXPRESSION,53912245365086,0,15,460816320577344,12,"asin=""B0F8HF1BLP""",TARGETING_EXPRESSION,0,0,"asin=""B0F8HF1BLP""",SP-PT-Hommies-Defensive
70192156453185,0,Ad Group - 15/1/2026 15:36:07.814,TARGETING_EXPRESSION,53912245365086,0,399,460816320577344,12,"asin=""B0F8HPR6V1""",TARGETING_EXPRESSION,0,0,"asin=""B0F8HPR6V1""",SP-PT-Hommies-Defensive
242816643015696,198.24,Ad Group - 15/1/2026 15:36:07.814,TARGETING_EXPRESSION,53912245365086,244.92,4192,460816320577344,12,"asin=""B0F8J3TFBL""",TARGETING_EXPRESSION,17,1,"asin=""B0F8J3TFBL""",SP-PT-Hommies-Defensive
103700024785718,102.98,Ad Group - 15/1/2026 15:36:07.814,TARGETING_EXPRESSION,53912245365086,0,2109,460816320577344,12,"asin=""B0FFB9SF9R""",TARGETING_EXPRESSION,9,0,"asin=""B0FFB9SF9R""",SP-PT-Hommies-Defensive
261125306473997,10.95,Ad Group - 15/1/2026 15:36:07.814,TARGETING_EXPRESSION,53912245365086,0,46,460816320577344,12,"asin=""B0F8J275QC""",TARGETING_EXPRESSION,1,0,"asin=""B0F8J275QC""",SP-PT-Hommies-Defensive
21802584822915,10.53,Ad Group - 15/1/2026 15:36:07.814,TARGETING_EXPRESSION,53912245365086,0,213,460816320577344,12,"asin=""B0F8HXFXMH""",TARGETING_EXPRESSION,1,0,"asin=""B0F8HXFXMH""",SP-PT-Hommies-Defensive
248943899588803,0,Ad Group - 15/1/2026 15:36:07.814,TARGETING_EXPRESSION,53912245365086,0,22,460816320577344,12,"asin=""B0F8J41165""",TARGETING_EXPRESSION,0,0,"asin=""B0F8J41165""",SP-PT-Hommies-Defensive
431269451508,0,Ad Group - 15/1/2026 15:36:07.814,TARGETING_EXPRESSION,53912245365086,0,19,460816320577344,12,"asin=""B0F8J4RHL5""",TARGETING_EXPRESSION,0,0,"asin=""B0F8J4RHL5""",SP-PT-Hommies-Defensive
12329642361579,0,Ad Group - 29/9/2025 16:40:06.228,EXACT,297008422777552,0,78,517308795394080,20,toilet liquid cleaner,EXACT,0,0,toilet liquid cleaner,SP-KT-Toilet Cleaner-Multi Keywords
135924315292684,0,Ad Group - 22/1/2026 14:13:21.915,TARGETING_EXPRESSION,219554620839594,0,9,346393697030121,20,"asin=""B0G12KKGL4""",TARGETING_EXPRESSION,0,0,"asin=""B0G12KKGL4""",SP-PT-Toilet Cleaner
96516461678466,124.69,Ad Group - 22/1/2026 14:13:21.915,TARGETING_EXPRESSION,219554620839594,582.21,2395,346393697030121,18,"asin=""B0FQPGLK31""",TARGETING_EXPRESSION,7,1,"asin=""B0FQPGLK31""",SP-PT-Toilet Cleaner
161041454784950,7803.89,Ad Group - 22/1/2026 14:13:21.915,TARGETING_EXPRESSION,219554620839594,14671.29,46338,346393697030121,18,"asin=""B07KT852PD""",TARGETING_EXPRESSION,446,72,"asin=""B07KT852PD""",SP-PT-Toilet Cleaner
205856943897005,8622.22,Ad Group - 22/1/2026 14:13:21.915,TARGETING_EXPRESSION,219554620839594,12021.24,45323,346393697030121,20.5,"asin=""B07S2QXDTF""",TARGETING_EXPRESSION,397,57,"asin=""B07S2QXDTF""",SP-PT-Toilet Cleaner
23852043846075,222.84,Ad Group - 22/1/2026 14:13:21.915,TARGETING_EXPRESSION,219554620839594,0,2643,346393697030121,17,"asin=""B0FPXLD6QK""",TARGETING_EXPRESSION,13,0,"asin=""B0FPXLD6QK""",SP-PT-Toilet Cleaner
272872173309947,74.06,Ad Group - 22/1/2026 14:13:21.915,TARGETING_EXPRESSION,219554620839594,0,681,346393697030121,20,"asin=""B0F2TDSZJQ""",TARGETING_EXPRESSION,3,0,"asin=""B0F2TDSZJQ""",SP-PT-Toilet Cleaner
96542633946525,92.77,Ad Group - 22/1/2026 14:13:21.915,TARGETING_EXPRESSION,219554620839594,371.19,1536,346393697030121,15,"asin=""B0842CPRCZ""",TARGETING_EXPRESSION,6,2,"asin=""B0842CPRCZ""",SP-PT-Toilet Cleaner
188041401658400,215.68,Ad Group - 22/1/2026 14:13:21.915,TARGETING_EXPRESSION,219554620839594,177.12,1538,346393697030121,18,"asin=""B0CDL3ZM43""",TARGETING_EXPRESSION,11,1,"asin=""B0CDL3ZM43""",SP-PT-Toilet Cleaner
209032232946711,202.89,Ad Group - 22/1/2026 14:13:21.915,TARGETING_EXPRESSION,219554620839594,371.19,2397,346393697030121,16,"asin=""B07JCJRP7V""",TARGETING_EXPRESSION,12,2,"asin=""B07JCJRP7V""",SP-PT-Toilet Cleaner
202507583493449,706.28,Ad Group - 22/1/2026 14:13:21.915,TARGETING_EXPRESSION,219554620839594,522.88,9849,346393697030121,20,"asin=""B09RF8HZBR""",TARGETING_EXPRESSION,31,3,"asin=""B09RF8HZBR""",SP-PT-Toilet Cleaner
113845813313647,32.3,Ad Group - 22/1/2026 14:13:21.915,TARGETING_EXPRESSION,219554620839594,194.07,464,346393697030121,18,"asin=""B0FPFZYFMR""",TARGETING_EXPRESSION,2,1,"asin=""B0FPFZYFMR""",SP-PT-Toilet Cleaner
96008826925984,44.53,Ad Group - 22/1/2026 14:13:21.915,TARGETING_EXPRESSION,219554620839594,0,1554,346393697030121,18,"asin=""B09RF9RXDW""",TARGETING_EXPRESSION,2,0,"asin=""B09RF9RXDW""",SP-PT-Toilet Cleaner
92203110311960,536.14,Ad Group - 22/1/2026 14:13:21.915,TARGETING_EXPRESSION,219554620839594,733.9,4525,346393697030121,20,"asin=""B0DQC8FB3P""",TARGETING_EXPRESSION,26,4,"asin=""B0DQC8FB3P""",SP-PT-Toilet Cleaner
118049483308298,470.33,Ad Group - 22/1/2026 13:55:20.303,TARGETING_EXPRESSION,150935945169412,826.25,3854,395150706452908,14,"asin=""B0FDX1Z8CB""",TARGETING_EXPRESSION,29,5,"asin=""B0FDX1Z8CB""",SP-PT-Dishwash
84503877803410,1311.28,Ad Group - 22/1/2026 13:55:20.303,TARGETING_EXPRESSION,150935945169412,1491.48,13807,395150706452908,15,"asin=""B01G8J7H34""",TARGETING_EXPRESSION,75,10,"asin=""B01G8J7H34""",SP-PT-Dishwash
199147611725646,583.7,Ad Group - 22/1/2026 13:55:20.303,TARGETING_EXPRESSION,150935945169412,505.92,6812,395150706452908,14,"asin=""B0C3XM65XQ""",TARGETING_EXPRESSION,34,3,"asin=""B0C3XM65XQ""",SP-PT-Dishwash
265798726862173,2939.53,Ad Group - 22/1/2026 13:55:20.303,TARGETING_EXPRESSION,150935945169412,4146.5,32716,395150706452908,15.5,"asin=""B07ZKP4R14""",TARGETING_EXPRESSION,168,25,"asin=""B07ZKP4R14""",SP-PT-Dishwash
56187477788261,13071.11,Ad Group - 22/1/2026 13:55:20.303,TARGETING_EXPRESSION,150935945169412,11666.67,90088,395150706452908,15,"asin=""B0D8HW8SZ7""",TARGETING_EXPRESSION,772,69,"asin=""B0D8HW8SZ7""",SP-PT-Dishwash
203011237908304,721.6,Ad Group - 22/1/2026 13:55:20.303,TARGETING_EXPRESSION,150935945169412,303.38,6217,395150706452908,13,"asin=""B00HJ2EVV6""",TARGETING_EXPRESSION,52,2,"asin=""B00HJ2EVV6""",SP-PT-Dishwash
137556247080750,1139.8,Ad Group - 22/1/2026 13:55:20.303,TARGETING_EXPRESSION,150935945169412,151.69,11152,395150706452908,14.5,"asin=""B08CNMBJZ7""",TARGETING_EXPRESSION,71,1,"asin=""B08CNMBJZ7""",SP-PT-Dishwash
25670296691302,1221.03,Ad Group - 22/1/2026 13:55:20.303,TARGETING_EXPRESSION,150935945169412,640.66,12578,395150706452908,15.5,"asin=""B0C73WPBDK""",TARGETING_EXPRESSION,66,4,"asin=""B0C73WPBDK""",SP-PT-Dishwash
76220229088085,129.97,Ad Group - 22/1/2026 14:32:58.474,TARGETING_EXPRESSION,16843794354150,377.12,2063,398274808323663,25,"asin=""B0D314FYDY""",TARGETING_EXPRESSION,4,1,"asin=""B0D314FYDY""",SP-PT-Handwash
139447644948411,26.72,Ad Group - 22/1/2026 14:32:58.474,TARGETING_EXPRESSION,16843794354150,0,459,398274808323663,25,"asin=""B0F5WR1W9W""",TARGETING_EXPRESSION,1,0,"asin=""B0F5WR1W9W""",SP-PT-Handwash
88354742318248,317.55,Ad Group - 22/1/2026 14:32:58.474,TARGETING_EXPRESSION,16843794354150,0,5028,398274808323663,28,"asin=""B09ZQ2GPXM""",TARGETING_EXPRESSION,9,0,"asin=""B09ZQ2GPXM""",SP-PT-Handwash
10587301797621,254.65,Ad Group - 22/1/2026 14:32:58.474,TARGETING_EXPRESSION,16843794354150,419.49,9290,398274808323663,27,"asin=""B07ZDD716J""",TARGETING_EXPRESSION,9,1,"asin=""B07ZDD716J""",SP-PT-Handwash
145178833162897,168.74,Ad Group - 22/1/2026 14:32:58.474,TARGETING_EXPRESSION,16843794354150,0,2110,398274808323663,23,"asin=""B0D31473BC""",TARGETING_EXPRESSION,7,0,"asin=""B0D31473BC""",SP-PT-Handwash
159345703449227,222.07,Ad Group - 22/1/2026 14:32:58.474,TARGETING_EXPRESSION,16843794354150,0,5909,398274808323663,25,"asin=""B086476V1S""",TARGETING_EXPRESSION,8,0,"asin=""B086476V1S""",SP-PT-Handwash
149490664913435,49.23,Ad Group - 22/1/2026 14:32:58.474,TARGETING_EXPRESSION,16843794354150,0,3344,398274808323663,25,"asin=""B083WLDBWW""",TARGETING_EXPRESSION,2,0,"asin=""B083WLDBWW""",SP-PT-Handwash
60281539341757,27.42,Ad Group - 22/1/2026 14:32:58.474,TARGETING_EXPRESSION,16843794354150,0,502,398274808323663,25,"asin=""B0F48B28X6""",TARGETING_EXPRESSION,1,0,"asin=""B0F48B28X6""",SP-PT-Handwash
205922006353077,157.03,Ad Group - 22/1/2026 14:32:58.474,TARGETING_EXPRESSION,16843794354150,0,2731,398274808323663,25,"asin=""B0FRFBC6K1""",TARGETING_EXPRESSION,6,0,"asin=""B0FRFBC6K1""",SP-PT-Handwash
96425671527438,828.05,Ad Group - 22/1/2026 14:32:58.474,TARGETING_EXPRESSION,16843794354150,1593.22,6251,398274808323663,28,"asin=""B08CKYZ7X8""",TARGETING_EXPRESSION,26,4,"asin=""B08CKYZ7X8""",SP-PT-Handwash
45719178393468,64.07,Ad Group - 22/1/2026 14:32:58.474,TARGETING_EXPRESSION,16843794354150,0,607,398274808323663,23,"asin=""B0DBFF2H8Z""",TARGETING_EXPRESSION,3,0,"asin=""B0DBFF2H8Z""",SP-PT-Handwash
185990411703485,780.92,Ad Group - 22/1/2026 14:32:58.474,TARGETING_EXPRESSION,16843794354150,419.5,6606,398274808323663,27,"asin=""B08G5V76PT""",TARGETING_EXPRESSION,24,1,"asin=""B08G5V76PT""",SP-PT-Handwash
137232458966845,560.43,Ad Group - 22/1/2026 14:32:58.474,TARGETING_EXPRESSION,16843794354150,419.49,9095,398274808323663,25,"asin=""B07J6WFP5J""",TARGETING_EXPRESSION,17,1,"asin=""B07J6WFP5J""",SP-PT-Handwash
26757981835389,1004.58,Ad Group - 22/1/2026 14:32:58.474,TARGETING_EXPRESSION,16843794354150,796.61,9903,398274808323663,27,"asin=""B08CKYZ7X9""",TARGETING_EXPRESSION,31,2,"asin=""B08CKYZ7X9""",SP-PT-Handwash
170999260999598,1031.45,Ad Group - 22/1/2026 14:32:58.474,TARGETING_EXPRESSION,16843794354150,377.12,7304,398274808323663,28,"asin=""B09ZQ3B6G2""",TARGETING_EXPRESSION,31,1,"asin=""B09ZQ3B6G2""",SP-PT-Handwash
38507302658252,930.98,Ad Group - 22/1/2026 14:32:58.474,TARGETING_EXPRESSION,16843794354150,796.61,3739,398274808323663,28,"asin=""B0DPL26W18""",TARGETING_EXPRESSION,26,2,"asin=""B0DPL26W18""",SP-PT-Handwash
54143649209396,0,Ad Group - 22/1/2026 14:32:58.474,TARGETING_EXPRESSION,16843794354150,0,441,398274808323663,25,"asin=""B08H6J12Q7""",TARGETING_EXPRESSION,0,0,"asin=""B08H6J12Q7""",SP-PT-Handwash
15342761822629,245.11,Ad Group - 22/1/2026 14:32:58.474,TARGETING_EXPRESSION,16843794354150,0,1429,398274808323663,25,"asin=""B0F489LPL7""",TARGETING_EXPRESSION,8,0,"asin=""B0F489LPL7""",SP-PT-Handwash
186751356939856,153.02,Ad Group - 22/1/2026 14:32:58.474,TARGETING_EXPRESSION,16843794354150,0,951,398274808323663,25,"asin=""B0CQXV4S1C""",TARGETING_EXPRESSION,6,0,"asin=""B0CQXV4S1C""",SP-PT-Handwash
126561784947794,56.06,Ad Group - 22/1/2026 14:32:58.474,TARGETING_EXPRESSION,16843794354150,0,408,398274808323663,25,"asin=""B09RNLSSFL""",TARGETING_EXPRESSION,2,0,"asin=""B09RNLSSFL""",SP-PT-Handwash
188430177914276,193.75,Ad Group - 22/1/2026 14:32:58.474,TARGETING_EXPRESSION,16843794354150,546.61,3641,398274808323663,25,"asin=""B07VHW6XJ7""",TARGETING_EXPRESSION,8,1,"asin=""B07VHW6XJ7""",SP-PT-Handwash
140929122833521,0,Ad Group - 22/1/2026 14:32:58.474,TARGETING_EXPRESSION,16843794354150,0,34,398274808323663,25,"asin=""B08SR36VSN""",TARGETING_EXPRESSION,0,0,"asin=""B08SR36VSN""",SP-PT-Handwash
96913812683497,0,Ad Group - 22/1/2026 14:32:58.474,TARGETING_EXPRESSION,16843794354150,0,549,398274808323663,25,"asin=""B088V935YJ""",TARGETING_EXPRESSION,0,0,"asin=""B088V935YJ""",SP-PT-Handwash
161787929567004,206.07,Ad Group - 22/1/2026 14:32:58.474,TARGETING_EXPRESSION,16843794354150,377.12,2000,398274808323663,25,"asin=""B0FZBP8J15""",TARGETING_EXPRESSION,7,1,"asin=""B0FZBP8J15""",SP-PT-Handwash
275218692571198,70.48,Ad Group - 22/1/2026 14:32:58.474,TARGETING_EXPRESSION,16843794354150,0,260,398274808323663,25,"asin=""B014PCR0IS""",TARGETING_EXPRESSION,2,0,"asin=""B014PCR0IS""",SP-PT-Handwash
71187967683303,1556.78,Ad Group - 22/1/2026 14:32:58.474,TARGETING_EXPRESSION,16843794354150,2389.83,14923,398274808323663,27.7,"asin=""B09ZQ37Z9G""",TARGETING_EXPRESSION,47,6,"asin=""B09ZQ37Z9G""",SP-PT-Handwash
142345694573583,41.07,Ad Group - 27/12/2025 13:05:14.745,TARGETING_EXPRESSION,449918354347491,0,1628,426965246244511,12,"asin=""B092R2G7FF""",TARGETING_EXPRESSION,3,0,"asin=""B092R2G7FF""",SP-PT-Glass Cleaner
119103854022125,0,Ad Group - 27/12/2025 13:05:14.745,TARGETING_EXPRESSION,449918354347491,0,120,426965246244511,10,"asin=""B0FFT29CL7""",TARGETING_EXPRESSION,0,0,"asin=""B0FFT29CL7""",SP-PT-Glass Cleaner
14949285422524,0,Ad Group - 27/12/2025 13:05:14.745,TARGETING_EXPRESSION,449918354347491,0,438,426965246244511,10,"asin=""B0FYQ4Q83C""",TARGETING_EXPRESSION,0,0,"asin=""B0FYQ4Q83C""",SP-PT-Glass Cleaner
3909942707946,0,Ad Group - 27/12/2025 13:05:14.745,TARGETING_EXPRESSION,449918354347491,0,1,426965246244511,10,"asin=""B011972NBQ""",TARGETING_EXPRESSION,0,0,"asin=""B011972NBQ""",SP-PT-Glass Cleaner
84131417879656,2735.9,Ad Group - 27/12/2025 13:05:14.745,TARGETING_EXPRESSION,449918354347491,5516.15,46962,426965246244511,24,"asin=""B07227PB7C""",TARGETING_EXPRESSION,108,17,"asin=""B07227PB7C""",SP-PT-Glass Cleaner
39572423491437,162.37,Ad Group - 27/12/2025 13:05:14.745,TARGETING_EXPRESSION,449918354347491,0,3346,426965246244511,17.91,"asin=""B0D6Z1QBVC""",TARGETING_EXPRESSION,8,0,"asin=""B0D6Z1QBVC""",SP-PT-Glass Cleaner
280841351074691,193.13,Ad Group - 22/1/2026 14:46:19.663,TARGETING_EXPRESSION,22275390977964,2992.39,4055,371824058479191,25,"asin=""B0DPL4LKXW""",TARGETING_EXPRESSION,8,4,"asin=""B0DPL4LKXW""",SP-PT-Floor Cleaner
53724203307240,43.54,Ad Group - 22/1/2026 14:46:19.663,TARGETING_EXPRESSION,22275390977964,0,1093,371824058479191,22,"asin=""B0797DGDTG""",TARGETING_EXPRESSION,2,0,"asin=""B0797DGDTG""",SP-PT-Floor Cleaner
80628972031894,278.32,Ad Group - 22/1/2026 14:46:19.663,TARGETING_EXPRESSION,22275390977964,642.38,6183,371824058479191,22,"asin=""B07L8Y2J68""",TARGETING_EXPRESSION,12,2,"asin=""B07L8Y2J68""",SP-PT-Floor Cleaner
223152940014678,145.47,Ad Group - 22/1/2026 14:46:19.663,TARGETING_EXPRESSION,22275390977964,1116.09,11863,371824058479191,20,"asin=""B07L8WCL4D""",TARGETING_EXPRESSION,8,3,"asin=""B07L8WCL4D""",SP-PT-Floor Cleaner
48595585629651,149.19,Ad Group - 22/1/2026 14:46:19.663,TARGETING_EXPRESSION,22275390977964,372.03,1801,371824058479191,22,"asin=""B08263YSF7""",TARGETING_EXPRESSION,7,1,"asin=""B08263YSF7""",SP-PT-Floor Cleaner
107037370166225,0,Ad Group - 22/1/2026 14:46:19.663,TARGETING_EXPRESSION,22275390977964,0,960,371824058479191,22,"asin=""B0BGY15KJL""",TARGETING_EXPRESSION,0,0,"asin=""B0BGY15KJL""",SP-PT-Floor Cleaner
196039384262644,174.99,Ad Group - 22/1/2026 14:46:19.663,TARGETING_EXPRESSION,22275390977964,1014.41,1766,371824058479191,29.4,"asin=""B0D6YDK421""",TARGETING_EXPRESSION,6,2,"asin=""B0D6YDK421""",SP-PT-Floor Cleaner
206177325853821,85.64,Ad Group - 22/1/2026 14:46:19.663,TARGETING_EXPRESSION,22275390977964,321.19,1427,371824058479191,22,"asin=""B0C857LVHK""",TARGETING_EXPRESSION,4,1,"asin=""B0C857LVHK""",SP-PT-Floor Cleaner
96024612726999,62.41,Ad Group - 22/1/2026 14:46:19.663,TARGETING_EXPRESSION,22275390977964,0,2194,371824058479191,22,"asin=""B0DPL3DCXR""",TARGETING_EXPRESSION,3,0,"asin=""B0DPL3DCXR""",SP-PT-Floor Cleaner
244877892337117,455.77,Ad Group - 22/1/2026 14:46:19.663,TARGETING_EXPRESSION,22275390977964,1116.09,16610,371824058479191,23,"asin=""B08HM656S6""",TARGETING_EXPRESSION,19,3,"asin=""B08HM656S6""",SP-PT-Floor Cleaner
270894082306295,57.52,Ad Group - 22/1/2026 14:46:19.663,TARGETING_EXPRESSION,22275390977964,372.03,894,371824058479191,22,"asin=""B0DDTMVGKD""",TARGETING_EXPRESSION,2,1,"asin=""B0DDTMVGKD""",SP-PT-Floor Cleaner
274353814533820,65.32,Ad Group - 22/1/2026 14:46:19.663,TARGETING_EXPRESSION,22275390977964,0,2512,371824058479191,22,"asin=""B08824PS2H""",TARGETING_EXPRESSION,3,0,"asin=""B08824PS2H""",SP-PT-Floor Cleaner
230384070569617,45.83,Ad Group - 22/1/2026 14:46:19.663,TARGETING_EXPRESSION,22275390977964,0,916,371824058479191,22,"asin=""B0F9WP8YXW""",TARGETING_EXPRESSION,2,0,"asin=""B0F9WP8YXW""",SP-PT-Floor Cleaner
110369726833623,0,Ad Group - 22/1/2026 14:46:19.663,TARGETING_EXPRESSION,22275390977964,0,1172,371824058479191,18,"asin=""B0CSWJ1LXB""",TARGETING_EXPRESSION,0,0,"asin=""B0CSWJ1LXB""",SP-PT-Floor Cleaner
250915234424138,191.4,Ad Group - 22/1/2026 14:46:19.663,TARGETING_EXPRESSION,22275390977964,372.03,7609,371824058479191,22,"asin=""B07ZKQ8HXS""",TARGETING_EXPRESSION,10,1,"asin=""B07ZKQ8HXS""",SP-PT-Floor Cleaner
207605986746729,472.39,Ad Group - 22/1/2026 14:46:19.663,TARGETING_EXPRESSION,22275390977964,321.19,7510,371824058479191,25,"asin=""B0DPL66976""",TARGETING_EXPRESSION,19,1,"asin=""B0DPL66976""",SP-PT-Floor Cleaner
56277903562224,1761.95,Ad Group - 22/1/2026 14:46:19.663,TARGETING_EXPRESSION,22275390977964,2772.87,41444,371824058479191,29.4,"asin=""B0755CG1LW""",TARGETING_EXPRESSION,60,8,"asin=""B0755CG1LW""",SP-PT-Floor Cleaner
173100182457306,0,Ad Group - 22/1/2026 16:27:43.573,TARGETING_EXPRESSION,180284341484787,0,0,547292769297375,13,"asin=""B07JM9B9DB""",TARGETING_EXPRESSION,0,0,"asin=""B07JM9B9DB""",SP-PT-Bathroom Cleaner
198554162906955,113.28,Ad Group - 22/1/2026 16:27:43.573,TARGETING_EXPRESSION,180284341484787,0,934,547292769297375,30,"asin=""B08D3YTWHQ""",TARGETING_EXPRESSION,4,0,"asin=""B08D3YTWHQ""",SP-PT-Bathroom Cleaner
185895616912622,0,Ad Group - 22/1/2026 16:27:43.573,TARGETING_EXPRESSION,180284341484787,0,54,547292769297375,13,"asin=""B09B1MV8LX""",TARGETING_EXPRESSION,0,0,"asin=""B09B1MV8LX""",SP-PT-Bathroom Cleaner
178393275202862,27.43,Ad Group - 22/1/2026 16:27:43.573,TARGETING_EXPRESSION,180284341484787,0,847,547292769297375,30,"asin=""B09B1XVRXS""",TARGETING_EXPRESSION,1,0,"asin=""B09B1XVRXS""",SP-PT-Bathroom Cleaner
193383558275983,306.03,Ad Group - 22/1/2026 16:27:43.573,TARGETING_EXPRESSION,180284341484787,0,3543,547292769297375,30,"asin=""B0F2T9G8PF""",TARGETING_EXPRESSION,10,0,"asin=""B0F2T9G8PF""",SP-PT-Bathroom Cleaner
70704815710599,0,Ad Group - 22/1/2026 16:27:43.573,TARGETING_EXPRESSION,180284341484787,0,6,547292769297375,12,"asin=""B07KTB8BBV""",TARGETING_EXPRESSION,0,0,"asin=""B07KTB8BBV""",SP-PT-Bathroom Cleaner
194361201170501,87.61,Ad Group - 22/1/2026 16:27:43.573,TARGETING_EXPRESSION,180284341484787,0,465,547292769297375,30,"asin=""B0DBVTTYRR""",TARGETING_EXPRESSION,2,0,"asin=""B0DBVTTYRR""",SP-PT-Bathroom Cleaner
142539769089642,46.35,Ad Group - 22/1/2026 16:27:43.573,TARGETING_EXPRESSION,180284341484787,0,415,547292769297375,27,"asin=""B08HHXKJY3""",TARGETING_EXPRESSION,1,0,"asin=""B08HHXKJY3""",SP-PT-Bathroom Cleaner
10256615845605,242.45,Ad Group - 22/1/2026 16:27:43.573,TARGETING_EXPRESSION,180284341484787,0,3682,547292769297375,27,"asin=""B0F1CW6YKM""",TARGETING_EXPRESSION,8,0,"asin=""B0F1CW6YKM""",SP-PT-Bathroom Cleaner
72952280316664,934.89,Ad Group - 22/1/2026 16:27:43.573,TARGETING_EXPRESSION,180284341484787,317.8,14033,547292769297375,23.74,"asin=""B01LZSWXWI""",TARGETING_EXPRESSION,38,1,"asin=""B01LZSWXWI""",SP-PT-Bathroom Cleaner
123354755945741,0,Ad Group - 22/1/2026 16:27:43.573,TARGETING_EXPRESSION,180284341484787,0,126,547292769297375,12,"asin=""B07KTKPHRT""",TARGETING_EXPRESSION,0,0,"asin=""B07KTKPHRT""",SP-PT-Bathroom Cleaner
198865815871259,133.53,Ad Group - 22/1/2026 16:27:43.573,TARGETING_EXPRESSION,180284341484787,0,1791,547292769297375,27,"asin=""B0DBVRJ94R""",TARGETING_EXPRESSION,5,0,"asin=""B0DBVRJ94R""",SP-PT-Bathroom Cleaner
192807003837266,411.4,Ad Group - 22/1/2026 16:27:43.573,TARGETING_EXPRESSION,180284341484787,227.96,3635,547292769297375,31,"asin=""B0DDTKDRQD""",TARGETING_EXPRESSION,12,1,"asin=""B0DDTKDRQD""",SP-PT-Bathroom Cleaner
104926694090070,807.02,Ad Group - 22/1/2026 16:27:43.573,TARGETING_EXPRESSION,180284341484787,545.77,6916,547292769297375,30.87,"asin=""B0DPMZYCZY""",TARGETING_EXPRESSION,28,2,"asin=""B0DPMZYCZY""",SP-PT-Bathroom Cleaner
172939678492230,192.59,Ad Group - 22/1/2026 16:27:43.573,TARGETING_EXPRESSION,180284341484787,0,3652,547292769297375,29,"asin=""B0FQPGLK31""",TARGETING_EXPRESSION,6,0,"asin=""B0FQPGLK31""",SP-PT-Bathroom Cleaner
5759131294526,0,Ad Group - 22/1/2026 16:27:43.573,TARGETING_EXPRESSION,180284341484787,0,785,547292769297375,16,"asin=""B0B8HJ7Q8D""",TARGETING_EXPRESSION,0,0,"asin=""B0B8HJ7Q8D""",SP-PT-Bathroom Cleaner
92225961724217,177.05,Ad Group - 22/1/2026 16:27:43.573,TARGETING_EXPRESSION,180284341484787,0,1001,547292769297375,33.05,"asin=""B0C9V5L6PW""",TARGETING_EXPRESSION,6,0,"asin=""B0C9V5L6PW""",SP-PT-Bathroom Cleaner
46241814343717,0,Ad Group - 22/1/2026 16:27:43.573,TARGETING_EXPRESSION,180284341484787,0,354,547292769297375,13,"asin=""B01N3CXLEZ""",TARGETING_EXPRESSION,0,0,"asin=""B01N3CXLEZ""",SP-PT-Bathroom Cleaner
156634162960097,282.79,Ad Group - 22/1/2026 16:27:43.573,TARGETING_EXPRESSION,180284341484787,0,4592,547292769297375,27,"asin=""B0BN2KV4GV""",TARGETING_EXPRESSION,11,0,"asin=""B0BN2KV4GV""",SP-PT-Bathroom Cleaner
59839076927723,961.68,Ad Group - 22/1/2026 16:39:45.960,TARGETING_EXPRESSION_PREDEFINED,233363584560305,0,15284,340480483728003,35,close-match,TARGETING_EXPRESSION_PREDEFINED,29,0,close-match,SPA-Hand Sanitizer
88206431290029,72.67,Ad Group - 22/1/2026 16:39:45.960,TARGETING_EXPRESSION_PREDEFINED,233363584560305,0,1600,340480483728003,15,loose-match,TARGETING_EXPRESSION_PREDEFINED,4,0,loose-match,SPA-Hand Sanitizer
189486036519509,0,Ad Group - 22/1/2026 16:39:45.960,TARGETING_EXPRESSION_PREDEFINED,233363584560305,0,1,340480483728003,10,complements,TARGETING_EXPRESSION_PREDEFINED,0,0,complements,SPA-Hand Sanitizer
129077074287118,3450.98,Ad Group - 22/1/2026 16:39:45.960,TARGETING_EXPRESSION_PREDEFINED,233363584560305,0,37724,340480483728003,35,substitutes,TARGETING_EXPRESSION_PREDEFINED,104,0,substitutes,SPA-Hand Sanitizer
141221831216759,9175.26,Ad Group - 14/2/2026 16:08:33.219,TARGETING_EXPRESSION,36300873748827,17450.32,99070,523108565860032,21.34,"asin=""B0CV79F1TM""",TARGETING_EXPRESSION,429,63,"asin=""B0CV79F1TM""",SP-PT-Phenyl
52396860030335,1567.45,Ad Group - 14/2/2026 16:08:33.219,TARGETING_EXPRESSION,36300873748827,2724.62,11169,523108565860032,22,"asin=""B0F9WP8YXW""",TARGETING_EXPRESSION,65,12,"asin=""B0F9WP8YXW""",SP-PT-Phenyl
120365930802887,5661.62,Ad Group - 14/2/2026 16:08:33.219,TARGETING_EXPRESSION,36300873748827,9005.23,38391,523108565860032,29,"asin=""B08JM117QJ""",TARGETING_EXPRESSION,197,31,"asin=""B08JM117QJ""",SP-PT-Phenyl
42849834236380,774.96,Ad Group - 14/2/2026 16:08:33.219,TARGETING_EXPRESSION,36300873748827,1469.52,9207,523108565860032,21,"asin=""B01MQXZDMU""",TARGETING_EXPRESSION,39,6,"asin=""B01MQXZDMU""",SP-PT-Phenyl
275953302027013,157.25,Ad Group - 14/2/2026 16:08:33.219,TARGETING_EXPRESSION,36300873748827,244.92,2074,523108565860032,12.94,"asin=""B08J8DCCML""",TARGETING_EXPRESSION,12,1,"asin=""B08J8DCCML""",SP-PT-Phenyl
149042333058037,1054.78,Ad Group - 14/2/2026 16:08:33.219,TARGETING_EXPRESSION,36300873748827,1224.6,9451,523108565860032,20,"asin=""B0BNHPGZX3""",TARGETING_EXPRESSION,49,5,"asin=""B0BNHPGZX3""",SP-PT-Phenyl
260191133688152,76.18,Ad Group - 28/10/2025 15:56:41.817,PHRASE,559996026392825,0,1612,396121760421903,27.26,handwash refill 5 litre,PHRASE,3,0,handwash refill 5 litre,SP-KT-Handwash
234736129026674,426.38,Ad Group - 28/10/2025 15:53:21.629,PHRASE,443817337002972,303.38,3170,396414115142382,20,dishwash gel,PHRASE,25,2,dishwash gel,SP-KT-Dishwash
9736172952189,2733.47,Steamer- 2/3/2026 10:30:04.075,TARGETING_EXPRESSION_PREDEFINED,185952594798445,2934.91,44496,448954156706047,,close-match,TARGETING_EXPRESSION_PREDEFINED,313,13,close-match,Steamer- 2/3/2026 10:30:10.328
267771120461880,1453.99,Steamer- 2/3/2026 10:30:04.075,TARGETING_EXPRESSION_PREDEFINED,185952594798445,2056.95,31663,448954156706047,,loose-match,TARGETING_EXPRESSION_PREDEFINED,172,9,loose-match,Steamer- 2/3/2026 10:30:10.328
223384073660476,53.35,Steamer- 2/3/2026 10:30:04.075,TARGETING_EXPRESSION_PREDEFINED,185952594798445,0,1652,448954156706047,,complements,TARGETING_EXPRESSION_PREDEFINED,8,0,complements,Steamer- 2/3/2026 10:30:10.328
369572684935,5614.5,Steamer- 2/3/2026 10:30:04.075,TARGETING_EXPRESSION_PREDEFINED,185952594798445,5634.26,82076,448954156706047,,substitutes,TARGETING_EXPRESSION_PREDEFINED,601,24,substitutes,Steamer- 2/3/2026 10:30:10.328
161253935717994,6047.7,Egg Boiler - 2/3/2026 10:26:30.440,TARGETING_EXPRESSION_PREDEFINED,92743541578962,11239.23,190637,419347263838304,,close-match,TARGETING_EXPRESSION_PREDEFINED,744,36,close-match,Egg Boiler - 2/3/2026 10:26:31.473
182625003403904,7381.97,Egg Boiler - 2/3/2026 10:26:30.440,TARGETING_EXPRESSION_PREDEFINED,92743541578962,10319.59,87021,419347263838304,,loose-match,TARGETING_EXPRESSION_PREDEFINED,750,33,loose-match,Egg Boiler - 2/3/2026 10:26:31.473
198988495295022,1449.7,Egg Boiler - 2/3/2026 10:26:30.440,TARGETING_EXPRESSION_PREDEFINED,92743541578962,5623.21,14255,419347263838304,,complements,TARGETING_EXPRESSION_PREDEFINED,156,18,complements,Egg Boiler - 2/3/2026 10:26:31.473
231415196989197,10495.23,Egg Boiler - 2/3/2026 10:26:30.440,TARGETING_EXPRESSION_PREDEFINED,92743541578962,22076.02,301691,419347263838304,,substitutes,TARGETING_EXPRESSION_PREDEFINED,1183,70,substitutes,Egg Boiler - 2/3/2026 10:26:31.473
133768363782483,4958.84,Heating Pad - 2/3/2026 10:14:27.957,TARGETING_EXPRESSION_PREDEFINED,216235499016602,8263.49,37616,491172615022687,,close-match,TARGETING_EXPRESSION_PREDEFINED,570,50,close-match,Heating Pad Automatic - 2/3/2026 10:14:33.862
158910028092751,4284.5,Heating Pad - 2/3/2026 10:14:27.957,TARGETING_EXPRESSION_PREDEFINED,216235499016602,8992.36,25104,491172615022687,,loose-match,TARGETING_EXPRESSION_PREDEFINED,479,50,loose-match,Heating Pad Automatic - 2/3/2026 10:14:33.862
172090842987113,76.5,Heating Pad - 2/3/2026 10:14:27.957,TARGETING_EXPRESSION_PREDEFINED,216235499016602,0,691,491172615022687,,complements,TARGETING_EXPRESSION_PREDEFINED,10,0,complements,Heating Pad Automatic - 2/3/2026 10:14:33.862
151230253842936,15535.11,Heating Pad - 2/3/2026 10:14:27.957,TARGETING_EXPRESSION_PREDEFINED,216235499016602,26272.37,161998,491172615022687,,substitutes,TARGETING_EXPRESSION_PREDEFINED,2025,160,substitutes,Heating Pad Automatic - 2/3/2026 10:14:33.862
171093142577635,149.7,bathroom cleaner,TARGETING_EXPRESSION_PREDEFINED,254888731825287,252.54,3669,386947931118971,7,close-match,TARGETING_EXPRESSION_PREDEFINED,18,1,close-match,SPA-Hommies-Non selling SKU
136498716249152,0,bathroom cleaner,TARGETING_EXPRESSION_PREDEFINED,254888731825287,0,29,386947931118971,3,loose-match,TARGETING_EXPRESSION_PREDEFINED,0,0,loose-match,SPA-Hommies-Non selling SKU
193151174417621,352.42,bathroom cleaner,TARGETING_EXPRESSION_PREDEFINED,254888731825287,985.59,34716,386947931118971,8,substitutes,TARGETING_EXPRESSION_PREDEFINED,47,4,substitutes,SPA-Hommies-Non selling SKU
215286993193804,197.5,toilet cleaner,TARGETING_EXPRESSION_PREDEFINED,254888731825287,826.28,4939,361207101607478,10,close-match,TARGETING_EXPRESSION_PREDEFINED,23,5,close-match,SPA-Hommies-Non selling SKU
208888330531081,0,toilet cleaner,TARGETING_EXPRESSION_PREDEFINED,254888731825287,0,45,361207101607478,3,loose-match,TARGETING_EXPRESSION_PREDEFINED,0,0,loose-match,SPA-Hommies-Non selling SKU
224244752971378,1592.0,toilet cleaner,TARGETING_EXPRESSION_PREDEFINED,254888731825287,5103.48,42294,361207101607478,10,substitutes,TARGETING_EXPRESSION_PREDEFINED,209,32,substitutes,SPA-Hommies-Non selling SKU
162100499485916,8.55,handwash,TARGETING_EXPRESSION_PREDEFINED,254888731825287,0,517,546792343570883,9,close-match,TARGETING_EXPRESSION_PREDEFINED,1,0,close-match,SPA-Hommies-Non selling SKU
275542397243119,0,handwash,TARGETING_EXPRESSION_PREDEFINED,254888731825287,0,228,546792343570883,3,loose-match,TARGETING_EXPRESSION_PREDEFINED,0,0,loose-match,SPA-Hommies-Non selling SKU
109535977030880,56.46,handwash,TARGETING_EXPRESSION_PREDEFINED,254888731825287,0,3438,546792343570883,9,substitutes,TARGETING_EXPRESSION_PREDEFINED,7,0,substitutes,SPA-Hommies-Non selling SKU
85618666855219,7.0,floor cleaner,TARGETING_EXPRESSION_PREDEFINED,254888731825287,0,2256,347929053068303,12,close-match,TARGETING_EXPRESSION_PREDEFINED,1,0,close-match,SPA-Hommies-Non selling SKU
62421034635980,0,floor cleaner,TARGETING_EXPRESSION_PREDEFINED,254888731825287,0,5,347929053068303,3,loose-match,TARGETING_EXPRESSION_PREDEFINED,0,0,loose-match,SPA-Hommies-Non selling SKU
111806358899003,112.32,floor cleaner,TARGETING_EXPRESSION_PREDEFINED,254888731825287,372.03,20466,347929053068303,12,substitutes,TARGETING_EXPRESSION_PREDEFINED,13,1,substitutes,SPA-Hommies-Non selling SKU
211382675850430,325.29,glass cleaner,TARGETING_EXPRESSION_PREDEFINED,254888731825287,825.42,11871,339357991452314,12,close-match,TARGETING_EXPRESSION_PREDEFINED,38,6,close-match,SPA-Hommies-Non selling SKU
62421962860417,0,glass cleaner,TARGETING_EXPRESSION_PREDEFINED,254888731825287,0,272,339357991452314,3,loose-match,TARGETING_EXPRESSION_PREDEFINED,0,0,loose-match,SPA-Hommies-Non selling SKU
34978731936860,557.69,glass cleaner,TARGETING_EXPRESSION_PREDEFINED,254888731825287,1236.48,15682,339357991452314,10.5,substitutes,TARGETING_EXPRESSION_PREDEFINED,70,9,substitutes,SPA-Hommies-Non selling SKU
259928771436653,24.8,dishwash,TARGETING_EXPRESSION_PREDEFINED,254888731825287,0,2858,353095324653889,9,close-match,TARGETING_EXPRESSION_PREDEFINED,3,0,close-match,SPA-Hommies-Non selling SKU
109160723267305,0,dishwash,TARGETING_EXPRESSION_PREDEFINED,254888731825287,0,43,353095324653889,3,loose-match,TARGETING_EXPRESSION_PREDEFINED,0,0,loose-match,SPA-Hommies-Non selling SKU
112257042756333,0,dishwash,TARGETING_EXPRESSION_PREDEFINED,254888731825287,0,1,353095324653889,1,complements,TARGETING_EXPRESSION_PREDEFINED,0,0,complements,SPA-Hommies-Non selling SKU
10074220346511,51.14,dishwash,TARGETING_EXPRESSION_PREDEFINED,254888731825287,546.61,1507,353095324653889,9,substitutes,TARGETING_EXPRESSION_PREDEFINED,6,1,substitutes,SPA-Hommies-Non selling SKU
16253679780465,92.83,Ad Group - 4/4/2026 15:19:40.845,TARGETING_EXPRESSION_PREDEFINED,73112425027996,0,2565,377545093946838,12,close-match,TARGETING_EXPRESSION_PREDEFINED,7,0,close-match,SPA-Non Selling Dishwash
173657084553185,0,Ad Group - 4/4/2026 15:19:40.845,TARGETING_EXPRESSION_PREDEFINED,73112425027996,0,17,377545093946838,3,loose-match,TARGETING_EXPRESSION_PREDEFINED,0,0,loose-match,SPA-Non Selling Dishwash
86646230899223,7.68,Ad Group - 4/4/2026 15:19:40.845,TARGETING_EXPRESSION_PREDEFINED,73112425027996,0,564,377545093946838,9,substitutes,TARGETING_EXPRESSION_PREDEFINED,1,0,substitutes,SPA-Non Selling Dishwash
173096562022846,115.29,Ad Group - 4/4/2026 15:17:20.499,TARGETING_EXPRESSION_PREDEFINED,31195746368660,0,2859,335805093123753,12,close-match,TARGETING_EXPRESSION_PREDEFINED,9,0,close-match,SPA-Non Selling Bathroom Cleaner
198932618295563,0,Ad Group - 4/4/2026 15:17:20.499,TARGETING_EXPRESSION_PREDEFINED,31195746368660,0,3,335805093123753,2,loose-match,TARGETING_EXPRESSION_PREDEFINED,0,0,loose-match,SPA-Non Selling Bathroom Cleaner
35146012074395,384.28,Ad Group - 4/4/2026 15:17:20.499,TARGETING_EXPRESSION_PREDEFINED,31195746368660,687.3,15796,335805093123753,12,substitutes,TARGETING_EXPRESSION_PREDEFINED,31,3,substitutes,SPA-Non Selling Bathroom Cleaner
44445719808846,12.41,Ad Group - 4/4/2026 15:15:35.744,TARGETING_EXPRESSION_PREDEFINED,176299667442030,0,187,466226641363849,12,close-match,TARGETING_EXPRESSION_PREDEFINED,1,0,close-match,SPA-Non Selling Handwash
109257263655508,0,Ad Group - 4/4/2026 15:15:35.744,TARGETING_EXPRESSION_PREDEFINED,176299667442030,0,74,466226641363849,2,loose-match,TARGETING_EXPRESSION_PREDEFINED,0,0,loose-match,SPA-Non Selling Handwash
191531680322607,11.62,Ad Group - 4/4/2026 15:15:35.744,TARGETING_EXPRESSION_PREDEFINED,176299667442030,0,2028,466226641363849,12,substitutes,TARGETING_EXPRESSION_PREDEFINED,2,0,substitutes,SPA-Non Selling Handwash
87443476382181,97.96,Ad Group - 28/10/2025 15:56:41.817,EXACT,559996026392825,0,1562,396121760421903,22,hand wash liquids,EXACT,4,0,hand wash liquids,SP-KT-Handwash
217580743444948,31.2,Ad Group - 28/10/2025 15:56:41.817,EXACT,559996026392825,0,165,396121760421903,26,hand wash,EXACT,1,0,hand wash,SP-KT-Handwash
208940706735543,68.88,Ad Group - 28/10/2025 15:56:41.817,EXACT,559996026392825,0,363,396121760421903,22,handwash 5 ltr,EXACT,3,0,handwash 5 ltr,SP-KT-Handwash
196501901047085,285.06,Ad Group - 29/9/2025 16:22:44.351,EXACT,382668512964887,0,1652,388760220039137,35,phenyl,EXACT,7,0,phenyl,SP-KT-Floor Cleaner-Multi Keywords
