source,position_in_search,asin,title,url,price,rating,sponsored,badge_detected,link_clickable,sponsored_hint_on_pdp,click_method
search_results,1.0,B0BQ3N5J3C,"Anveshan A2 Gir Cow Ghee Bilona Method 1Liter, Traditional Bilona Method, Cultured, Immunity Booster, Pure, Natural, Healthy, Fresh, Lactose And Gluten Free",https://amazon.in/sspa/click?ie=UTF8&spc=MToyMTM2ODMzODM4OTY4Njk6MTc3NDU0OTU4NDpzcF9hdGY6MzAwNzIyNzY3ODM4MjMyOjowOjo&url=%2FAnveshan-Traditional-Cultured-Immunity-Booster%2Fdp%2FB0BQ3N5J3C%2Fref%3Dsr_1_1_sspa%3Fdib%3DeyJ2IjoiMSJ9.vLk5VJE0bBte2CL7K9kV84O06K_psTb8_DcL4AEVlb1AdQ0Qyf7ps0Giu_NQ3ewm43nn77qAIlrE_8ctkP_vBershGEpJVTzzbvFDhOrWP0rPc6ZU7CAJfaTDj9fUzqepI-nLIVcwnYH9exhIQKBpxytio4wv4Tcq3Kz4uXwNSrzksxhNTdqp7219EeLp0CFYVvXH4IUVtZCjEvwRQyHjBZAM2cOHUFqZCFj1HwCmldjkkbKcNk1rLzLnA9WyM2RX8L5rZleXeNUtZUrQDUoK_aB4MdNd-GQVxylkXgPo94.qj-v0uMNqdWb-FaqdFFJC6aCzZdvZ_CxMgq1qCrJsRE%26dib_tag%3Dse%26keywords%3DCow%2Bghee%26qid%3D1774549584%26sr%3D8-1-spons%26aref%3D63bzq1fX15%26sp_csd%3Dd2lkZ2V0TmFtZT1zcF9hdGY%26psc%3D1&aref=63bzq1fX15&sp_cr=ZAZ,"₹1,784",4.3 out of 5 stars,True,Sponsored,True,,
search_results,2.0,B07C7LR59W,"Vedic Ghee Premium A2 Gir Cow Cultured Desi Ghee from Kesariya Farm | Vedic Bilona Two Way Churned | Indian Gir Cow Ghee, Pure A2 Ghee, Natural & Healthy, Non-GMO | Lab Certified (1L)",https://amazon.in/sspa/click?ie=UTF8&spc=MToyMTM2ODMzODM4OTY4Njk6MTc3NDU0OTU4NDpzcF9hdGY6MzAwOTQ3Mzg4Nzk3MDMyOjowOjo&url=%2FVedic-Ghee-Kesariya-Farm-1000ml%2Fdp%2FB07C7LR59W%2Fref%3Dsr_1_2_sspa%3Fdib%3DeyJ2IjoiMSJ9.vLk5VJE0bBte2CL7K9kV84O06K_psTb8_DcL4AEVlb1AdQ0Qyf7ps0Giu_NQ3ewm43nn77qAIlrE_8ctkP_vBershGEpJVTzzbvFDhOrWP0rPc6ZU7CAJfaTDj9fUzqepI-nLIVcwnYH9exhIQKBpxytio4wv4Tcq3Kz4uXwNSrzksxhNTdqp7219EeLp0CFYVvXH4IUVtZCjEvwRQyHjBZAM2cOHUFqZCFj1HwCmldjkkbKcNk1rLzLnA9WyM2RX8L5rZleXeNUtZUrQDUoK_aB4MdNd-GQVxylkXgPo94.qj-v0uMNqdWb-FaqdFFJC6aCzZdvZ_CxMgq1qCrJsRE%26dib_tag%3Dse%26keywords%3DCow%2Bghee%26qid%3D1774549584%26sr%3D8-2-spons%26aref%3DKUcaBdHoej%26sp_csd%3Dd2lkZ2V0TmFtZT1zcF9hdGY%26psc%3D1&aref=KUcaBdHoej&sp_cr=ZAZ,"₹2,049",4.1 out of 5 stars,True,Sponsored,True,,
search_results,3.0,B07VPZP4G1,"GirOrganic A2 Cow Ghee - Pure 1 Litre Glass Bottle Ghee | 100% Gir Cow Ghee | Vedic Bilona Method | Grassfed, Cultured, Premium & Traditional Ghee | Immunity Booster | Gopal Ratna Award Winner 2023",https://amazon.in/sspa/click?ie=UTF8&spc=MToyMTM2ODMzODM4OTY4Njk6MTc3NDU0OTU4NDpzcF9hdGY6MzAwMjc4OTg0NjYxMzMyOjowOjo&url=%2FGirOrganic-100-Pure-Bilona-Method%2Fdp%2FB07VPZP4G1%2Fref%3Dsr_1_3_sspa%3Fdib%3DeyJ2IjoiMSJ9.vLk5VJE0bBte2CL7K9kV84O06K_psTb8_DcL4AEVlb1AdQ0Qyf7ps0Giu_NQ3ewm43nn77qAIlrE_8ctkP_vBershGEpJVTzzbvFDhOrWP0rPc6ZU7CAJfaTDj9fUzqepI-nLIVcwnYH9exhIQKBpxytio4wv4Tcq3Kz4uXwNSrzksxhNTdqp7219EeLp0CFYVvXH4IUVtZCjEvwRQyHjBZAM2cOHUFqZCFj1HwCmldjkkbKcNk1rLzLnA9WyM2RX8L5rZleXeNUtZUrQDUoK_aB4MdNd-GQVxylkXgPo94.qj-v0uMNqdWb-FaqdFFJC6aCzZdvZ_CxMgq1qCrJsRE%26dib_tag%3Dse%26keywords%3DCow%2Bghee%26qid%3D1774549584%26sr%3D8-3-spons%26aref%3D2r5QzxBdxq%26sp_csd%3Dd2lkZ2V0TmFtZT1zcF9hdGY%26psc%3D1&aref=2r5QzxBdxq&sp_cr=ZAZ,"₹2,777",4.2 out of 5 stars,True,Sponsored,True,,
search_results,4.0,B0G6KNWXL4,"Love of India Desi Cow Ghee 1 Litre | Crafted using Traditional Indian Method | Danedar, Natural & Pure Cow Ghee | Ideal For Everyday Cooking & Puja",https://amazon.in/sspa/click?ie=UTF8&spc=MToyMTM2ODMzODM4OTY4Njk6MTc3NDU0OTU4NDpzcF9hdGY6MzAwODcxMDYxMzg0MjMyOjowOjo&url=%2FCrafted-Traditional-Danedar-Natural-Everyday%2Fdp%2FB0G6KNWXL4%2Fref%3Dsr_1_4_sspa%3Fdib%3DeyJ2IjoiMSJ9.vLk5VJE0bBte2CL7K9kV84O06K_psTb8_DcL4AEVlb1AdQ0Qyf7ps0Giu_NQ3ewm43nn77qAIlrE_8ctkP_vBershGEpJVTzzbvFDhOrWP0rPc6ZU7CAJfaTDj9fUzqepI-nLIVcwnYH9exhIQKBpxytio4wv4Tcq3Kz4uXwNSrzksxhNTdqp7219EeLp0CFYVvXH4IUVtZCjEvwRQyHjBZAM2cOHUFqZCFj1HwCmldjkkbKcNk1rLzLnA9WyM2RX8L5rZleXeNUtZUrQDUoK_aB4MdNd-GQVxylkXgPo94.qj-v0uMNqdWb-FaqdFFJC6aCzZdvZ_CxMgq1qCrJsRE%26dib_tag%3Dse%26keywords%3DCow%2Bghee%26qid%3D1774549584%26sr%3D8-4-spons%26aref%3DqGYA8MecNS%26sp_csd%3Dd2lkZ2V0TmFtZT1zcF9hdGY%26psc%3D1&aref=qGYA8MecNS&sp_cr=ZAZ,₹899,4.4 out of 5 stars,True,Sponsored,True,,
search_results,5.0,B07D3CXH7H,"Aashirvaad Pure Cow Ghee, Tetrapack, Rich Aroma, 1L",https://amazon.in/Aashirvaad-Svasti-Ghee-1L/dp/B07D3CXH7H/ref=sr_1_5_in_f3_0o_fs_mod_primary_alm?dib=eyJ2IjoiMSJ9.vLk5VJE0bBte2CL7K9kV84O06K_psTb8_DcL4AEVlb1AdQ0Qyf7ps0Giu_NQ3ewm43nn77qAIlrE_8ctkP_vBershGEpJVTzzbvFDhOrWP0rPc6ZU7CAJfaTDj9fUzqepI-nLIVcwnYH9exhIQKBpxytio4wv4Tcq3Kz4uXwNSrzksxhNTdqp7219EeLp0CFYVvXH4IUVtZCjEvwRQyHjBZAM2cOHUFqZCFj1HwCmldjkkbKcNk1rLzLnA9WyM2RX8L5rZleXeNUtZUrQDUoK_aB4MdNd-GQVxylkXgPo94.qj-v0uMNqdWb-FaqdFFJC6aCzZdvZ_CxMgq1qCrJsRE&dib_tag=se&keywords=Cow+ghee&qid=1774549584&sbo=m6DjfpMzMLDmL8pSMKX8hw%3D%3D&sr=8-5,₹710,4.2 out of 5 stars,False,,True,,
search_results,6.0,B098M9WFCB,Baidyanath Asli Ayurved Cow Desi Ghee - 1 Litre,https://amazon.in/Baidyanath-Digestion-Immunity-Naturally-Improves/dp/B098M9WFCB/ref=sr_1_6?dib=eyJ2IjoiMSJ9.vLk5VJE0bBte2CL7K9kV84O06K_psTb8_DcL4AEVlb1AdQ0Qyf7ps0Giu_NQ3ewm43nn77qAIlrE_8ctkP_vBershGEpJVTzzbvFDhOrWP0rPc6ZU7CAJfaTDj9fUzqepI-nLIVcwnYH9exhIQKBpxytio4wv4Tcq3Kz4uXwNSrzksxhNTdqp7219EeLp0CFYVvXH4IUVtZCjEvwRQyHjBZAM2cOHUFqZCFj1HwCmldjkkbKcNk1rLzLnA9WyM2RX8L5rZleXeNUtZUrQDUoK_aB4MdNd-GQVxylkXgPo94.qj-v0uMNqdWb-FaqdFFJC6aCzZdvZ_CxMgq1qCrJsRE&dib_tag=se&keywords=Cow+ghee&qid=1774549584&sr=8-6,₹565,3.7 out of 5 stars,False,,True,,
search_results,7.0,B01DKPA876,"Patanjali Cow's Ghee, 1L(1 kg)",https://amazon.in/Patanjali-Cows-Ghee-1L/dp/B01DKPA876/ref=sr_1_7_in_f3_0o_fs_mod_primary_alm?dib=eyJ2IjoiMSJ9.vLk5VJE0bBte2CL7K9kV84O06K_psTb8_DcL4AEVlb1AdQ0Qyf7ps0Giu_NQ3ewm43nn77qAIlrE_8ctkP_vBershGEpJVTzzbvFDhOrWP0rPc6ZU7CAJfaTDj9fUzqepI-nLIVcwnYH9exhIQKBpxytio4wv4Tcq3Kz4uXwNSrzksxhNTdqp7219EeLp0CFYVvXH4IUVtZCjEvwRQyHjBZAM2cOHUFqZCFj1HwCmldjkkbKcNk1rLzLnA9WyM2RX8L5rZleXeNUtZUrQDUoK_aB4MdNd-GQVxylkXgPo94.qj-v0uMNqdWb-FaqdFFJC6aCzZdvZ_CxMgq1qCrJsRE&dib_tag=se&keywords=Cow+ghee&qid=1774549584&sbo=m6DjfpMzMLDmL8pSMKX8hw%3D%3D&sr=8-7,₹800,4.3 out of 5 stars,False,,True,,
search_results,8.0,B0F8V79HCJ,BRIJ GWALA Desi Cow Ghee |Made Traditionally From Curd |Pure Cow Ghee for Better Digestion and Immunity |-1 ltr jar-1,https://amazon.in/BRIJ-GWALA-Traditionally-Digestion-Immunity/dp/B0F8V79HCJ/ref=sr_1_8?dib=eyJ2IjoiMSJ9.vLk5VJE0bBte2CL7K9kV84O06K_psTb8_DcL4AEVlb1AdQ0Qyf7ps0Giu_NQ3ewm43nn77qAIlrE_8ctkP_vBershGEpJVTzzbvFDhOrWP0rPc6ZU7CAJfaTDj9fUzqepI-nLIVcwnYH9exhIQKBpxytio4wv4Tcq3Kz4uXwNSrzksxhNTdqp7219EeLp0CFYVvXH4IUVtZCjEvwRQyHjBZAM2cOHUFqZCFj1HwCmldjkkbKcNk1rLzLnA9WyM2RX8L5rZleXeNUtZUrQDUoK_aB4MdNd-GQVxylkXgPo94.qj-v0uMNqdWb-FaqdFFJC6aCzZdvZ_CxMgq1qCrJsRE&dib_tag=se&keywords=Cow+ghee&qid=1774549584&sr=8-8,₹409,3.1 out of 5 stars,False,,True,,
search_results,9.0,B009FV7VOS,"A TATA Product - Organic India Pure Cow Ghee, 500ml, Lab Tested on 600+ Parameters, Certified Organic, Glass Bottle, Sourced from Organically Fed Cows, Authentic Taste, Rich in Healthy Fat",https://amazon.in/TATA-Product-Parameters-Certified-Organically/dp/B009FV7VOS/ref=sr_1_9_in_f3_0o_fs_mod_primary_alm?dib=eyJ2IjoiMSJ9.vLk5VJE0bBte2CL7K9kV84O06K_psTb8_DcL4AEVlb1AdQ0Qyf7ps0Giu_NQ3ewm43nn77qAIlrE_8ctkP_vBershGEpJVTzzbvFDhOrWP0rPc6ZU7CAJfaTDj9fUzqepI-nLIVcwnYH9exhIQKBpxytio4wv4Tcq3Kz4uXwNSrzksxhNTdqp7219EeLp0CFYVvXH4IUVtZCjEvwRQyHjBZAM2cOHUFqZCFj1HwCmldjkkbKcNk1rLzLnA9WyM2RX8L5rZleXeNUtZUrQDUoK_aB4MdNd-GQVxylkXgPo94.qj-v0uMNqdWb-FaqdFFJC6aCzZdvZ_CxMgq1qCrJsRE&dib_tag=se&keywords=Cow+ghee&qid=1774549584&sbo=m6DjfpMzMLDmL8pSMKX8hw%3D%3D&sr=8-9,₹599,4.1 out of 5 stars,False,,True,,
search_results,10.0,B08KJG9VLJ,"Anveshan A2 Cow Ghee 1 Litre | Traditionally Bilona-Churned, Danedar Ghee | Aromatic| NABL Lab Tested (70+ tests), Cruelty-Free | Grass-Fed | Glass Jar",https://amazon.in/Anveshan-Curd-Churned-Natural-Healthy-Tested/dp/B08KJG9VLJ/ref=sr_1_10_in_f3_0o_fs_mod_primary_alm?dib=eyJ2IjoiMSJ9.vLk5VJE0bBte2CL7K9kV84O06K_psTb8_DcL4AEVlb1AdQ0Qyf7ps0Giu_NQ3ewm43nn77qAIlrE_8ctkP_vBershGEpJVTzzbvFDhOrWP0rPc6ZU7CAJfaTDj9fUzqepI-nLIVcwnYH9exhIQKBpxytio4wv4Tcq3Kz4uXwNSrzksxhNTdqp7219EeLp0CFYVvXH4IUVtZCjEvwRQyHjBZAM2cOHUFqZCFj1HwCmldjkkbKcNk1rLzLnA9WyM2RX8L5rZleXeNUtZUrQDUoK_aB4MdNd-GQVxylkXgPo94.qj-v0uMNqdWb-FaqdFFJC6aCzZdvZ_CxMgq1qCrJsRE&dib_tag=se&keywords=Cow+ghee&qid=1774549584&sbo=m6DjfpMzMLDmL8pSMKX8hw%3D%3D&sr=8-10,"₹1,524",4.2 out of 5 stars,False,,True,,
search_results,11.0,B08V9Y4Y25,Dabur 100% Pure Cow Ghee – 1000 ml | Daanedaar with Rich Aroma | Rich in Vitamin A | Provides Energy/Source of Energy,https://amazon.in/Dabur-100-Pure-Cow-Ghee/dp/B08V9Y4Y25/ref=sr_1_11?dib=eyJ2IjoiMSJ9.vLk5VJE0bBte2CL7K9kV84O06K_psTb8_DcL4AEVlb1AdQ0Qyf7ps0Giu_NQ3ewm43nn77qAIlrE_8ctkP_vBershGEpJVTzzbvFDhOrWP0rPc6ZU7CAJfaTDj9fUzqepI-nLIVcwnYH9exhIQKBpxytio4wv4Tcq3Kz4uXwNSrzksxhNTdqp7219EeLp0CFYVvXH4IUVtZCjEvwRQyHjBZAM2cOHUFqZCFj1HwCmldjkkbKcNk1rLzLnA9WyM2RX8L5rZleXeNUtZUrQDUoK_aB4MdNd-GQVxylkXgPo94.qj-v0uMNqdWb-FaqdFFJC6aCzZdvZ_CxMgq1qCrJsRE&dib_tag=se&keywords=Cow+ghee&qid=1774549584&sr=8-11,₹627,4.2 out of 5 stars,False,,True,,
search_results,12.0,B0G6KNWXL4,"Love of India Desi Cow Ghee 1 Litre | Crafted using Traditional Indian Method | Danedar, Natural & Pure Cow Ghee | Ideal For Everyday Cooking & Puja",https://amazon.in/Crafted-Traditional-Danedar-Natural-Everyday/dp/B0G6KNWXL4/ref=sr_1_12?dib=eyJ2IjoiMSJ9.vLk5VJE0bBte2CL7K9kV84O06K_psTb8_DcL4AEVlb1AdQ0Qyf7ps0Giu_NQ3ewm43nn77qAIlrE_8ctkP_vBershGEpJVTzzbvFDhOrWP0rPc6ZU7CAJfaTDj9fUzqepI-nLIVcwnYH9exhIQKBpxytio4wv4Tcq3Kz4uXwNSrzksxhNTdqp7219EeLp0CFYVvXH4IUVtZCjEvwRQyHjBZAM2cOHUFqZCFj1HwCmldjkkbKcNk1rLzLnA9WyM2RX8L5rZleXeNUtZUrQDUoK_aB4MdNd-GQVxylkXgPo94.qj-v0uMNqdWb-FaqdFFJC6aCzZdvZ_CxMgq1qCrJsRE&dib_tag=se&keywords=Cow+ghee&qid=1774549584&sr=8-12,₹899,4.4 out of 5 stars,True,Sponsored,True,,
search_results,13.0,B08SRCHGLY,"Mother Dairy Cow ghee Pack, 1 Liter",https://amazon.in/MOTHER-DAIRY-GHEE-CEKA-Pack/dp/B08SRCHGLY/ref=sr_1_13?dib=eyJ2IjoiMSJ9.vLk5VJE0bBte2CL7K9kV84O06K_psTb8_DcL4AEVlb1AdQ0Qyf7ps0Giu_NQ3ewm43nn77qAIlrE_8ctkP_vBershGEpJVTzzbvFDhOrWP0rPc6ZU7CAJfaTDj9fUzqepI-nLIVcwnYH9exhIQKBpxytio4wv4Tcq3Kz4uXwNSrzksxhNTdqp7219EeLp0CFYVvXH4IUVtZCjEvwRQyHjBZAM2cOHUFqZCFj1HwCmldjkkbKcNk1rLzLnA9WyM2RX8L5rZleXeNUtZUrQDUoK_aB4MdNd-GQVxylkXgPo94.qj-v0uMNqdWb-FaqdFFJC6aCzZdvZ_CxMgq1qCrJsRE&dib_tag=se&keywords=Cow+ghee&qid=1774549584&sr=8-13,₹685,4.2 out of 5 stars,False,,True,,
search_results,14.0,B0CP7M2RW6,"SATVIK PURE GHEE A2 Gir Cow Ghee 1 Litre Churned From Vedic Bilona Method Bilona Ghee A2 Cow Desi Ghee 1 Litre,1.49 Kilograms",https://amazon.in/SATVIK-PURE-GHEE-Churned-Bilona/dp/B0CP7M2RW6/ref=sr_1_14?dib=eyJ2IjoiMSJ9.vLk5VJE0bBte2CL7K9kV84O06K_psTb8_DcL4AEVlb1AdQ0Qyf7ps0Giu_NQ3ewm43nn77qAIlrE_8ctkP_vBershGEpJVTzzbvFDhOrWP0rPc6ZU7CAJfaTDj9fUzqepI-nLIVcwnYH9exhIQKBpxytio4wv4Tcq3Kz4uXwNSrzksxhNTdqp7219EeLp0CFYVvXH4IUVtZCjEvwRQyHjBZAM2cOHUFqZCFj1HwCmldjkkbKcNk1rLzLnA9WyM2RX8L5rZleXeNUtZUrQDUoK_aB4MdNd-GQVxylkXgPo94.qj-v0uMNqdWb-FaqdFFJC6aCzZdvZ_CxMgq1qCrJsRE&dib_tag=se&keywords=Cow+ghee&qid=1774549584&sr=8-14,"₹1,299",4.2 out of 5 stars,False,,True,,
search_results,15.0,B07WCTFG7N,BRIJ GWALA Desi Cow Ghee |Made Traditionally From Curd | Cow Ghee For Better Digestion And Immunity | 1 Ltr-1,https://amazon.in/Traditionally-Better-Digestion-Immunity-TetraPack/dp/B07WCTFG7N/ref=sr_1_15?dib=eyJ2IjoiMSJ9.vLk5VJE0bBte2CL7K9kV84O06K_psTb8_DcL4AEVlb1AdQ0Qyf7ps0Giu_NQ3ewm43nn77qAIlrE_8ctkP_vBershGEpJVTzzbvFDhOrWP0rPc6ZU7CAJfaTDj9fUzqepI-nLIVcwnYH9exhIQKBpxytio4wv4Tcq3Kz4uXwNSrzksxhNTdqp7219EeLp0CFYVvXH4IUVtZCjEvwRQyHjBZAM2cOHUFqZCFj1HwCmldjkkbKcNk1rLzLnA9WyM2RX8L5rZleXeNUtZUrQDUoK_aB4MdNd-GQVxylkXgPo94.qj-v0uMNqdWb-FaqdFFJC6aCzZdvZ_CxMgq1qCrJsRE&dib_tag=se&keywords=Cow+ghee&qid=1774549584&sr=8-15,₹409,3.3 out of 5 stars,False,,True,,
search_results,16.0,B085DZWQ9K,"Anveshan A2 Gir Cow Desi Ghee 500ML | Bilona Method | Curd-Churned & Cultured | Pure, Natural & Danedar | Lactose-Free, Gluten-Free | Grass-Fed | Lab Tested | Traditional Desi Ghee",https://amazon.in/Anveshan-Curd-Churned-Lactose-Free-Gluten-Free-Traditional/dp/B085DZWQ9K/ref=sr_1_16_in_f3_0o_fs_mod_primary_alm?dib=eyJ2IjoiMSJ9.vLk5VJE0bBte2CL7K9kV84O06K_psTb8_DcL4AEVlb1AdQ0Qyf7ps0Giu_NQ3ewm43nn77qAIlrE_8ctkP_vBershGEpJVTzzbvFDhOrWP0rPc6ZU7CAJfaTDj9fUzqepI-nLIVcwnYH9exhIQKBpxytio4wv4Tcq3Kz4uXwNSrzksxhNTdqp7219EeLp0CFYVvXH4IUVtZCjEvwRQyHjBZAM2cOHUFqZCFj1HwCmldjkkbKcNk1rLzLnA9WyM2RX8L5rZleXeNUtZUrQDUoK_aB4MdNd-GQVxylkXgPo94.qj-v0uMNqdWb-FaqdFFJC6aCzZdvZ_CxMgq1qCrJsRE&dib_tag=se&keywords=Cow+ghee&qid=1774549584&sbo=m6DjfpMzMLDmL8pSMKX8hw%3D%3D&sr=8-16,₹799,4.3 out of 5 stars,False,,True,,
search_results,17.0,B07SNRM6VP,Amazon Brand - Vedaka Cow Ghee | 1 L Jar | Rich Aroma,https://amazon.in/Amazon-Brand-Enhances-Preservatives-Artifical/dp/B07SNRM6VP/ref=sr_1_17_in_f3_0o_fs_mod_primary_alm?dib=eyJ2IjoiMSJ9.vLk5VJE0bBte2CL7K9kV84O06K_psTb8_DcL4AEVlb1AdQ0Qyf7ps0Giu_NQ3ewm43nn77qAIlrE_8ctkP_vBershGEpJVTzzbvFDhOrWP0rPc6ZU7CAJfaTDj9fUzqepI-nLIVcwnYH9exhIQKBpxytio4wv4Tcq3Kz4uXwNSrzksxhNTdqp7219EeLp0CFYVvXH4IUVtZCjEvwRQyHjBZAM2cOHUFqZCFj1HwCmldjkkbKcNk1rLzLnA9WyM2RX8L5rZleXeNUtZUrQDUoK_aB4MdNd-GQVxylkXgPo94.qj-v0uMNqdWb-FaqdFFJC6aCzZdvZ_CxMgq1qCrJsRE&dib_tag=se&keywords=Cow+ghee&qid=1774549584&sbo=m6DjfpMzMLDmL8pSMKX8hw%3D%3D&sr=8-17,₹729,4.0 out of 5 stars,False,,True,,
search_results,18.0,B075754F8H,"Nandini Pure Cow Ghee, 1 Litre (Pouch)",https://amazon.in/Nandini-Pure-Ghee-1L-Pouch/dp/B075754F8H/ref=sr_1_18?dib=eyJ2IjoiMSJ9.vLk5VJE0bBte2CL7K9kV84O06K_psTb8_DcL4AEVlb1AdQ0Qyf7ps0Giu_NQ3ewm43nn77qAIlrE_8ctkP_vBershGEpJVTzzbvFDhOrWP0rPc6ZU7CAJfaTDj9fUzqepI-nLIVcwnYH9exhIQKBpxytio4wv4Tcq3Kz4uXwNSrzksxhNTdqp7219EeLp0CFYVvXH4IUVtZCjEvwRQyHjBZAM2cOHUFqZCFj1HwCmldjkkbKcNk1rLzLnA9WyM2RX8L5rZleXeNUtZUrQDUoK_aB4MdNd-GQVxylkXgPo94.qj-v0uMNqdWb-FaqdFFJC6aCzZdvZ_CxMgq1qCrJsRE&dib_tag=se&keywords=Cow+ghee&qid=1774549584&sr=8-18,,4.5 out of 5 stars,False,,True,,
search_results,19.0,B0CY4NHFNP,"Go Fresho A2 Gir Cow ghee | Vedic Bilona Method | Pure, Natural & Healthy | 1000 ml Glass Bottle",https://amazon.in/Go-Fresho-Bilona-Natural-Healthy/dp/B0CY4NHFNP/ref=sr_1_19?dib=eyJ2IjoiMSJ9.vLk5VJE0bBte2CL7K9kV84O06K_psTb8_DcL4AEVlb1AdQ0Qyf7ps0Giu_NQ3ewm43nn77qAIlrE_8ctkP_vBershGEpJVTzzbvFDhOrWP0rPc6ZU7CAJfaTDj9fUzqepI-nLIVcwnYH9exhIQKBpxytio4wv4Tcq3Kz4uXwNSrzksxhNTdqp7219EeLp0CFYVvXH4IUVtZCjEvwRQyHjBZAM2cOHUFqZCFj1HwCmldjkkbKcNk1rLzLnA9WyM2RX8L5rZleXeNUtZUrQDUoK_aB4MdNd-GQVxylkXgPo94.qj-v0uMNqdWb-FaqdFFJC6aCzZdvZ_CxMgq1qCrJsRE&dib_tag=se&keywords=Cow+ghee&qid=1774549584&sr=8-19,₹939,4.6 out of 5 stars,False,,True,,
search_results,20.0,B01GRH8VIW,"Aashirvaad Pure Cow Ghee, PET Jar, Rich Aroma, 200ml",https://amazon.in/Aashirvaad-Svasti-Ghee-Pet-200ml/dp/B01GRH8VIW/ref=sr_1_20_in_f3_0o_fs?dib=eyJ2IjoiMSJ9.vLk5VJE0bBte2CL7K9kV84O06K_psTb8_DcL4AEVlb1AdQ0Qyf7ps0Giu_NQ3ewm43nn77qAIlrE_8ctkP_vBershGEpJVTzzbvFDhOrWP0rPc6ZU7CAJfaTDj9fUzqepI-nLIVcwnYH9exhIQKBpxytio4wv4Tcq3Kz4uXwNSrzksxhNTdqp7219EeLp0CFYVvXH4IUVtZCjEvwRQyHjBZAM2cOHUFqZCFj1HwCmldjkkbKcNk1rLzLnA9WyM2RX8L5rZleXeNUtZUrQDUoK_aB4MdNd-GQVxylkXgPo94.qj-v0uMNqdWb-FaqdFFJC6aCzZdvZ_CxMgq1qCrJsRE&dib_tag=se&keywords=Cow+ghee&qid=1774549584&sr=8-20,₹195,4.3 out of 5 stars,False,,True,,
search_results,21.0,B0BLW427G7,"ROSIER A2 Gir Cow Ghee (1 litre) | Traditional Bilona Method A2 Gir Cow Ghee | Grassfed, Pure and Healthy Desi Cow Ghee (Glass Bottle - 1000 ML)",https://amazon.in/sspa/click?ie=UTF8&spc=MToyMTM2ODMzODM4OTY4Njk6MTc3NDU0OTU4NDpzcF9tdGY6MzAwNjY1MjcxOTI2MTMyOjowOjo&url=%2FROSIER-Traditional-Bilona-Grassfed-Healthy%2Fdp%2FB0BLW427G7%2Fref%3Dsr_1_21_sspa%3Fdib%3DeyJ2IjoiMSJ9.vLk5VJE0bBte2CL7K9kV84O06K_psTb8_DcL4AEVlb1AdQ0Qyf7ps0Giu_NQ3ewm43nn77qAIlrE_8ctkP_vBershGEpJVTzzbvFDhOrWP0rPc6ZU7CAJfaTDj9fUzqepI-nLIVcwnYH9exhIQKBpxytio4wv4Tcq3Kz4uXwNSrzksxhNTdqp7219EeLp0CFYVvXH4IUVtZCjEvwRQyHjBZAM2cOHUFqZCFj1HwCmldjkkbKcNk1rLzLnA9WyM2RX8L5rZleXeNUtZUrQDUoK_aB4MdNd-GQVxylkXgPo94.qj-v0uMNqdWb-FaqdFFJC6aCzZdvZ_CxMgq1qCrJsRE%26dib_tag%3Dse%26keywords%3DCow%2Bghee%26qid%3D1774549584%26sr%3D8-21-spons%26aref%3DQGJG8rmBON%26sp_csd%3Dd2lkZ2V0TmFtZT1zcF9tdGY%26psc%3D1&aref=QGJG8rmBON&sp_cr=ZAZ,"₹2,049",4.2 out of 5 stars,True,Sponsored,True,,
search_results,22.0,B0995W3NKC,"GIRORGANIC A2 Pure Ghee|100% Gir Cow Ghee|Vedic Bilona Method|500 Ml Glass Bottle|Grassfed, Cultured, Premium & Traditional Ghee|Immunity Booster (500 Ml Combo- 2 Piece)|Gopal Ratna Award Winner 2023",https://amazon.in/sspa/click?ie=UTF8&spc=MToyMTM2ODMzODM4OTY4Njk6MTc3NDU0OTU4NDpzcF9tdGY6MzAwODg3MTU5NTE5NTMyOjowOjo&url=%2FGirOrganic-Grassfed-Cultured-Traditional-Immunity%2Fdp%2FB0995W3NKC%2Fref%3Dsr_1_22_sspa%3Fdib%3DeyJ2IjoiMSJ9.vLk5VJE0bBte2CL7K9kV84O06K_psTb8_DcL4AEVlb1AdQ0Qyf7ps0Giu_NQ3ewm43nn77qAIlrE_8ctkP_vBershGEpJVTzzbvFDhOrWP0rPc6ZU7CAJfaTDj9fUzqepI-nLIVcwnYH9exhIQKBpxytio4wv4Tcq3Kz4uXwNSrzksxhNTdqp7219EeLp0CFYVvXH4IUVtZCjEvwRQyHjBZAM2cOHUFqZCFj1HwCmldjkkbKcNk1rLzLnA9WyM2RX8L5rZleXeNUtZUrQDUoK_aB4MdNd-GQVxylkXgPo94.qj-v0uMNqdWb-FaqdFFJC6aCzZdvZ_CxMgq1qCrJsRE%26dib_tag%3Dse%26keywords%3DCow%2Bghee%26qid%3D1774549584%26sr%3D8-22-spons%26aref%3DZ6Vi1w4sEH%26sp_csd%3Dd2lkZ2V0TmFtZT1zcF9tdGY%26psc%3D1&aref=Z6Vi1w4sEH&sp_cr=ZAZ,"₹2,849",4.4 out of 5 stars,True,Sponsored,True,,
search_results,23.0,B089QVTYYV,"Jiva Gir Desi Cow A2 Ghee 1 L | Made With A2 Milk From Gir Cows Using Bilona Churning Process | Excellent source of OMEGA 3, OMEGA 6, Vitamins B2, B12 (Pack of 1)",https://amazon.in/sspa/click?ie=UTF8&spc=MToyMTM2ODMzODM4OTY4Njk6MTc3NDU0OTU4NDpzcF9tdGY6MzAwMzI0NjEyOTI3MzMyOjowOjo&url=%2FJiva-Churning-Process-Excellent-Vitamins%2Fdp%2FB089QVTYYV%2Fref%3Dsr_1_23_sspa%3Fdib%3DeyJ2IjoiMSJ9.vLk5VJE0bBte2CL7K9kV84O06K_psTb8_DcL4AEVlb1AdQ0Qyf7ps0Giu_NQ3ewm43nn77qAIlrE_8ctkP_vBershGEpJVTzzbvFDhOrWP0rPc6ZU7CAJfaTDj9fUzqepI-nLIVcwnYH9exhIQKBpxytio4wv4Tcq3Kz4uXwNSrzksxhNTdqp7219EeLp0CFYVvXH4IUVtZCjEvwRQyHjBZAM2cOHUFqZCFj1HwCmldjkkbKcNk1rLzLnA9WyM2RX8L5rZleXeNUtZUrQDUoK_aB4MdNd-GQVxylkXgPo94.qj-v0uMNqdWb-FaqdFFJC6aCzZdvZ_CxMgq1qCrJsRE%26dib_tag%3Dse%26keywords%3DCow%2Bghee%26qid%3D1774549584%26sr%3D8-23-spons%26aref%3Df5SsVZv4eq%26sp_csd%3Dd2lkZ2V0TmFtZT1zcF9tdGY%26psc%3D1&aref=f5SsVZv4eq&sp_cr=ZAZ,"₹1,799",4.1 out of 5 stars,True,Sponsored,True,,
search_results,24.0,B0G5H56RGQ,"Brahmadesam A2 Cow Ghee Bilona Method 500 Ml | Pure and Natural Desi Cow Ghee with Traditional and Vedic Hand Churned Ghee Method | Ghee for Cooking and Daily Nutrition, Glass Jar",https://amazon.in/sspa/click?ie=UTF8&spc=MToyMTM2ODMzODM4OTY4Njk6MTc3NDU0OTU4NDpzcF9tdGY6MzAwOTc0MTM5MjM0ODMyOjowOjo&url=%2FBrahmadesam-Natural-Traditional-Churned-Nutrition%2Fdp%2FB0G5H56RGQ%2Fref%3Dsr_1_24_sspa%3Fdib%3DeyJ2IjoiMSJ9.vLk5VJE0bBte2CL7K9kV84O06K_psTb8_DcL4AEVlb1AdQ0Qyf7ps0Giu_NQ3ewm43nn77qAIlrE_8ctkP_vBershGEpJVTzzbvFDhOrWP0rPc6ZU7CAJfaTDj9fUzqepI-nLIVcwnYH9exhIQKBpxytio4wv4Tcq3Kz4uXwNSrzksxhNTdqp7219EeLp0CFYVvXH4IUVtZCjEvwRQyHjBZAM2cOHUFqZCFj1HwCmldjkkbKcNk1rLzLnA9WyM2RX8L5rZleXeNUtZUrQDUoK_aB4MdNd-GQVxylkXgPo94.qj-v0uMNqdWb-FaqdFFJC6aCzZdvZ_CxMgq1qCrJsRE%26dib_tag%3Dse%26keywords%3DCow%2Bghee%26qid%3D1774549584%26sr%3D8-24-spons%26aref%3DXsbHeaMvVT%26sp_csd%3Dd2lkZ2V0TmFtZT1zcF9tdGY%26psc%3D1&aref=XsbHeaMvVT&sp_cr=ZAZ,₹829,4.3 out of 5 stars,True,Sponsored,True,,
search_results,25.0,B0BLSNB96M,"ROSIER A2 Gir Cow Ghee (500 ml) | Traditional Bilona Method A2 Cow Ghee | Grassfed, Pure and Healthy Desi Cow Ghee (Glass Bottle - 500 ML)",https://amazon.in/ROSIER-Traditional-Bilona-Grassfed-Healthy/dp/B0BLSNB96M/ref=sr_1_25?dib=eyJ2IjoiMSJ9.vLk5VJE0bBte2CL7K9kV84O06K_psTb8_DcL4AEVlb1AdQ0Qyf7ps0Giu_NQ3ewm43nn77qAIlrE_8ctkP_vBershGEpJVTzzbvFDhOrWP0rPc6ZU7CAJfaTDj9fUzqepI-nLIVcwnYH9exhIQKBpxytio4wv4Tcq3Kz4uXwNSrzksxhNTdqp7219EeLp0CFYVvXH4IUVtZCjEvwRQyHjBZAM2cOHUFqZCFj1HwCmldjkkbKcNk1rLzLnA9WyM2RX8L5rZleXeNUtZUrQDUoK_aB4MdNd-GQVxylkXgPo94.qj-v0uMNqdWb-FaqdFFJC6aCzZdvZ_CxMgq1qCrJsRE&dib_tag=se&keywords=Cow+ghee&qid=1774549584&sr=8-25,"₹1,099",4.2 out of 5 stars,False,,True,,
search_results,26.0,B0DGGDTR16,"BAROSI [Premium Desi Cow Ghee 1 Litre] Danedar Ghee | Grass-Fed | Rich In Good Fats And Antioxidants | Immunity Booster | Easy To Digest | Natural, Healthy & Pure Cow Ghee (Glass Bottle 1000 ml)",https://amazon.in/Barosi-Premium-Danedar-Texture-Antioxidants/dp/B0DGGDTR16/ref=sr_1_26?dib=eyJ2IjoiMSJ9.vLk5VJE0bBte2CL7K9kV84O06K_psTb8_DcL4AEVlb1AdQ0Qyf7ps0Giu_NQ3ewm43nn77qAIlrE_8ctkP_vBershGEpJVTzzbvFDhOrWP0rPc6ZU7CAJfaTDj9fUzqepI-nLIVcwnYH9exhIQKBpxytio4wv4Tcq3Kz4uXwNSrzksxhNTdqp7219EeLp0CFYVvXH4IUVtZCjEvwRQyHjBZAM2cOHUFqZCFj1HwCmldjkkbKcNk1rLzLnA9WyM2RX8L5rZleXeNUtZUrQDUoK_aB4MdNd-GQVxylkXgPo94.qj-v0uMNqdWb-FaqdFFJC6aCzZdvZ_CxMgq1qCrJsRE&dib_tag=se&keywords=Cow+ghee&qid=1774549584&sr=8-26,₹930,4.1 out of 5 stars,False,,True,,
search_results,27.0,B00ZRGQYRA,"Heritage Cow Ghee, 1Liter Pouch",https://amazon.in/Heritage-Cow-Ghee-1L-Pouch/dp/B00ZRGQYRA/ref=sr_1_27?dib=eyJ2IjoiMSJ9.vLk5VJE0bBte2CL7K9kV84O06K_psTb8_DcL4AEVlb1AdQ0Qyf7ps0Giu_NQ3ewm43nn77qAIlrE_8ctkP_vBershGEpJVTzzbvFDhOrWP0rPc6ZU7CAJfaTDj9fUzqepI-nLIVcwnYH9exhIQKBpxytio4wv4Tcq3Kz4uXwNSrzksxhNTdqp7219EeLp0CFYVvXH4IUVtZCjEvwRQyHjBZAM2cOHUFqZCFj1HwCmldjkkbKcNk1rLzLnA9WyM2RX8L5rZleXeNUtZUrQDUoK_aB4MdNd-GQVxylkXgPo94.qj-v0uMNqdWb-FaqdFFJC6aCzZdvZ_CxMgq1qCrJsRE&dib_tag=se&keywords=Cow+ghee&qid=1774549584&sr=8-27,,4.5 out of 5 stars,False,,True,,
search_results,28.0,B00R65DU54,"Gits Cow Ghee 200 ml Jar | Pack of 1 | Aroma in every drop |Pure Veg, Pure Cow Ghee, Desi Ghee, No preservatives | Rich Taste & Aroma | Good source of Vitamin A, Delicious, Healthy & Nutritious | Good for Digestion, Heart, Skin and Hair | Homemade taste",https://amazon.in/Gits-Pure-Cow-Ghee-200ml/dp/B00R65DU54/ref=sr_1_28_in_f3_0o_fs_mod_primary_alm?dib=eyJ2IjoiMSJ9.vLk5VJE0bBte2CL7K9kV84O06K_psTb8_DcL4AEVlb1AdQ0Qyf7ps0Giu_NQ3ewm43nn77qAIlrE_8ctkP_vBershGEpJVTzzbvFDhOrWP0rPc6ZU7CAJfaTDj9fUzqepI-nLIVcwnYH9exhIQKBpxytio4wv4Tcq3Kz4uXwNSrzksxhNTdqp7219EeLp0CFYVvXH4IUVtZCjEvwRQyHjBZAM2cOHUFqZCFj1HwCmldjkkbKcNk1rLzLnA9WyM2RX8L5rZleXeNUtZUrQDUoK_aB4MdNd-GQVxylkXgPo94.qj-v0uMNqdWb-FaqdFFJC6aCzZdvZ_CxMgq1qCrJsRE&dib_tag=se&keywords=Cow+ghee&qid=1774549584&sbo=m6DjfpMzMLDmL8pSMKX8hw%3D%3D&sr=8-28,₹150,4.2 out of 5 stars,False,,True,,
search_results,29.0,B0756X9DVJ,"Akshayakalpa Organic Cow Ghee – 490 ml - Pure organic ghee, traditionally-churned, chemical-free, granular ghee, nutritious by nature",https://amazon.in/Akshayakalpa-Organic-Ghee-490ml/dp/B0756X9DVJ/ref=sr_1_29_in_f3_0o_fs?dib=eyJ2IjoiMSJ9.vLk5VJE0bBte2CL7K9kV84O06K_psTb8_DcL4AEVlb1AdQ0Qyf7ps0Giu_NQ3ewm43nn77qAIlrE_8ctkP_vBershGEpJVTzzbvFDhOrWP0rPc6ZU7CAJfaTDj9fUzqepI-nLIVcwnYH9exhIQKBpxytio4wv4Tcq3Kz4uXwNSrzksxhNTdqp7219EeLp0CFYVvXH4IUVtZCjEvwRQyHjBZAM2cOHUFqZCFj1HwCmldjkkbKcNk1rLzLnA9WyM2RX8L5rZleXeNUtZUrQDUoK_aB4MdNd-GQVxylkXgPo94.qj-v0uMNqdWb-FaqdFFJC6aCzZdvZ_CxMgq1qCrJsRE&dib_tag=se&keywords=Cow+ghee&qid=1774549584&sr=8-29,₹754,4.4 out of 5 stars,False,,True,,
search_results,30.0,B01L1QNQEI,Gowardhan Pure Cow Ghee Jar 1 Litre,https://amazon.in/Gowardhan-Ghee-Jar-1L/dp/B01L1QNQEI/ref=sr_1_30?dib=eyJ2IjoiMSJ9.vLk5VJE0bBte2CL7K9kV84O06K_psTb8_DcL4AEVlb1AdQ0Qyf7ps0Giu_NQ3ewm43nn77qAIlrE_8ctkP_vBershGEpJVTzzbvFDhOrWP0rPc6ZU7CAJfaTDj9fUzqepI-nLIVcwnYH9exhIQKBpxytio4wv4Tcq3Kz4uXwNSrzksxhNTdqp7219EeLp0CFYVvXH4IUVtZCjEvwRQyHjBZAM2cOHUFqZCFj1HwCmldjkkbKcNk1rLzLnA9WyM2RX8L5rZleXeNUtZUrQDUoK_aB4MdNd-GQVxylkXgPo94.qj-v0uMNqdWb-FaqdFFJC6aCzZdvZ_CxMgq1qCrJsRE&dib_tag=se&keywords=Cow+ghee&qid=1774549584&sr=8-30,,4.5 out of 5 stars,False,,True,,
search_results,31.0,B09V37R6F2,"Aashirvaad Svasti Organic Cow Ghee, 500 ml| Sourced from healthy cows| Comes with authenticity proof| Slowly cooked for 3.5 hrs| Rich, nostalgic aroma",https://amazon.in/Aashirvaad-Organic-Sourced-healthy-authenticity/dp/B09V37R6F2/ref=sr_1_31_in_f3_0o_fs?dib=eyJ2IjoiMSJ9.vLk5VJE0bBte2CL7K9kV84O06K_psTb8_DcL4AEVlb1AdQ0Qyf7ps0Giu_NQ3ewm43nn77qAIlrE_8ctkP_vBershGEpJVTzzbvFDhOrWP0rPc6ZU7CAJfaTDj9fUzqepI-nLIVcwnYH9exhIQKBpxytio4wv4Tcq3Kz4uXwNSrzksxhNTdqp7219EeLp0CFYVvXH4IUVtZCjEvwRQyHjBZAM2cOHUFqZCFj1HwCmldjkkbKcNk1rLzLnA9WyM2RX8L5rZleXeNUtZUrQDUoK_aB4MdNd-GQVxylkXgPo94.qj-v0uMNqdWb-FaqdFFJC6aCzZdvZ_CxMgq1qCrJsRE&dib_tag=se&keywords=Cow+ghee&qid=1774549584&sr=8-31,₹583,4.3 out of 5 stars,False,,True,,
search_results,32.0,B07NHXBCRX,"Indicow Foods Kankrej Bilona A2 Cow Ghee 1L | Bilona Method | Grass Fed, Hand Churned, 100% Pure and Preservative Free…",https://amazon.in/Indicow-Organic-Awarded-Startup-Recognition/dp/B07NHXBCRX/ref=sr_1_32_in_f3_0o_fs_mod_primary_alm?dib=eyJ2IjoiMSJ9.vLk5VJE0bBte2CL7K9kV84O06K_psTb8_DcL4AEVlb1AdQ0Qyf7ps0Giu_NQ3ewm43nn77qAIlrE_8ctkP_vBershGEpJVTzzbvFDhOrWP0rPc6ZU7CAJfaTDj9fUzqepI-nLIVcwnYH9exhIQKBpxytio4wv4Tcq3Kz4uXwNSrzksxhNTdqp7219EeLp0CFYVvXH4IUVtZCjEvwRQyHjBZAM2cOHUFqZCFj1HwCmldjkkbKcNk1rLzLnA9WyM2RX8L5rZleXeNUtZUrQDUoK_aB4MdNd-GQVxylkXgPo94.qj-v0uMNqdWb-FaqdFFJC6aCzZdvZ_CxMgq1qCrJsRE&dib_tag=se&keywords=Cow+ghee&qid=1774549584&sbo=m6DjfpMzMLDmL8pSMKX8hw%3D%3D&sr=8-32,"₹1,249",4.0 out of 5 stars,False,,True,,
search_results,33.0,B0D9LK16Z8,Sri Sri Tattva Cow’s Pure Ghee 1 Litre | Pure and Natural | Rich Texture and Aroma | Lab Tested | Rich in Good Fats and Antioxidants I Pack of 3,https://amazon.in/Sri-Tattva-Cow-Ghee-Digestion/dp/B0D9LK16Z8/ref=sr_1_33?dib=eyJ2IjoiMSJ9.vLk5VJE0bBte2CL7K9kV84O06K_psTb8_DcL4AEVlb1AdQ0Qyf7ps0Giu_NQ3ewm43nn77qAIlrE_8ctkP_vBershGEpJVTzzbvFDhOrWP0rPc6ZU7CAJfaTDj9fUzqepI-nLIVcwnYH9exhIQKBpxytio4wv4Tcq3Kz4uXwNSrzksxhNTdqp7219EeLp0CFYVvXH4IUVtZCjEvwRQyHjBZAM2cOHUFqZCFj1HwCmldjkkbKcNk1rLzLnA9WyM2RX8L5rZleXeNUtZUrQDUoK_aB4MdNd-GQVxylkXgPo94.qj-v0uMNqdWb-FaqdFFJC6aCzZdvZ_CxMgq1qCrJsRE&dib_tag=se&keywords=Cow+ghee&qid=1774549584&sr=8-33,"₹2,475",4.6 out of 5 stars,False,,True,,
search_results,34.0,B0BC41BGTN,Vastu Pure Authentic Cow Ghee (1 Litre) | For Better Digestion & Immunity | Rich Aroma & Traditional Taste | Agmark Certified | Plastic Jar (Pack of 1),https://amazon.in/Vastu-Traditionally-Better-Digestion-Immunity/dp/B0BC41BGTN/ref=sr_1_34?dib=eyJ2IjoiMSJ9.vLk5VJE0bBte2CL7K9kV84O06K_psTb8_DcL4AEVlb1AdQ0Qyf7ps0Giu_NQ3ewm43nn77qAIlrE_8ctkP_vBershGEpJVTzzbvFDhOrWP0rPc6ZU7CAJfaTDj9fUzqepI-nLIVcwnYH9exhIQKBpxytio4wv4Tcq3Kz4uXwNSrzksxhNTdqp7219EeLp0CFYVvXH4IUVtZCjEvwRQyHjBZAM2cOHUFqZCFj1HwCmldjkkbKcNk1rLzLnA9WyM2RX8L5rZleXeNUtZUrQDUoK_aB4MdNd-GQVxylkXgPo94.qj-v0uMNqdWb-FaqdFFJC6aCzZdvZ_CxMgq1qCrJsRE&dib_tag=se&keywords=Cow+ghee&qid=1774549584&sr=8-34,₹529,3.6 out of 5 stars,False,,True,,
search_results,35.0,B07B48Y2D7,"Two Brothers Organic Farms India's Only Certified Glyphosate Free A2 Ghee (500 ml) | Free-grazed, Desi Gir Cows|Traditional Bilona Method|Pure, Natural and Healthy Ghee|Farm-Made A2 Cow Ghee with Probiotics for Gut Health",https://amazon.in/Free-grazed-Grass-fed-Traditional-Farm-Made-Probiotics/dp/B07B48Y2D7/ref=sr_1_35_in_f3_0o_fs_mod_primary_alm?dib=eyJ2IjoiMSJ9.vLk5VJE0bBte2CL7K9kV84O06K_psTb8_DcL4AEVlb1AdQ0Qyf7ps0Giu_NQ3ewm43nn77qAIlrE_8ctkP_vBershGEpJVTzzbvFDhOrWP0rPc6ZU7CAJfaTDj9fUzqepI-nLIVcwnYH9exhIQKBpxytio4wv4Tcq3Kz4uXwNSrzksxhNTdqp7219EeLp0CFYVvXH4IUVtZCjEvwRQyHjBZAM2cOHUFqZCFj1HwCmldjkkbKcNk1rLzLnA9WyM2RX8L5rZleXeNUtZUrQDUoK_aB4MdNd-GQVxylkXgPo94.qj-v0uMNqdWb-FaqdFFJC6aCzZdvZ_CxMgq1qCrJsRE&dib_tag=se&keywords=Cow+ghee&qid=1774549584&sbo=m6DjfpMzMLDmL8pSMKX8hw%3D%3D&sr=8-35,"₹1,561",4.1 out of 5 stars,False,,True,,
search_results,36.0,B0F63WCSTL,DAIRY SAGAR COW GHEE (DAIRY SAGAR 5 LITER TETRA) PACK OF 5,https://amazon.in/DAIRY-SAGAR-GHEE-LITER-TETRA/dp/B0F63WCSTL/ref=sr_1_36?dib=eyJ2IjoiMSJ9.vLk5VJE0bBte2CL7K9kV84O06K_psTb8_DcL4AEVlb1AdQ0Qyf7ps0Giu_NQ3ewm43nn77qAIlrE_8ctkP_vBershGEpJVTzzbvFDhOrWP0rPc6ZU7CAJfaTDj9fUzqepI-nLIVcwnYH9exhIQKBpxytio4wv4Tcq3Kz4uXwNSrzksxhNTdqp7219EeLp0CFYVvXH4IUVtZCjEvwRQyHjBZAM2cOHUFqZCFj1HwCmldjkkbKcNk1rLzLnA9WyM2RX8L5rZleXeNUtZUrQDUoK_aB4MdNd-GQVxylkXgPo94.qj-v0uMNqdWb-FaqdFFJC6aCzZdvZ_CxMgq1qCrJsRE&dib_tag=se&keywords=Cow+ghee&qid=1774549584&sr=8-36,"₹1,690",3.7 out of 5 stars,False,,True,,
search_results,37.0,B0CCL44JK8,"Patanjali Pure Cow Ghee Natural & Healthy, 950ML",https://amazon.in/Patanjali-Danedar-Aroma-Natural-Healthy/dp/B0CCL44JK8/ref=sr_1_37?dib=eyJ2IjoiMSJ9.vLk5VJE0bBte2CL7K9kV84O06K_psTb8_DcL4AEVlb1AdQ0Qyf7ps0Giu_NQ3ewm43nn77qAIlrE_8ctkP_vBershGEpJVTzzbvFDhOrWP0rPc6ZU7CAJfaTDj9fUzqepI-nLIVcwnYH9exhIQKBpxytio4wv4Tcq3Kz4uXwNSrzksxhNTdqp7219EeLp0CFYVvXH4IUVtZCjEvwRQyHjBZAM2cOHUFqZCFj1HwCmldjkkbKcNk1rLzLnA9WyM2RX8L5rZleXeNUtZUrQDUoK_aB4MdNd-GQVxylkXgPo94.qj-v0uMNqdWb-FaqdFFJC6aCzZdvZ_CxMgq1qCrJsRE&dib_tag=se&keywords=Cow+ghee&qid=1774549584&sr=8-37,,4.2 out of 5 stars,False,,True,,
search_results,38.0,B08DXL4YT2,"BAROSI [A2 Desi Cow Ghee 500ML] A2 Danedar Desi Ghee | Traditional Vedic Bilona Method Ghee | Grass-Fed | Curd-Churned | Cultured | Pure, Natural & Healthy Ghee (Glass Bottle 500 ml)",https://amazon.in/Danedar-Traditional-Grass-Fed-Curd-Churned-Cultured/dp/B08DXL4YT2/ref=sr_1_38_in_f3_0o_fs_mod_primary_alm?dib=eyJ2IjoiMSJ9.vLk5VJE0bBte2CL7K9kV84O06K_psTb8_DcL4AEVlb1AdQ0Qyf7ps0Giu_NQ3ewm43nn77qAIlrE_8ctkP_vBershGEpJVTzzbvFDhOrWP0rPc6ZU7CAJfaTDj9fUzqepI-nLIVcwnYH9exhIQKBpxytio4wv4Tcq3Kz4uXwNSrzksxhNTdqp7219EeLp0CFYVvXH4IUVtZCjEvwRQyHjBZAM2cOHUFqZCFj1HwCmldjkkbKcNk1rLzLnA9WyM2RX8L5rZleXeNUtZUrQDUoK_aB4MdNd-GQVxylkXgPo94.qj-v0uMNqdWb-FaqdFFJC6aCzZdvZ_CxMgq1qCrJsRE&dib_tag=se&keywords=Cow+ghee&qid=1774549584&sbo=m6DjfpMzMLDmL8pSMKX8hw%3D%3D&sr=8-38,₹829,4.2 out of 5 stars,False,,True,,
search_results,39.0,B08H5N288H,"Jersey Cow Ghee Poly Pouch, 1000ml.",https://amazon.in/Jersey-Ghee-Poly-Pouch-1000/dp/B08H5N288H/ref=sr_1_39?dib=eyJ2IjoiMSJ9.vLk5VJE0bBte2CL7K9kV84O06K_psTb8_DcL4AEVlb1AdQ0Qyf7ps0Giu_NQ3ewm43nn77qAIlrE_8ctkP_vBershGEpJVTzzbvFDhOrWP0rPc6ZU7CAJfaTDj9fUzqepI-nLIVcwnYH9exhIQKBpxytio4wv4Tcq3Kz4uXwNSrzksxhNTdqp7219EeLp0CFYVvXH4IUVtZCjEvwRQyHjBZAM2cOHUFqZCFj1HwCmldjkkbKcNk1rLzLnA9WyM2RX8L5rZleXeNUtZUrQDUoK_aB4MdNd-GQVxylkXgPo94.qj-v0uMNqdWb-FaqdFFJC6aCzZdvZ_CxMgq1qCrJsRE&dib_tag=se&keywords=Cow+ghee&qid=1774549584&sr=8-39,₹700,4.2 out of 5 stars,False,,True,,
search_results,40.0,B0BVG7Z2DV,SHRI PATHMEDA 100% Natural Cow Ghee 1L|Original Desi Ghee|Pure For Improved Immunity & Heart Health (1 Litre),https://amazon.in/SHRI-PATHMEDA-Original-Improved-Immunity/dp/B0BVG7Z2DV/ref=sr_1_40?dib=eyJ2IjoiMSJ9.vLk5VJE0bBte2CL7K9kV84O06K_psTb8_DcL4AEVlb1AdQ0Qyf7ps0Giu_NQ3ewm43nn77qAIlrE_8ctkP_vBershGEpJVTzzbvFDhOrWP0rPc6ZU7CAJfaTDj9fUzqepI-nLIVcwnYH9exhIQKBpxytio4wv4Tcq3Kz4uXwNSrzksxhNTdqp7219EeLp0CFYVvXH4IUVtZCjEvwRQyHjBZAM2cOHUFqZCFj1HwCmldjkkbKcNk1rLzLnA9WyM2RX8L5rZleXeNUtZUrQDUoK_aB4MdNd-GQVxylkXgPo94.qj-v0uMNqdWb-FaqdFFJC6aCzZdvZ_CxMgq1qCrJsRE&dib_tag=se&keywords=Cow+ghee&qid=1774549584&sr=8-40,₹949,4.2 out of 5 stars,False,,True,,
search_results,41.0,B08D3R8G1B,"Sri Sri Tattva Premium Cow Ghee 1 Litre | Pure Cow Ghee | Vedic Bilona Method | Natural, Lactose, & Gluten-Free | Excellent for Digestion I Pack of 2",https://amazon.in/Sri-Premium-Gluten-Free-Excellent-Digestion/dp/B08D3R8G1B/ref=sr_1_41?dib=eyJ2IjoiMSJ9.vLk5VJE0bBte2CL7K9kV84O06K_psTb8_DcL4AEVlb1AdQ0Qyf7ps0Giu_NQ3ewm43nn77qAIlrE_8ctkP_vBershGEpJVTzzbvFDhOrWP0rPc6ZU7CAJfaTDj9fUzqepI-nLIVcwnYH9exhIQKBpxytio4wv4Tcq3Kz4uXwNSrzksxhNTdqp7219EeLp0CFYVvXH4IUVtZCjEvwRQyHjBZAM2cOHUFqZCFj1HwCmldjkkbKcNk1rLzLnA9WyM2RX8L5rZleXeNUtZUrQDUoK_aB4MdNd-GQVxylkXgPo94.qj-v0uMNqdWb-FaqdFFJC6aCzZdvZ_CxMgq1qCrJsRE&dib_tag=se&keywords=Cow+ghee&qid=1774549584&sr=8-41,"₹1,708",4.5 out of 5 stars,False,,True,,
search_results,42.0,B0FB9JWPXQ,Dabur A2 Cow Ghee - 500ml | Rich in Vitamin A & Antioxidant properties | Made with Bilona method | Helps balance Vata & Pitta Dosha | Crafted using milk from A2 desi cows | 100% pure,https://amazon.in/Dabur-Cow-Ghee-Antioxidant-properties/dp/B0FB9JWPXQ/ref=sr_1_42_in_f3_0o_fs_mod_primary_alm?dib=eyJ2IjoiMSJ9.vLk5VJE0bBte2CL7K9kV84O06K_psTb8_DcL4AEVlb1AdQ0Qyf7ps0Giu_NQ3ewm43nn77qAIlrE_8ctkP_vBershGEpJVTzzbvFDhOrWP0rPc6ZU7CAJfaTDj9fUzqepI-nLIVcwnYH9exhIQKBpxytio4wv4Tcq3Kz4uXwNSrzksxhNTdqp7219EeLp0CFYVvXH4IUVtZCjEvwRQyHjBZAM2cOHUFqZCFj1HwCmldjkkbKcNk1rLzLnA9WyM2RX8L5rZleXeNUtZUrQDUoK_aB4MdNd-GQVxylkXgPo94.qj-v0uMNqdWb-FaqdFFJC6aCzZdvZ_CxMgq1qCrJsRE&dib_tag=se&keywords=Cow+ghee&qid=1774549584&sbo=m6DjfpMzMLDmL8pSMKX8hw%3D%3D&sr=8-42,₹949,4.4 out of 5 stars,False,,True,,
search_results,43.0,B0F8VC3SWG,"Brij Gwala Pure Cow Ghee, 1 Litre Tetra-1",https://amazon.in/Brij-Gwala-Pure-Litre-Tetra-1/dp/B0F8VC3SWG/ref=sr_1_43?dib=eyJ2IjoiMSJ9.vLk5VJE0bBte2CL7K9kV84O06K_psTb8_DcL4AEVlb1AdQ0Qyf7ps0Giu_NQ3ewm43nn77qAIlrE_8ctkP_vBershGEpJVTzzbvFDhOrWP0rPc6ZU7CAJfaTDj9fUzqepI-nLIVcwnYH9exhIQKBpxytio4wv4Tcq3Kz4uXwNSrzksxhNTdqp7219EeLp0CFYVvXH4IUVtZCjEvwRQyHjBZAM2cOHUFqZCFj1HwCmldjkkbKcNk1rLzLnA9WyM2RX8L5rZleXeNUtZUrQDUoK_aB4MdNd-GQVxylkXgPo94.qj-v0uMNqdWb-FaqdFFJC6aCzZdvZ_CxMgq1qCrJsRE&dib_tag=se&keywords=Cow+ghee&qid=1774549584&sr=8-43,₹409,3.5 out of 5 stars,False,,True,,
search_results,44.0,B0FZTJKV9P,"Baidyanath Premium Desi Cow Ghee | Pure Traditional Cow Ghee | Boosts Energy, Supports Immunity & Promotes Ayurvedic Wellness | 900ml",https://amazon.in/Baidyanath-Traditional-Supports-Immunity-Ayurvedic/dp/B0FZTJKV9P/ref=sr_1_44?dib=eyJ2IjoiMSJ9.vLk5VJE0bBte2CL7K9kV84O06K_psTb8_DcL4AEVlb1AdQ0Qyf7ps0Giu_NQ3ewm43nn77qAIlrE_8ctkP_vBershGEpJVTzzbvFDhOrWP0rPc6ZU7CAJfaTDj9fUzqepI-nLIVcwnYH9exhIQKBpxytio4wv4Tcq3Kz4uXwNSrzksxhNTdqp7219EeLp0CFYVvXH4IUVtZCjEvwRQyHjBZAM2cOHUFqZCFj1HwCmldjkkbKcNk1rLzLnA9WyM2RX8L5rZleXeNUtZUrQDUoK_aB4MdNd-GQVxylkXgPo94.qj-v0uMNqdWb-FaqdFFJC6aCzZdvZ_CxMgq1qCrJsRE&dib_tag=se&keywords=Cow+ghee&qid=1774549584&sr=8-44,₹615,3.8 out of 5 stars,False,,True,,
search_results,45.0,B0CFFFH176,"Gavyratan Pathmeda A2 Desi Cow Bilona Ghee - Natural Flavour, Bi-Directionally Churned, Traditional Vedic Process, High Smoke Point, Made by Rural Communities (Pack of 2 * 1 litre)",https://amazon.in/Gavyratan-Pathmeda-Desi-Bilona-Ghee/dp/B0CFFFH176/ref=sr_1_45?dib=eyJ2IjoiMSJ9.vLk5VJE0bBte2CL7K9kV84O06K_psTb8_DcL4AEVlb1AdQ0Qyf7ps0Giu_NQ3ewm43nn77qAIlrE_8ctkP_vBershGEpJVTzzbvFDhOrWP0rPc6ZU7CAJfaTDj9fUzqepI-nLIVcwnYH9exhIQKBpxytio4wv4Tcq3Kz4uXwNSrzksxhNTdqp7219EeLp0CFYVvXH4IUVtZCjEvwRQyHjBZAM2cOHUFqZCFj1HwCmldjkkbKcNk1rLzLnA9WyM2RX8L5rZleXeNUtZUrQDUoK_aB4MdNd-GQVxylkXgPo94.qj-v0uMNqdWb-FaqdFFJC6aCzZdvZ_CxMgq1qCrJsRE&dib_tag=se&keywords=Cow+ghee&qid=1774549584&sr=8-45,"₹1,819",4.0 out of 5 stars,False,,True,,
search_results,46.0,B0DW8TVR8F,BRIJ GWALA Desi Cow Ghee |Made Traditionally From Curd |Pure Cow Ghee for Better Digestion and Immunity | 1 ltr tetra-1,https://amazon.in/BRIJ-GWALA-Traditionally-Digestion-Immunity/dp/B0DW8TVR8F/ref=sr_1_46?dib=eyJ2IjoiMSJ9.vLk5VJE0bBte2CL7K9kV84O06K_psTb8_DcL4AEVlb1AdQ0Qyf7ps0Giu_NQ3ewm43nn77qAIlrE_8ctkP_vBershGEpJVTzzbvFDhOrWP0rPc6ZU7CAJfaTDj9fUzqepI-nLIVcwnYH9exhIQKBpxytio4wv4Tcq3Kz4uXwNSrzksxhNTdqp7219EeLp0CFYVvXH4IUVtZCjEvwRQyHjBZAM2cOHUFqZCFj1HwCmldjkkbKcNk1rLzLnA9WyM2RX8L5rZleXeNUtZUrQDUoK_aB4MdNd-GQVxylkXgPo94.qj-v0uMNqdWb-FaqdFFJC6aCzZdvZ_CxMgq1qCrJsRE&dib_tag=se&keywords=Cow+ghee&qid=1774549584&sr=8-46,₹399,3.4 out of 5 stars,False,,True,,
search_results,47.0,B01LWMLXMA,"Patanjali Pure Danedar Cow Ghee with Rich Aroma 450ml Jar, Natural & Healthy",https://amazon.in/Patanjali-Cows-Ghee-500ml/dp/B01LWMLXMA/ref=sr_1_47_in_f3_0o_fs_mod_primary_alm?dib=eyJ2IjoiMSJ9.vLk5VJE0bBte2CL7K9kV84O06K_psTb8_DcL4AEVlb1AdQ0Qyf7ps0Giu_NQ3ewm43nn77qAIlrE_8ctkP_vBershGEpJVTzzbvFDhOrWP0rPc6ZU7CAJfaTDj9fUzqepI-nLIVcwnYH9exhIQKBpxytio4wv4Tcq3Kz4uXwNSrzksxhNTdqp7219EeLp0CFYVvXH4IUVtZCjEvwRQyHjBZAM2cOHUFqZCFj1HwCmldjkkbKcNk1rLzLnA9WyM2RX8L5rZleXeNUtZUrQDUoK_aB4MdNd-GQVxylkXgPo94.qj-v0uMNqdWb-FaqdFFJC6aCzZdvZ_CxMgq1qCrJsRE&dib_tag=se&keywords=Cow+ghee&qid=1774549584&sbo=m6DjfpMzMLDmL8pSMKX8hw%3D%3D&sr=8-47,₹404,4.4 out of 5 stars,False,,True,,
search_results,48.0,B0BYNKDJ16,"Grace of Cows A2 Gir Cow Ghee 1 Litre, 100% Pure and Natural, Churned from Creamy Bilona Method, Helps Boost Immunity and Digestive Health, A2 Gir Cow Ghee for Cooking and Heart Health",https://amazon.in/Grace-Cows-Gir-Ghee-Litre/dp/B0BYNKDJ16/ref=sr_1_48?dib=eyJ2IjoiMSJ9.vLk5VJE0bBte2CL7K9kV84O06K_psTb8_DcL4AEVlb1AdQ0Qyf7ps0Giu_NQ3ewm43nn77qAIlrE_8ctkP_vBershGEpJVTzzbvFDhOrWP0rPc6ZU7CAJfaTDj9fUzqepI-nLIVcwnYH9exhIQKBpxytio4wv4Tcq3Kz4uXwNSrzksxhNTdqp7219EeLp0CFYVvXH4IUVtZCjEvwRQyHjBZAM2cOHUFqZCFj1HwCmldjkkbKcNk1rLzLnA9WyM2RX8L5rZleXeNUtZUrQDUoK_aB4MdNd-GQVxylkXgPo94.qj-v0uMNqdWb-FaqdFFJC6aCzZdvZ_CxMgq1qCrJsRE&dib_tag=se&keywords=Cow+ghee&qid=1774549584&sr=8-48,"₹1,199",4.0 out of 5 stars,False,,True,,
search_results,49.0,B09S9VCDHK,"BHAVYANSH 1 Ltr Pure Cow Ghee For Better Digestion And Immunity - Granular Texture For Cooking, Eating & Pooja",https://amazon.in/BHAVYANSH-Pure-Cow-Ghee-1000/dp/B09S9VCDHK/ref=sr_1_49?dib=eyJ2IjoiMSJ9.vLk5VJE0bBte2CL7K9kV84O06K_psTb8_DcL4AEVlb1AdQ0Qyf7ps0Giu_NQ3ewm43nn77qAIlrE_8ctkP_vBershGEpJVTzzbvFDhOrWP0rPc6ZU7CAJfaTDj9fUzqepI-nLIVcwnYH9exhIQKBpxytio4wv4Tcq3Kz4uXwNSrzksxhNTdqp7219EeLp0CFYVvXH4IUVtZCjEvwRQyHjBZAM2cOHUFqZCFj1HwCmldjkkbKcNk1rLzLnA9WyM2RX8L5rZleXeNUtZUrQDUoK_aB4MdNd-GQVxylkXgPo94.qj-v0uMNqdWb-FaqdFFJC6aCzZdvZ_CxMgq1qCrJsRE&dib_tag=se&keywords=Cow+ghee&qid=1774549584&sr=8-49,₹554,3.7 out of 5 stars,False,,True,,
search_results,50.0,B07GWPCCGX,"Kapiva Certified A2 Gir Cow Ghee 500ML | Traditional Vedic Bilona Method | Grassfed, Pure & Healthy | Curd-Churned | Premium Glass Bottle | 100% Natural & Lab-Tested | Rich in Nutrition",https://amazon.in/Kapiva-certified-Curd-Churned-Grassfed-Traditional/dp/B07GWPCCGX/ref=sr_1_50?dib=eyJ2IjoiMSJ9.vLk5VJE0bBte2CL7K9kV84O06K_psTb8_DcL4AEVlb1AdQ0Qyf7ps0Giu_NQ3ewm43nn77qAIlrE_8ctkP_vBershGEpJVTzzbvFDhOrWP0rPc6ZU7CAJfaTDj9fUzqepI-nLIVcwnYH9exhIQKBpxytio4wv4Tcq3Kz4uXwNSrzksxhNTdqp7219EeLp0CFYVvXH4IUVtZCjEvwRQyHjBZAM2cOHUFqZCFj1HwCmldjkkbKcNk1rLzLnA9WyM2RX8L5rZleXeNUtZUrQDUoK_aB4MdNd-GQVxylkXgPo94.qj-v0uMNqdWb-FaqdFFJC6aCzZdvZ_CxMgq1qCrJsRE&dib_tag=se&keywords=Cow+ghee&qid=1774549584&sr=8-50,₹939,4.0 out of 5 stars,False,,True,,
search_results,51.0,B07444S2F4,GAVYRATAN A2 Desi Cow Ghee | Pathmeda |100% Pure and Natural |Traditional Curd Churned |Lab Tested |Danedar Ghee | Grass Fed Sahiwal And Gir Cow | Tin Pack | Pack Of 1,https://amazon.in/Gavyratan-Pathmeda-Natural-Traditional-Organically/dp/B07444S2F4/ref=sr_1_51?dib=eyJ2IjoiMSJ9.vLk5VJE0bBte2CL7K9kV84O06K_psTb8_DcL4AEVlb1AdQ0Qyf7ps0Giu_NQ3ewm43nn77qAIlrE_8ctkP_vBershGEpJVTzzbvFDhOrWP0rPc6ZU7CAJfaTDj9fUzqepI-nLIVcwnYH9exhIQKBpxytio4wv4Tcq3Kz4uXwNSrzksxhNTdqp7219EeLp0CFYVvXH4IUVtZCjEvwRQyHjBZAM2cOHUFqZCFj1HwCmldjkkbKcNk1rLzLnA9WyM2RX8L5rZleXeNUtZUrQDUoK_aB4MdNd-GQVxylkXgPo94.qj-v0uMNqdWb-FaqdFFJC6aCzZdvZ_CxMgq1qCrJsRE&dib_tag=se&keywords=Cow+ghee&qid=1774549584&sr=8-51,₹925,4.0 out of 5 stars,False,,True,,
search_results,52.0,B0F8NSMSFD,"A TATA Product - Organic India Bilona Cow Ghee 500ml, Pure & Nutrient-Rich, Bilona Churned",https://amazon.in/TATA-Product-Organic-Nutrient-Rich-Churned/dp/B0F8NSMSFD/ref=sr_1_52_in_f3_0o_fs_mod_primary_alm?dib=eyJ2IjoiMSJ9.vLk5VJE0bBte2CL7K9kV84O06K_psTb8_DcL4AEVlb1AdQ0Qyf7ps0Giu_NQ3ewm43nn77qAIlrE_8ctkP_vBershGEpJVTzzbvFDhOrWP0rPc6ZU7CAJfaTDj9fUzqepI-nLIVcwnYH9exhIQKBpxytio4wv4Tcq3Kz4uXwNSrzksxhNTdqp7219EeLp0CFYVvXH4IUVtZCjEvwRQyHjBZAM2cOHUFqZCFj1HwCmldjkkbKcNk1rLzLnA9WyM2RX8L5rZleXeNUtZUrQDUoK_aB4MdNd-GQVxylkXgPo94.qj-v0uMNqdWb-FaqdFFJC6aCzZdvZ_CxMgq1qCrJsRE&dib_tag=se&keywords=Cow+ghee&qid=1774549584&sbo=m6DjfpMzMLDmL8pSMKX8hw%3D%3D&sr=8-52,₹903,4.0 out of 5 stars,False,,True,,
search_results,53.0,B0872Y5MZM,"Kapiva 100% Organic Ghee - Good Fats For Healthy Heart - Keto Diet Friendly, 500 Ml",https://amazon.in/Kapiva-100-Organic-Ghee-Friendly/dp/B0872Y5MZM/ref=sr_1_53?dib=eyJ2IjoiMSJ9.vLk5VJE0bBte2CL7K9kV84O06K_psTb8_DcL4AEVlb1AdQ0Qyf7ps0Giu_NQ3ewm43nn77qAIlrE_8ctkP_vBershGEpJVTzzbvFDhOrWP0rPc6ZU7CAJfaTDj9fUzqepI-nLIVcwnYH9exhIQKBpxytio4wv4Tcq3Kz4uXwNSrzksxhNTdqp7219EeLp0CFYVvXH4IUVtZCjEvwRQyHjBZAM2cOHUFqZCFj1HwCmldjkkbKcNk1rLzLnA9WyM2RX8L5rZleXeNUtZUrQDUoK_aB4MdNd-GQVxylkXgPo94.qj-v0uMNqdWb-FaqdFFJC6aCzZdvZ_CxMgq1qCrJsRE&dib_tag=se&keywords=Cow+ghee&qid=1774549584&sr=8-53,₹655,4.2 out of 5 stars,False,,True,,
search_results,54.0,B09YH4PRQY,Auric A2 Bilona Desi Cow Ghee 500 ml - Pure Brijwasi Ghee - Bilona Curd Churned - Lab Tested - Perfect Aroma & Danedar Ghee - Grass Fed,https://amazon.in/Auric-Brijwasi-Churned-Perfect-Danedar/dp/B09YH4PRQY/ref=sr_1_54?dib=eyJ2IjoiMSJ9.vLk5VJE0bBte2CL7K9kV84O06K_psTb8_DcL4AEVlb1AdQ0Qyf7ps0Giu_NQ3ewm43nn77qAIlrE_8ctkP_vBershGEpJVTzzbvFDhOrWP0rPc6ZU7CAJfaTDj9fUzqepI-nLIVcwnYH9exhIQKBpxytio4wv4Tcq3Kz4uXwNSrzksxhNTdqp7219EeLp0CFYVvXH4IUVtZCjEvwRQyHjBZAM2cOHUFqZCFj1HwCmldjkkbKcNk1rLzLnA9WyM2RX8L5rZleXeNUtZUrQDUoK_aB4MdNd-GQVxylkXgPo94.qj-v0uMNqdWb-FaqdFFJC6aCzZdvZ_CxMgq1qCrJsRE&dib_tag=se&keywords=Cow+ghee&qid=1774549584&sr=8-54,₹669,4.1 out of 5 stars,False,,True,,
search_results,55.0,B0CKTFBKVD,"BHAVYANSH 1Liter Pure Cow Ghee For Better Digestion And Immunity, Can Be Use As Pooja Ghee, Food Making",https://amazon.in/BHAVYANSH-Pure-Cow-Ghee-Digestion/dp/B0CKTFBKVD/ref=sr_1_55?dib=eyJ2IjoiMSJ9.vLk5VJE0bBte2CL7K9kV84O06K_psTb8_DcL4AEVlb1AdQ0Qyf7ps0Giu_NQ3ewm43nn77qAIlrE_8ctkP_vBershGEpJVTzzbvFDhOrWP0rPc6ZU7CAJfaTDj9fUzqepI-nLIVcwnYH9exhIQKBpxytio4wv4Tcq3Kz4uXwNSrzksxhNTdqp7219EeLp0CFYVvXH4IUVtZCjEvwRQyHjBZAM2cOHUFqZCFj1HwCmldjkkbKcNk1rLzLnA9WyM2RX8L5rZleXeNUtZUrQDUoK_aB4MdNd-GQVxylkXgPo94.qj-v0uMNqdWb-FaqdFFJC6aCzZdvZ_CxMgq1qCrJsRE&dib_tag=se&keywords=Cow+ghee&qid=1774549584&sr=8-55,₹549,3.5 out of 5 stars,False,,True,,
search_results,56.0,B0G93Z9XWQ,"SATVIK PURE GHEE A2 Gir Cow Ghee 500ml | Traditional Bilona Method Pure Desi Cow Ghee from Gir Cows | A2 Ghee for Cooking, Immunity and Daily Wellness | Helps Better Digestion and Gut Health",https://amazon.in/SATVIK-PURE-GHEE-Traditional-Digestion/dp/B0G93Z9XWQ/ref=sr_1_56?dib=eyJ2IjoiMSJ9.vLk5VJE0bBte2CL7K9kV84O06K_psTb8_DcL4AEVlb1AdQ0Qyf7ps0Giu_NQ3ewm43nn77qAIlrE_8ctkP_vBershGEpJVTzzbvFDhOrWP0rPc6ZU7CAJfaTDj9fUzqepI-nLIVcwnYH9exhIQKBpxytio4wv4Tcq3Kz4uXwNSrzksxhNTdqp7219EeLp0CFYVvXH4IUVtZCjEvwRQyHjBZAM2cOHUFqZCFj1HwCmldjkkbKcNk1rLzLnA9WyM2RX8L5rZleXeNUtZUrQDUoK_aB4MdNd-GQVxylkXgPo94.qj-v0uMNqdWb-FaqdFFJC6aCzZdvZ_CxMgq1qCrJsRE&dib_tag=se&keywords=Cow+ghee&qid=1774549584&sr=8-56,₹699,4.5 out of 5 stars,False,,True,,
search_results,57.0,B0GDJWGM7W,TANMAN A2 MILK Pure Desi Cow A2 Ghee 500ml | Traditional Bilona Method | Slow Churned From Indigenous Cows | Easy to Digest | Rich Aroma Authentic Taste | Premium Farm Made Ghee,https://amazon.in/sspa/click?ie=UTF8&spc=MToyMTM2ODMzODM4OTY4Njk6MTc3NDU0OTU4NDpzcF9idGY6MzAwOTMwNTE2NDk4ODMyOjowOjo&url=%2FTANMAN-A2-MILK-Traditional-Indigenous%2Fdp%2FB0GDJWGM7W%2Fref%3Dsr_1_57_sspa%3Fdib%3DeyJ2IjoiMSJ9.vLk5VJE0bBte2CL7K9kV84O06K_psTb8_DcL4AEVlb1AdQ0Qyf7ps0Giu_NQ3ewm43nn77qAIlrE_8ctkP_vBershGEpJVTzzbvFDhOrWP0rPc6ZU7CAJfaTDj9fUzqepI-nLIVcwnYH9exhIQKBpxytio4wv4Tcq3Kz4uXwNSrzksxhNTdqp7219EeLp0CFYVvXH4IUVtZCjEvwRQyHjBZAM2cOHUFqZCFj1HwCmldjkkbKcNk1rLzLnA9WyM2RX8L5rZleXeNUtZUrQDUoK_aB4MdNd-GQVxylkXgPo94.qj-v0uMNqdWb-FaqdFFJC6aCzZdvZ_CxMgq1qCrJsRE%26dib_tag%3Dse%26keywords%3DCow%2Bghee%26qid%3D1774549584%26sr%3D8-57-spons%26aref%3DsJ91KBhUau%26sp_csd%3Dd2lkZ2V0TmFtZT1zcF9idGY%26psc%3D1&aref=sJ91KBhUau&sp_cr=ZAZ,"₹1,320",,True,Sponsored,True,,
search_results,58.0,B08CDRGKVW,"TWO BROTHERS ORGANIC FARMS - A2 Ghee (Shatavari) 250Ml | Cultured Cow Desi Ghee | Curd-Churned Bilona Ghee | Pure, Natural, and Healthy | Grass-Fed A2 Gir Cow Ghee",https://amazon.in/sspa/click?ie=UTF8&spc=MToyMTM2ODMzODM4OTY4Njk6MTc3NDU0OTU4NDpzcF9idGY6MzAwNTE1NDE3OTQ4NTMyOjowOjo&url=%2FTwo-Brothers-Organic-Farms-Curd-Churned%2Fdp%2FB08CDRGKVW%2Fref%3Dsr_1_58_sspa%3Fdib%3DeyJ2IjoiMSJ9.vLk5VJE0bBte2CL7K9kV84O06K_psTb8_DcL4AEVlb1AdQ0Qyf7ps0Giu_NQ3ewm43nn77qAIlrE_8ctkP_vBershGEpJVTzzbvFDhOrWP0rPc6ZU7CAJfaTDj9fUzqepI-nLIVcwnYH9exhIQKBpxytio4wv4Tcq3Kz4uXwNSrzksxhNTdqp7219EeLp0CFYVvXH4IUVtZCjEvwRQyHjBZAM2cOHUFqZCFj1HwCmldjkkbKcNk1rLzLnA9WyM2RX8L5rZleXeNUtZUrQDUoK_aB4MdNd-GQVxylkXgPo94.qj-v0uMNqdWb-FaqdFFJC6aCzZdvZ_CxMgq1qCrJsRE%26dib_tag%3Dse%26keywords%3DCow%2Bghee%26qid%3D1774549584%26sr%3D8-58-spons%26aref%3D0GJ722N03n%26sp_csd%3Dd2lkZ2V0TmFtZT1zcF9idGY%26psc%3D1&aref=0GJ722N03n&sp_cr=ZAZ,"₹2,172",3.8 out of 5 stars,True,Sponsored,True,,
search_results,59.0,B08B7Z5DTN,Gavyamart Bilona ghee 100% Fresh Pure Desi Kankrej Organic Non-GMO Cow Ghee-Made Using Traditional Bilona Method - Glass jar pack (Pack of 1),https://amazon.in/sspa/click?ie=UTF8&spc=MToyMTM2ODMzODM4OTY4Njk6MTc3NDU0OTU4NDpzcF9idGY6MzAwOTQyOTg3OTAzMzMyOjowOjo&url=%2FGavyamart-Bilona-Kankrej-Ghee-Made-Traditional%2Fdp%2FB08B7Z5DTN%2Fref%3Dsr_1_59_sspa%3Fdib%3DeyJ2IjoiMSJ9.vLk5VJE0bBte2CL7K9kV84O06K_psTb8_DcL4AEVlb1AdQ0Qyf7ps0Giu_NQ3ewm43nn77qAIlrE_8ctkP_vBershGEpJVTzzbvFDhOrWP0rPc6ZU7CAJfaTDj9fUzqepI-nLIVcwnYH9exhIQKBpxytio4wv4Tcq3Kz4uXwNSrzksxhNTdqp7219EeLp0CFYVvXH4IUVtZCjEvwRQyHjBZAM2cOHUFqZCFj1HwCmldjkkbKcNk1rLzLnA9WyM2RX8L5rZleXeNUtZUrQDUoK_aB4MdNd-GQVxylkXgPo94.qj-v0uMNqdWb-FaqdFFJC6aCzZdvZ_CxMgq1qCrJsRE%26dib_tag%3Dse%26keywords%3DCow%2Bghee%26qid%3D1774549584%26sr%3D8-59-spons%26aref%3DAGbSXxbjhb%26sp_csd%3Dd2lkZ2V0TmFtZT1zcF9idGY%26psc%3D1&aref=AGbSXxbjhb&sp_cr=ZAZ,"₹1,599",4.2 out of 5 stars,True,Sponsored,True,,
search_results,60.0,B094YGL44H,"Gavyamart Ghee in Pantry, 100% Pure Kankrej A2 Cow Desi Ghee - Made Using Traditional Bilona Method Ghee 1 Litre - Glass Ghee jar Pack Non GMO - A2 Ghee Cow Organic 1000ml",https://amazon.in/sspa/click?ie=UTF8&spc=MToyMTM2ODMzODM4OTY4Njk6MTc3NDU0OTU4NDpzcF9idGY6MzAwOTU2MzQyNjU2NjMyOjowOjo&url=%2FGavyamart-Ghee-Pantry-100-Kankrej%2Fdp%2FB094YGL44H%2Fref%3Dsr_1_60_sspa%3Fdib%3DeyJ2IjoiMSJ9.vLk5VJE0bBte2CL7K9kV84O06K_psTb8_DcL4AEVlb1AdQ0Qyf7ps0Giu_NQ3ewm43nn77qAIlrE_8ctkP_vBershGEpJVTzzbvFDhOrWP0rPc6ZU7CAJfaTDj9fUzqepI-nLIVcwnYH9exhIQKBpxytio4wv4Tcq3Kz4uXwNSrzksxhNTdqp7219EeLp0CFYVvXH4IUVtZCjEvwRQyHjBZAM2cOHUFqZCFj1HwCmldjkkbKcNk1rLzLnA9WyM2RX8L5rZleXeNUtZUrQDUoK_aB4MdNd-GQVxylkXgPo94.qj-v0uMNqdWb-FaqdFFJC6aCzZdvZ_CxMgq1qCrJsRE%26dib_tag%3Dse%26keywords%3DCow%2Bghee%26qid%3D1774549584%26sr%3D8-60-spons%26aref%3DBeg5ov1QmQ%26sp_csd%3Dd2lkZ2V0TmFtZT1zcF9idGY%26psc%3D1&aref=Beg5ov1QmQ&sp_cr=ZAZ,"₹1,519",4.0 out of 5 stars,True,Sponsored,True,,
search_results_inline_ad,61.0,B0F4388C9Y,"A2 Desi Cow Ghee 500ml, Traditional Bilona Method Ghee, Pure Natural, Healthy, Organic Desi Ghee, Perfect for Cooking, Glass Jar, 500ml",https://aax-eu-zaz.amazon.in/x/c/JMZXGRMHE8yVCIMR7HkKR7AAAAGdK2XKzgoAAAH2AQBvbm9fdHhuX2JpZDEgICBvbm9fdHhuX2ltcDIgICCU9mbc/clv1c_ek-YBAH2bcbaXg5XmefwbmB9PkNWkfoQGEJTUYkJ19r5p7_nGuMxpv1RQMutT2W63_LlBbWuxXI04RlTJJ5FvYbTINjDfPlC0Lw3gmn7708uCAnkGOQ1NJwNZv1pxkKQldso6vz-SquKS0LtDrbhPq2XrsbINtTogNSwhHNafAZfXHcbUqgV_50G64LmXiScGsrQdwncxtcJFmb3LEXF6nK9jPf3JGyVv6r0JRuEszKj6GDUMdcyGK-zQg8mMfhb9vNRAOP3o0zGDtAKSgXCMqdUDW7NFjc6ZkS33bs72UDPGVTfhxRLtgU4RrMndd9LDeVzvtoJ1AgWfYAn5cq7rJknsm3LDEmbnl326oPFbS1xJOHEhgTksBWyiPAwNwSAmy6bx7WB7GhOPsUNFXXtKC__4Dn-QJeS2hzDQLMHGo2y1NW7GqTpSs_koq2E2JAiWHo1r4z52mZ7KnzdOk2XkTkktXsASfSvoBiaJnLc_2RzYxrODcthUs8zR_qCThvUWrZZryY5rfJrDupgW0Blfzp_8-K1-EjLOlf7hV9s531ijMqlCVZC_nChhxVC-wDr0DWPs0LEjJ_fJzyATyxSY3U7-0o8xqkwoXu0yFvQgpnD7uMj-VTZi_0BRW1-pixc_X0D8Q_1CpMzFeW6940KEGS9VcNU5HZRMmRdlwPDU1km4_mjYEzRz7TKEEF9Clt489zWmzPHOyHudI1HU6nR8Ap7HoHxW0rZICJByhIztGRY_5Yxlt2O8QJ5HZeFHOFW_SIBllwauI7u__PcSOA-kPFlpuYYOUDHA8X5R5K4ba2OBg7pxV5qnXJu49KVykVafYHpSB00FGNRYhl3tZRfQNRAvBtoUrr837zaLm3YG3XzdbfuCaR3XRXv1As8ESMLAJZBF5-KracVnkNzqdyvheVKM4Eb2t1PK8IV-g1vjAcbIZcObjQdZ_llA2d0mlUreT0ZkZ4fLb4-t2pXrV5OqgzBjcaWo6iiaCli2fYRPxm8xv4uvdUZQzFgDlvJHLi2Z1GFS_Y0A0FsT4ytwIaLTyJNGOZyqZz4veQZRH0yNn4cr9seqHaXywdwERslPdC3KNVMYM7rtVAh2NEatLUv8yfgw6amWmVqiikSrGvtzRWl6n4KqzaLwqoM-BU2QNsF0jszbIbDNF_1sBX7eKyxUZpFBUdlbIwGIiAbkI3d6pCvE5zg6CO7UAIwTvCYz-CAvSaID3F0hLssxlypQjwaIyeY91w8Ix1f8KceO0U7OuTRY1jJeffPth5y_MWmitesno0S3LnMzybt7FLTx5dOrHsfUw1llJ5Yi2RUIqMWt9PZVMC_IgJKawduinX4GrcBvelf7XPnaZK3XpGi_66RJS1_uJuR7EMHQuFtjUMPH1neUTtKEmUJiBwQfyR11R3Aj9YMgHEhZ-wMfq-0wpebqKPZe-tQBJz62gCateEr3yubyFunylsbSkEWMZNoR097qnnlMSUtdFRlDIP5h0hWwcsltbspfIMnX5ke5zNDLmtsP3f1x5MiLB0jLyxJYG-UKMFjczu8TBB0BbxIyWEFGTJcFoRzDrGDcLV-NpXlIhS9Zx0UfPt0AhsOtbD2uGLBHVNpnwGrd7isWHcq7RyQ1ArRYllcVEbeyARDxV9R_wiq2ksRtwNHQ65kudBnCw6y/https://www.amazon.in/Traditional-Natural-Healthy-Organic-Perfect/dp/B0F4388C9Y/ref=sxin_14_sbv_search_btf?aref=DF15fQePMZ&content-id=amzn1.sym.7f127af2-01e9-4e9a-857b-f7f598682cc6%3Aamzn1.sym.7f127af2-01e9-4e9a-857b-f7f598682cc6&cv_ct_cx=Cow+ghee&keywords=Cow+ghee&pd_rd_i=B0F4388C9Y&pd_rd_r=1dfe9638-12b6-4735-a8eb-c45df3bd88bf&pd_rd_w=MXaH4&pd_rd_wg=3VNy8&pf_rd_p=7f127af2-01e9-4e9a-857b-f7f598682cc6&pf_rd_r=WY5X39PB47Y5ZP1SC1RJ&qid=1774549584&sbo=RZvfv%2F%2FHxDF%2BO5021pAnSA%3D%3D&sr=1-1-9131241a-a358-4619-a7b8-0f5a65d91d81,₹899,4.1 out of 5 stars,True,Sponsored (JS-walk),True,,
sponsored_click,,,"ROSIER A2 Gir Cow Ghee (1 litre) | Traditional Bilona Method A2 Gir Cow Ghee | Grassfed, Pure and Healthy Desi Cow Ghee (Glass Bottle - 1000 ML)",https://amazon.in/sspa/click?ie=UTF8&spc=MToyMTM2ODMzODM4OTY4Njk6MTc3NDU0OTU4NDpzcF9tdGY6MzAwNjY1MjcxOTI2MTMyOjowOjo&url=%2FROSIER-Traditional-Bilona-Grassfed-Healthy%2Fdp%2FB0BLW427G7%2Fref%3Dsr_1_21_sspa%3Fdib%3DeyJ2IjoiMSJ9.vLk5VJE0bBte2CL7K9kV84O06K_psTb8_DcL4AEVlb1AdQ0Qyf7ps0Giu_NQ3ewm43nn77qAIlrE_8ctkP_vBershGEpJVTzzbvFDhOrWP0rPc6ZU7CAJfaTDj9fUzqepI-nLIVcwnYH9exhIQKBpxytio4wv4Tcq3Kz4uXwNSrzksxhNTdqp7219EeLp0CFYVvXH4IUVtZCjEvwRQyHjBZAM2cOHUFqZCFj1HwCmldjkkbKcNk1rLzLnA9WyM2RX8L5rZleXeNUtZUrQDUoK_aB4MdNd-GQVxylkXgPo94.qj-v0uMNqdWb-FaqdFFJC6aCzZdvZ_CxMgq1qCrJsRE%26dib_tag%3Dse%26keywords%3DCow%2Bghee%26qid%3D1774549584%26sr%3D8-21-spons%26aref%3DQGJG8rmBON%26sp_csd%3Dd2lkZ2V0TmFtZT1zcF9tdGY%26psc%3D1&aref=QGJG8rmBON&sp_cr=ZAZ,"₹2,049.00",4.2 out of 5 stars,True,,,Sponsored,new_page_goto
