keyword,page_no,position_on_page,overall_position,asin,title,brand,link,price,rating,sponsored
glass air fryer,1,1,1,B0C8NFLPYG,"Libra 4.5 Litre Airfryer | Digital Air Fryer With Glass Bowl | Teflon-Free, 8 Presets, 1450W Power | Air Fry, Toast, Grill, Reheat, Dehydrate, & Roast | Visible Window | Smart Air Fryer Oven, Black",400+ bought in past month,https://www.amazon.in/sspa/click?ie=UTF8&spc=MToxOTMzMzcxMTY4MzYzNzc4OjE3NzQ1OTM2NTg6c3BfYXRmOjMwMDUyMzYwMzQyMTEzMjo6MDo6&url=%2FLibra-Digital-Glass-Teflon-Free-Dehydrate%2Fdp%2FB0C8NFLPYG%2Fref%3Dsr_1_1_sspa%3Fcrid%3D2CNW8JLQNLBQA%26dib%3DeyJ2IjoiMSJ9.VpcXtCgerbeq6RmRHz3arW1xQzcZrQti5DSonytQZGZxMXKLvzl0z7KufEYyerAVxUi-2Ukbn76f9v9oXiY8GOQrdexFO1igmpNa43lfbBlKSjv8L7vBGk2vIvZ8JZ2IPTrq8pYGfm5JWrd7QxPxlXl1L4sV8ScpRjjSTV02iJ0Xq3yU3MBJDGA_0mNKapEnF_GJlusDKHiniTa9Ue7GmIXbZPdllsd33OL_HafjjQk.VeJuKrXrI4Eu1RKaoF_zmC4ZcCSd-KhsX8gVx04dVrU%26dib_tag%3Dse%26keywords%3Dglass%2Bair%2Bfryer%26qid%3D1774593658%26sprefix%3Dglass%2Bair%2Bfryer%252Caps%252C536%26sr%3D8-1-spons%26aref%3DZ8AwsKfo9X%26sp_csd%3Dd2lkZ2V0TmFtZT1zcF9hdGY%26psc%3D1&aref=Z8AwsKfo9X&sp_cr=ZAZ,"₹5,999",4.1 out of 5 stars,True
glass air fryer,1,2,2,B0CD7ZTPHM,"Faber 6L 1500W Digital Air Fryer | Fry, Bake, Roast, Toast, Defrost, Grill & Reheat | 85% Less Oil, 360° Air Cooking | 8-Preset Menu, LED Display & Touch Control, Non-Stick Pan, View Window | (Black)",300+ bought in past month,https://www.amazon.in/sspa/click?ie=UTF8&spc=MToxOTMzMzcxMTY4MzYzNzc4OjE3NzQ1OTM2NTg6c3BfYXRmOjMwMDY0NDMyNzg5NTIzMjo6MDo6&url=%2FFaber-Digital-Defrost-8-Preset-Non-Stick%2Fdp%2FB0CD7ZTPHM%2Fref%3Dsr_1_2_sspa%3Fcrid%3D2CNW8JLQNLBQA%26dib%3DeyJ2IjoiMSJ9.VpcXtCgerbeq6RmRHz3arW1xQzcZrQti5DSonytQZGZxMXKLvzl0z7KufEYyerAVxUi-2Ukbn76f9v9oXiY8GOQrdexFO1igmpNa43lfbBlKSjv8L7vBGk2vIvZ8JZ2IPTrq8pYGfm5JWrd7QxPxlXl1L4sV8ScpRjjSTV02iJ0Xq3yU3MBJDGA_0mNKapEnF_GJlusDKHiniTa9Ue7GmIXbZPdllsd33OL_HafjjQk.VeJuKrXrI4Eu1RKaoF_zmC4ZcCSd-KhsX8gVx04dVrU%26dib_tag%3Dse%26keywords%3Dglass%2Bair%2Bfryer%26qid%3D1774593658%26sprefix%3Dglass%2Bair%2Bfryer%252Caps%252C536%26sr%3D8-2-spons%26aref%3DeColHE08jr%26sp_csd%3Dd2lkZ2V0TmFtZT1zcF9hdGY%26psc%3D1&aref=eColHE08jr&sp_cr=ZAZ,"₹5,990",4.4 out of 5 stars,True
glass air fryer,1,3,3,B0C8NFLPYG,"Libra 4.5 Litre Airfryer | Digital Air Fryer With Glass Bowl | Teflon-Free, 8 Presets, 1450W Power | Air Fry, Toast, Grill, Reheat, Dehydrate, & Roast | Visible Window | Smart Air Fryer Oven, Black",400+ bought in past month,https://www.amazon.in/Libra-Digital-Glass-Teflon-Free-Dehydrate/dp/B0C8NFLPYG/ref=sr_1_3?crid=2CNW8JLQNLBQA&dib=eyJ2IjoiMSJ9.VpcXtCgerbeq6RmRHz3arW1xQzcZrQti5DSonytQZGZxMXKLvzl0z7KufEYyerAVxUi-2Ukbn76f9v9oXiY8GOQrdexFO1igmpNa43lfbBlKSjv8L7vBGk2vIvZ8JZ2IPTrq8pYGfm5JWrd7QxPxlXl1L4sV8ScpRjjSTV02iJ0Xq3yU3MBJDGA_0mNKapEnF_GJlusDKHiniTa9Ue7GmIXbZPdllsd33OL_HafjjQk.VeJuKrXrI4Eu1RKaoF_zmC4ZcCSd-KhsX8gVx04dVrU&dib_tag=se&keywords=glass+air+fryer&qid=1774593658&sprefix=glass+air+fryer%2Caps%2C536&sr=8-3,"₹5,999",4.1 out of 5 stars,True
glass air fryer,1,4,4,B0GC5NQFHV,Kilig Nexa Core 4L 100% Toxin-Free Air Fryer | Exclusive StepChef™ Feature | Borosilicate Glass Basket | 8 Indian Presets |1800W Top & Bottom Heating | App Control | Wi-Fi Enabled Smart Air Fryer,100+ bought in past month,https://www.amazon.in/Toxin-Free-Exclusive-StepChefTM-Feature-Borosilicate/dp/B0GC5NQFHV/ref=sr_1_4?crid=2CNW8JLQNLBQA&dib=eyJ2IjoiMSJ9.VpcXtCgerbeq6RmRHz3arW1xQzcZrQti5DSonytQZGZxMXKLvzl0z7KufEYyerAVxUi-2Ukbn76f9v9oXiY8GOQrdexFO1igmpNa43lfbBlKSjv8L7vBGk2vIvZ8JZ2IPTrq8pYGfm5JWrd7QxPxlXl1L4sV8ScpRjjSTV02iJ0Xq3yU3MBJDGA_0mNKapEnF_GJlusDKHiniTa9Ue7GmIXbZPdllsd33OL_HafjjQk.VeJuKrXrI4Eu1RKaoF_zmC4ZcCSd-KhsX8gVx04dVrU&dib_tag=se&keywords=glass+air+fryer&qid=1774593658&sprefix=glass+air+fryer%2Caps%2C536&sr=8-4,"₹7,990",4.5 out of 5 stars,True
glass air fryer,1,5,5,B0GSGLF8RF,"CELLO Airmate Modular Air Fryer with 5MM Borosilicate Glass Bowl 4L | 90% Less Fat Cooking, 1500W High Speed 360° Air Wave Technology | For Fry Bake Crisp Keep Warm, Cook Serve Store, Dishwasher Safe",M.R.P:,https://www.amazon.in/CELLO-Borosilicate-1500W-Technology-Dishwasher/dp/B0GSGLF8RF/ref=sr_1_5?crid=2CNW8JLQNLBQA&dib=eyJ2IjoiMSJ9.VpcXtCgerbeq6RmRHz3arW1xQzcZrQti5DSonytQZGZxMXKLvzl0z7KufEYyerAVxUi-2Ukbn76f9v9oXiY8GOQrdexFO1igmpNa43lfbBlKSjv8L7vBGk2vIvZ8JZ2IPTrq8pYGfm5JWrd7QxPxlXl1L4sV8ScpRjjSTV02iJ0Xq3yU3MBJDGA_0mNKapEnF_GJlusDKHiniTa9Ue7GmIXbZPdllsd33OL_HafjjQk.VeJuKrXrI4Eu1RKaoF_zmC4ZcCSd-KhsX8gVx04dVrU&dib_tag=se&keywords=glass+air+fryer&qid=1774593658&sprefix=glass+air+fryer%2Caps%2C536&sr=8-5,"₹5,999",5.0 out of 5 stars,True
glass air fryer,1,6,6,B0C8NFLPYG,"Libra 4.5 Litre Airfryer | Digital Air Fryer With Glass Bowl | Teflon-Free, 8 Presets, 1450W Power | Air Fry, Toast, Grill, Reheat, Dehydrate, & Roast | Visible Window | Smart Air Fryer Oven, Black",400+ bought in past month,https://www.amazon.in/sspa/click?ie=UTF8&spc=MToxNDIxNzE1NjYyNTQ3MzkwOjE3NzQ1OTM2NTg6c3Bfc2VhcmNoX3RoZW1hdGljOjMwMDUyMzYwMzQyMTEzMjo6MDo6&url=%2FLibra-Digital-Glass-Teflon-Free-Dehydrate%2Fdp%2FB0C8NFLPYG%2Fref%3Dsxin_14_pa_sp_search_thematic_sspa%3Fcontent-id%3Damzn1.sym.7e2c8ac4-9f12-4bcd-9497-a8ae54bc8764%253Aamzn1.sym.7e2c8ac4-9f12-4bcd-9497-a8ae54bc8764%26crid%3D2CNW8JLQNLBQA%26cv_ct_cx%3Dglass%2Bair%2Bfryer%26keywords%3Dglass%2Bair%2Bfryer%26pd_rd_i%3DB0C8NFLPYG%26pd_rd_r%3D3fad437c-24f3-4d68-89e1-ae0cf5e3a63d%26pd_rd_w%3Dx0J7G%26pd_rd_wg%3DyQyDG%26pf_rd_p%3D7e2c8ac4-9f12-4bcd-9497-a8ae54bc8764%26pf_rd_r%3DC7589F2QP1H5AY87GB8C%26qid%3D1774593658%26sbo%3DRZvfv%252F%252FHxDF%252BO5021pAnSA%253D%253D%26sprefix%3Dglass%2Bair%2Bfryer%252Caps%252C536%26sr%3D1-1-66673dcf-083f-43ba-b782-d4a436cc5cfb-spons%26aref%3DZ8AwsKfo9X%26sp_csd%3Dd2lkZ2V0TmFtZT1zcF9zZWFyY2hfdGhlbWF0aWM%26psc%3D1&aref=Z8AwsKfo9X&sp_cr=ZAZ,"₹5,999",4.1 out of 5 stars,True
glass air fryer,1,7,7,B0GMJG8JYC,Kilig Iris Plus Airfryer | Dual Toxin-Free Glass Containers (4L + 1.5L) | 5 Smart Modes | 1500W | Overheat Protection | 360° Air circulation | Matte Black,"( ₹9,99,000 ₹9,99,000/100 g)",https://www.amazon.in/sspa/click?ie=UTF8&spc=MToxNDIxNzE1NjYyNTQ3MzkwOjE3NzQ1OTM2NTg6c3Bfc2VhcmNoX3RoZW1hdGljOjMwMDk0NzIxOTUxMzkzMjo6MTo6&url=%2FAirfryer-Toxin-Free-Containers-Protection-circulation%2Fdp%2FB0GMJG8JYC%2Fref%3Dsxin_14_pa_sp_search_thematic_sspa%3Fcontent-id%3Damzn1.sym.7e2c8ac4-9f12-4bcd-9497-a8ae54bc8764%253Aamzn1.sym.7e2c8ac4-9f12-4bcd-9497-a8ae54bc8764%26crid%3D2CNW8JLQNLBQA%26cv_ct_cx%3Dglass%2Bair%2Bfryer%26keywords%3Dglass%2Bair%2Bfryer%26pd_rd_i%3DB0GMJG8JYC%26pd_rd_r%3D3fad437c-24f3-4d68-89e1-ae0cf5e3a63d%26pd_rd_w%3Dx0J7G%26pd_rd_wg%3DyQyDG%26pf_rd_p%3D7e2c8ac4-9f12-4bcd-9497-a8ae54bc8764%26pf_rd_r%3DC7589F2QP1H5AY87GB8C%26qid%3D1774593658%26sbo%3DRZvfv%252F%252FHxDF%252BO5021pAnSA%253D%253D%26sprefix%3Dglass%2Bair%2Bfryer%252Caps%252C536%26sr%3D1-2-66673dcf-083f-43ba-b782-d4a436cc5cfb-spons%26aref%3DzT3fkbA2nq%26sp_csd%3Dd2lkZ2V0TmFtZT1zcF9zZWFyY2hfdGhlbWF0aWM%26psc%3D1&aref=zT3fkbA2nq&sp_cr=ZAZ,"₹9,990",4.0 out of 5 stars,True
glass air fryer,1,8,8,B0CNT56SFG,"Nutricook Steami X 24L Black (Steam + Air Fryer Oven) with 10-in-1 functions like Steam Cook, Steam Roast, Air Fry, Bake, Sterilize & more. Steam + Convection technology, 2200W power, 2-year warranty",200+ bought in past month,https://www.amazon.in/sspa/click?ie=UTF8&spc=MToxNDIxNzE1NjYyNTQ3MzkwOjE3NzQ1OTM2NTg6c3Bfc2VhcmNoX3RoZW1hdGljOjMwMDQ3NTg2MzQyNTIzMjo6Mjo6&url=%2FAir-Fryer-Oven-Convection-Technology%2Fdp%2FB0CNT56SFG%2Fref%3Dsxin_14_pa_sp_search_thematic_sspa%3Fcontent-id%3Damzn1.sym.7e2c8ac4-9f12-4bcd-9497-a8ae54bc8764%253Aamzn1.sym.7e2c8ac4-9f12-4bcd-9497-a8ae54bc8764%26crid%3D2CNW8JLQNLBQA%26cv_ct_cx%3Dglass%2Bair%2Bfryer%26keywords%3Dglass%2Bair%2Bfryer%26pd_rd_i%3DB0CNT56SFG%26pd_rd_r%3D3fad437c-24f3-4d68-89e1-ae0cf5e3a63d%26pd_rd_w%3Dx0J7G%26pd_rd_wg%3DyQyDG%26pf_rd_p%3D7e2c8ac4-9f12-4bcd-9497-a8ae54bc8764%26pf_rd_r%3DC7589F2QP1H5AY87GB8C%26qid%3D1774593658%26sbo%3DRZvfv%252F%252FHxDF%252BO5021pAnSA%253D%253D%26sprefix%3Dglass%2Bair%2Bfryer%252Caps%252C536%26sr%3D1-3-66673dcf-083f-43ba-b782-d4a436cc5cfb-spons%26aref%3DvWPvftYxGQ%26sp_csd%3Dd2lkZ2V0TmFtZT1zcF9zZWFyY2hfdGhlbWF0aWM%26psc%3D1&aref=vWPvftYxGQ&sp_cr=ZAZ,"₹19,999",4.4 out of 5 stars,True
glass air fryer,1,9,9,B0GC5NQFHV,Kilig Nexa Core 4L 100% Toxin-Free Air Fryer | Exclusive StepChef™ Feature | Borosilicate Glass Basket | 8 Indian Presets |1800W Top & Bottom Heating | App Control | Wi-Fi Enabled Smart Air Fryer,100+ bought in past month,https://www.amazon.in/sspa/click?ie=UTF8&spc=MToxNDIxNzE1NjYyNTQ3MzkwOjE3NzQ1OTM2NTg6c3Bfc2VhcmNoX3RoZW1hdGljOjMwMDkwNzcxNTA5NDczMjo6Mzo6&url=%2FToxin-Free-Exclusive-StepChefTM-Feature-Borosilicate%2Fdp%2FB0GC5NQFHV%2Fref%3Dsxin_14_pa_sp_search_thematic_sspa%3Fcontent-id%3Damzn1.sym.7e2c8ac4-9f12-4bcd-9497-a8ae54bc8764%253Aamzn1.sym.7e2c8ac4-9f12-4bcd-9497-a8ae54bc8764%26crid%3D2CNW8JLQNLBQA%26cv_ct_cx%3Dglass%2Bair%2Bfryer%26keywords%3Dglass%2Bair%2Bfryer%26pd_rd_i%3DB0GC5NQFHV%26pd_rd_r%3D3fad437c-24f3-4d68-89e1-ae0cf5e3a63d%26pd_rd_w%3Dx0J7G%26pd_rd_wg%3DyQyDG%26pf_rd_p%3D7e2c8ac4-9f12-4bcd-9497-a8ae54bc8764%26pf_rd_r%3DC7589F2QP1H5AY87GB8C%26qid%3D1774593658%26sbo%3DRZvfv%252F%252FHxDF%252BO5021pAnSA%253D%253D%26sprefix%3Dglass%2Bair%2Bfryer%252Caps%252C536%26sr%3D1-4-66673dcf-083f-43ba-b782-d4a436cc5cfb-spons%26aref%3DCNEOVzG6Zl%26sp_csd%3Dd2lkZ2V0TmFtZT1zcF9zZWFyY2hfdGhlbWF0aWM%26psc%3D1&aref=CNEOVzG6Zl&sp_cr=ZAZ,"₹7,990",4.5 out of 5 stars,True
glass air fryer,1,10,10,B097RJ867P,"PHILIPS Digital Air Fryer HD9252/90 with Touch Panel, uses up to 90% less fat, 7 Pre-set Menu, 1400W, 4.1 Liter, with Rapid Air Technology (Black), Large",1K+ bought in past month,https://www.amazon.in/sspa/click?ie=UTF8&spc=MToxNDIxNzE1NjYyNTQ3MzkwOjE3NzQ1OTM2NTg6c3Bfc2VhcmNoX3RoZW1hdGljOjMwMDQ1ODk3MzU2MTczMjo6NDo6&url=%2FPHILIPS-Digital-HD9252-90-Technology%2Fdp%2FB097RJ867P%2Fref%3Dsxin_14_pa_sp_search_thematic_sspa%3Fcontent-id%3Damzn1.sym.7e2c8ac4-9f12-4bcd-9497-a8ae54bc8764%253Aamzn1.sym.7e2c8ac4-9f12-4bcd-9497-a8ae54bc8764%26crid%3D2CNW8JLQNLBQA%26cv_ct_cx%3Dglass%2Bair%2Bfryer%26keywords%3Dglass%2Bair%2Bfryer%26pd_rd_i%3DB097RJ867P%26pd_rd_r%3D3fad437c-24f3-4d68-89e1-ae0cf5e3a63d%26pd_rd_w%3Dx0J7G%26pd_rd_wg%3DyQyDG%26pf_rd_p%3D7e2c8ac4-9f12-4bcd-9497-a8ae54bc8764%26pf_rd_r%3DC7589F2QP1H5AY87GB8C%26qid%3D1774593658%26sbo%3DRZvfv%252F%252FHxDF%252BO5021pAnSA%253D%253D%26sprefix%3Dglass%2Bair%2Bfryer%252Caps%252C536%26sr%3D1-5-66673dcf-083f-43ba-b782-d4a436cc5cfb-spons%26aref%3DYaOdcX3K9Y%26sp_csd%3Dd2lkZ2V0TmFtZT1zcF9zZWFyY2hfdGhlbWF0aWM%26psc%3D1&aref=YaOdcX3K9Y&sp_cr=ZAZ,"₹7,999",4.3 out of 5 stars,True
glass air fryer,1,11,11,B0GMJG8JYC,Kilig Iris Plus Airfryer | Dual Toxin-Free Glass Containers (4L + 1.5L) | 5 Smart Modes | 1500W | Overheat Protection | 360° Air circulation | Matte Black,"( ₹9,99,000 ₹9,99,000/100 g)",https://www.amazon.in/Airfryer-Toxin-Free-Containers-Protection-circulation/dp/B0GMJG8JYC/ref=sr_1_6?crid=2CNW8JLQNLBQA&dib=eyJ2IjoiMSJ9.VpcXtCgerbeq6RmRHz3arW1xQzcZrQti5DSonytQZGZxMXKLvzl0z7KufEYyerAVxUi-2Ukbn76f9v9oXiY8GOQrdexFO1igmpNa43lfbBlKSjv8L7vBGk2vIvZ8JZ2IPTrq8pYGfm5JWrd7QxPxlXl1L4sV8ScpRjjSTV02iJ0Xq3yU3MBJDGA_0mNKapEnF_GJlusDKHiniTa9Ue7GmIXbZPdllsd33OL_HafjjQk.VeJuKrXrI4Eu1RKaoF_zmC4ZcCSd-KhsX8gVx04dVrU&dib_tag=se&keywords=glass+air+fryer&qid=1774593658&sprefix=glass+air+fryer%2Caps%2C536&sr=8-6,"₹9,990",4.0 out of 5 stars,True
glass air fryer,1,12,12,B0DWS9YF91,"Acerpure Air Fryer | 100% Glass Bowl | 90% Less Oil | 5.5L Air Fryer + 2.5L Cooking Pot | Air Fry, Toast, Reheat, Grill, Cook | 360° TurboHeat Technology | Preset Modes | 1500 Watts | Black",M.R.P:,https://www.amazon.in/Acerpure-Grilling-Warranty-TurboHeat-Technology/dp/B0DWS9YF91/ref=sr_1_7?crid=2CNW8JLQNLBQA&dib=eyJ2IjoiMSJ9.VpcXtCgerbeq6RmRHz3arW1xQzcZrQti5DSonytQZGZxMXKLvzl0z7KufEYyerAVxUi-2Ukbn76f9v9oXiY8GOQrdexFO1igmpNa43lfbBlKSjv8L7vBGk2vIvZ8JZ2IPTrq8pYGfm5JWrd7QxPxlXl1L4sV8ScpRjjSTV02iJ0Xq3yU3MBJDGA_0mNKapEnF_GJlusDKHiniTa9Ue7GmIXbZPdllsd33OL_HafjjQk.VeJuKrXrI4Eu1RKaoF_zmC4ZcCSd-KhsX8gVx04dVrU&dib_tag=se&keywords=glass+air+fryer&qid=1774593658&sprefix=glass+air+fryer%2Caps%2C536&sr=8-7,"₹9,990",4.0 out of 5 stars,True
glass air fryer,1,13,13,B0FM3Z53ZC,"Stegl Glass Air Fryer, 4L, with 360° Rapid Air Tech, 90% less fat, touch panel, 7 presets, temp/time control, Teflon-free; Fry, Bake, Roast, Toast, Defrost, Grill & Re-heat.",M.R.P:,https://www.amazon.in/presets-control-Teflon-free-Defrost-Re-heat/dp/B0FM3Z53ZC/ref=sr_1_8?crid=2CNW8JLQNLBQA&dib=eyJ2IjoiMSJ9.VpcXtCgerbeq6RmRHz3arW1xQzcZrQti5DSonytQZGZxMXKLvzl0z7KufEYyerAVxUi-2Ukbn76f9v9oXiY8GOQrdexFO1igmpNa43lfbBlKSjv8L7vBGk2vIvZ8JZ2IPTrq8pYGfm5JWrd7QxPxlXl1L4sV8ScpRjjSTV02iJ0Xq3yU3MBJDGA_0mNKapEnF_GJlusDKHiniTa9Ue7GmIXbZPdllsd33OL_HafjjQk.VeJuKrXrI4Eu1RKaoF_zmC4ZcCSd-KhsX8gVx04dVrU&dib_tag=se&keywords=glass+air+fryer&qid=1774593658&sprefix=glass+air+fryer%2Caps%2C536&sr=8-8,"₹9,999",5.0 out of 5 stars,True
glass air fryer,1,14,14,B0FXLKZ9ZH,"NUUK BRĪSK 6.5L 100% Toxin-Free Ceramic Air Fryer | ILAG® CeramicTech™ | No Micro plastics, No PTFE, PFAS, PFOA | 8 Cooking Presets | Digital Display | Shake Reminder | 360° Even Cooking",100+ bought in past month,https://www.amazon.in/NUUK-Toxin-Free-CeramicTechTM-plastics-Reminder/dp/B0FXLKZ9ZH/ref=sr_1_9?crid=2CNW8JLQNLBQA&dib=eyJ2IjoiMSJ9.VpcXtCgerbeq6RmRHz3arW1xQzcZrQti5DSonytQZGZxMXKLvzl0z7KufEYyerAVxUi-2Ukbn76f9v9oXiY8GOQrdexFO1igmpNa43lfbBlKSjv8L7vBGk2vIvZ8JZ2IPTrq8pYGfm5JWrd7QxPxlXl1L4sV8ScpRjjSTV02iJ0Xq3yU3MBJDGA_0mNKapEnF_GJlusDKHiniTa9Ue7GmIXbZPdllsd33OL_HafjjQk.VeJuKrXrI4Eu1RKaoF_zmC4ZcCSd-KhsX8gVx04dVrU&dib_tag=se&keywords=glass+air+fryer&qid=1774593658&sprefix=glass+air+fryer%2Caps%2C536&sr=8-9,"₹8,999",4.5 out of 5 stars,True
glass air fryer,1,15,15,B0G5Y1K8V3,"SOLARA Air Fryer 4.5 Litres with 500ml 2-in-1 Glass Oil Sprayer & Pack of 6 Reusable Silicone Basket Liners Combo Pack, 10 Preset menus, BPA-Free Kitchen and Air Fryer Accessories",400+ bought in past month,https://www.amazon.in/SOLARA-Air-Fryer-Combo-Accessories/dp/B0G5Y1K8V3/ref=sr_1_10?crid=2CNW8JLQNLBQA&dib=eyJ2IjoiMSJ9.VpcXtCgerbeq6RmRHz3arW1xQzcZrQti5DSonytQZGZxMXKLvzl0z7KufEYyerAVxUi-2Ukbn76f9v9oXiY8GOQrdexFO1igmpNa43lfbBlKSjv8L7vBGk2vIvZ8JZ2IPTrq8pYGfm5JWrd7QxPxlXl1L4sV8ScpRjjSTV02iJ0Xq3yU3MBJDGA_0mNKapEnF_GJlusDKHiniTa9Ue7GmIXbZPdllsd33OL_HafjjQk.VeJuKrXrI4Eu1RKaoF_zmC4ZcCSd-KhsX8gVx04dVrU&dib_tag=se&keywords=glass+air+fryer&qid=1774593658&sprefix=glass+air+fryer%2Caps%2C536&sr=8-10,"₹3,999",3.1 out of 5 stars,True
glass air fryer,1,16,16,B0GMJG8JYC,Kilig Iris Plus Airfryer | Dual Toxin-Free Glass Containers (4L + 1.5L) | 5 Smart Modes | 1500W | Overheat Protection | 360° Air circulation | Matte Black,"( ₹9,99,000 ₹9,99,000/100 g)",https://www.amazon.in/sspa/click?ie=UTF8&spc=MToxOTMzMzcxMTY4MzYzNzc4OjE3NzQ1OTM2NTg6c3BfbXRmOjMwMDk0NzIxOTUxMzkzMjo6MDo6&url=%2FAirfryer-Toxin-Free-Containers-Protection-circulation%2Fdp%2FB0GMJG8JYC%2Fref%3Dsr_1_11_sspa%3Fcrid%3D2CNW8JLQNLBQA%26dib%3DeyJ2IjoiMSJ9.VpcXtCgerbeq6RmRHz3arW1xQzcZrQti5DSonytQZGZxMXKLvzl0z7KufEYyerAVxUi-2Ukbn76f9v9oXiY8GOQrdexFO1igmpNa43lfbBlKSjv8L7vBGk2vIvZ8JZ2IPTrq8pYGfm5JWrd7QxPxlXl1L4sV8ScpRjjSTV02iJ0Xq3yU3MBJDGA_0mNKapEnF_GJlusDKHiniTa9Ue7GmIXbZPdllsd33OL_HafjjQk.VeJuKrXrI4Eu1RKaoF_zmC4ZcCSd-KhsX8gVx04dVrU%26dib_tag%3Dse%26keywords%3Dglass%2Bair%2Bfryer%26qid%3D1774593658%26sprefix%3Dglass%2Bair%2Bfryer%252Caps%252C536%26sr%3D8-11-spons%26aref%3DzT3fkbA2nq%26sp_csd%3Dd2lkZ2V0TmFtZT1zcF9tdGY%26psc%3D1&aref=zT3fkbA2nq&sp_cr=ZAZ,"₹9,990",4.0 out of 5 stars,True
glass air fryer,1,17,17,B0CNT56SFG,"Nutricook Steami X 24L Black (Steam + Air Fryer Oven) with 10-in-1 functions like Steam Cook, Steam Roast, Air Fry, Bake, Sterilize & more. Steam + Convection technology, 2200W power, 2-year warranty",200+ bought in past month,https://www.amazon.in/sspa/click?ie=UTF8&spc=MToxOTMzMzcxMTY4MzYzNzc4OjE3NzQ1OTM2NTg6c3BfbXRmOjMwMDQ3NTg2MzQyNTIzMjo6MDo6&url=%2FAir-Fryer-Oven-Convection-Technology%2Fdp%2FB0CNT56SFG%2Fref%3Dsr_1_12_sspa%3Fcrid%3D2CNW8JLQNLBQA%26dib%3DeyJ2IjoiMSJ9.VpcXtCgerbeq6RmRHz3arW1xQzcZrQti5DSonytQZGZxMXKLvzl0z7KufEYyerAVxUi-2Ukbn76f9v9oXiY8GOQrdexFO1igmpNa43lfbBlKSjv8L7vBGk2vIvZ8JZ2IPTrq8pYGfm5JWrd7QxPxlXl1L4sV8ScpRjjSTV02iJ0Xq3yU3MBJDGA_0mNKapEnF_GJlusDKHiniTa9Ue7GmIXbZPdllsd33OL_HafjjQk.VeJuKrXrI4Eu1RKaoF_zmC4ZcCSd-KhsX8gVx04dVrU%26dib_tag%3Dse%26keywords%3Dglass%2Bair%2Bfryer%26qid%3D1774593658%26sprefix%3Dglass%2Bair%2Bfryer%252Caps%252C536%26sr%3D8-12-spons%26aref%3DvWPvftYxGQ%26sp_csd%3Dd2lkZ2V0TmFtZT1zcF9tdGY%26psc%3D1&aref=vWPvftYxGQ&sp_cr=ZAZ,"₹19,999",4.4 out of 5 stars,True
glass air fryer,1,18,18,B0D14BB5XY,"PHILIPS Air Fryer NA120/00, uses up to 90% less fat, 1500W, 4.2 Liter, with Rapid Air Technology (Black), Large",9K+ bought in past month,https://www.amazon.in/PHILIPS-Fryer-NA120-00-Technology/dp/B0D14BB5XY/ref=sr_1_13?crid=2CNW8JLQNLBQA&dib=eyJ2IjoiMSJ9.VpcXtCgerbeq6RmRHz3arW1xQzcZrQti5DSonytQZGZxMXKLvzl0z7KufEYyerAVxUi-2Ukbn76f9v9oXiY8GOQrdexFO1igmpNa43lfbBlKSjv8L7vBGk2vIvZ8JZ2IPTrq8pYGfm5JWrd7QxPxlXl1L4sV8ScpRjjSTV02iJ0Xq3yU3MBJDGA_0mNKapEnF_GJlusDKHiniTa9Ue7GmIXbZPdllsd33OL_HafjjQk.VeJuKrXrI4Eu1RKaoF_zmC4ZcCSd-KhsX8gVx04dVrU&dib_tag=se&keywords=glass+air+fryer&qid=1774593658&sprefix=glass+air+fryer%2Caps%2C536&sr=8-13,"₹4,802",4.3 out of 5 stars,True
glass air fryer,1,19,19,B0FH6CHP7K,"KENT Digital Air Fryer 6.5L,1600W,Bake,Grill & Roast,Up To 80% Less Oil Usage,Rapid Heat Circulation,8 Preset Menu,Digital Display & Touch Control Panel,Glass Window With In Built Light,Black",300+ bought in past month,https://www.amazon.in/KENT-Digital-6-5L-Circulation-Display/dp/B0FH6CHP7K/ref=sr_1_14?crid=2CNW8JLQNLBQA&dib=eyJ2IjoiMSJ9.VpcXtCgerbeq6RmRHz3arW1xQzcZrQti5DSonytQZGZxMXKLvzl0z7KufEYyerAVxUi-2Ukbn76f9v9oXiY8GOQrdexFO1igmpNa43lfbBlKSjv8L7vBGk2vIvZ8JZ2IPTrq8pYGfm5JWrd7QxPxlXl1L4sV8ScpRjjSTV02iJ0Xq3yU3MBJDGA_0mNKapEnF_GJlusDKHiniTa9Ue7GmIXbZPdllsd33OL_HafjjQk.VeJuKrXrI4Eu1RKaoF_zmC4ZcCSd-KhsX8gVx04dVrU&dib_tag=se&keywords=glass+air+fryer&qid=1774593658&sprefix=glass+air+fryer%2Caps%2C536&sr=8-14,"₹5,348",4.0 out of 5 stars,True
glass air fryer,1,20,20,B0FTV4G9GJ,"KENT Ultra Digital Air Fryer 4.5L |1500W| Bake, Grill & Roast | Up to 80% Less Oil Usage |8 Preset Menu|Rapid Heat Circulation |Digital Display & Touch Control Panel |Glass Window with in built Light",100+ bought in past month,https://www.amazon.in/KENT-Ultra-Digital-Air-Fryer/dp/B0FTV4G9GJ/ref=sr_1_15?crid=2CNW8JLQNLBQA&dib=eyJ2IjoiMSJ9.VpcXtCgerbeq6RmRHz3arW1xQzcZrQti5DSonytQZGZxMXKLvzl0z7KufEYyerAVxUi-2Ukbn76f9v9oXiY8GOQrdexFO1igmpNa43lfbBlKSjv8L7vBGk2vIvZ8JZ2IPTrq8pYGfm5JWrd7QxPxlXl1L4sV8ScpRjjSTV02iJ0Xq3yU3MBJDGA_0mNKapEnF_GJlusDKHiniTa9Ue7GmIXbZPdllsd33OL_HafjjQk.VeJuKrXrI4Eu1RKaoF_zmC4ZcCSd-KhsX8gVx04dVrU&dib_tag=se&keywords=glass+air+fryer&qid=1774593658&sprefix=glass+air+fryer%2Caps%2C536&sr=8-15,"₹4,199",4.0 out of 5 stars,True
glass air fryer,1,21,21,B0DN162F92,"Nutricook 5L Air Fryer Slim (2025) with 100% Toxin-Free Ceramic Coating—No PTFE, PFAS, PFOA or Microplastics, Clear Window, Light & Large Basket | 1500W, 4 Presets, 2-Year Warranty",1K+ bought in past month,https://www.amazon.in/Nutricook-Warranty-Toxin-Free-Coating-No-Microplastics/dp/B0DN162F92/ref=sr_1_16?crid=2CNW8JLQNLBQA&dib=eyJ2IjoiMSJ9.VpcXtCgerbeq6RmRHz3arW1xQzcZrQti5DSonytQZGZxMXKLvzl0z7KufEYyerAVxUi-2Ukbn76f9v9oXiY8GOQrdexFO1igmpNa43lfbBlKSjv8L7vBGk2vIvZ8JZ2IPTrq8pYGfm5JWrd7QxPxlXl1L4sV8ScpRjjSTV02iJ0Xq3yU3MBJDGA_0mNKapEnF_GJlusDKHiniTa9Ue7GmIXbZPdllsd33OL_HafjjQk.VeJuKrXrI4Eu1RKaoF_zmC4ZcCSd-KhsX8gVx04dVrU&dib_tag=se&keywords=glass+air+fryer&qid=1774593658&sprefix=glass+air+fryer%2Caps%2C536&sr=8-16,"₹5,499",4.6 out of 5 stars,True
glass air fryer,1,22,22,B0GCFKV96Z,"Nestasia Glass Oil Sprayer Bottle for Kitchen (220ml) - 100% Food-Safe Vinegar & Olive Oil Spray Bottle for Healthy Cooking, Salad Dressing, Air Fryer, BBQ & Grilling (Black)",1K+ bought in past month,https://www.amazon.in/Nestasia-Glass-Sprayer-Bottle-Kitchen/dp/B0GCFKV96Z/ref=sr_1_17?crid=2CNW8JLQNLBQA&dib=eyJ2IjoiMSJ9.VpcXtCgerbeq6RmRHz3arW1xQzcZrQti5DSonytQZGZxMXKLvzl0z7KufEYyerAVxUi-2Ukbn76f9v9oXiY8GOQrdexFO1igmpNa43lfbBlKSjv8L7vBGk2vIvZ8JZ2IPTrq8pYGfm5JWrd7QxPxlXl1L4sV8ScpRjjSTV02iJ0Xq3yU3MBJDGA_0mNKapEnF_GJlusDKHiniTa9Ue7GmIXbZPdllsd33OL_HafjjQk.VeJuKrXrI4Eu1RKaoF_zmC4ZcCSd-KhsX8gVx04dVrU&dib_tag=se&keywords=glass+air+fryer&qid=1774593658&sprefix=glass+air+fryer%2Caps%2C536&sr=8-17,₹199,3.9 out of 5 stars,True
glass air fryer,1,23,23,B0FKGLDCV5,"INALSA Non-Toxic Ceramic Coated Air fryer 5.5 L & 1600 W Power|No PTFE, PFAS, PFOA & Microplastics|Visible Window|Digital Touch Panel,8 Presets|Low Oil Healthy Cooking, Tasty Fry CDW 5.5",500+ bought in past month,https://www.amazon.in/INALSA-Tasty-Fry-CDW-5-5/dp/B0FKGLDCV5/ref=sr_1_18?crid=2CNW8JLQNLBQA&dib=eyJ2IjoiMSJ9.VpcXtCgerbeq6RmRHz3arW1xQzcZrQti5DSonytQZGZxMXKLvzl0z7KufEYyerAVxUi-2Ukbn76f9v9oXiY8GOQrdexFO1igmpNa43lfbBlKSjv8L7vBGk2vIvZ8JZ2IPTrq8pYGfm5JWrd7QxPxlXl1L4sV8ScpRjjSTV02iJ0Xq3yU3MBJDGA_0mNKapEnF_GJlusDKHiniTa9Ue7GmIXbZPdllsd33OL_HafjjQk.VeJuKrXrI4Eu1RKaoF_zmC4ZcCSd-KhsX8gVx04dVrU&dib_tag=se&keywords=glass+air+fryer&qid=1774593658&sprefix=glass+air+fryer%2Caps%2C536&sr=8-18,"₹5,799",4.2 out of 5 stars,True
glass air fryer,1,24,24,B0CD7ZTPHM,"Faber 6L 1500W Digital Air Fryer | Fry, Bake, Roast, Toast, Defrost, Grill & Reheat | 85% Less Oil, 360° Air Cooking | 8-Preset Menu, LED Display & Touch Control, Non-Stick Pan, View Window | (Black)",300+ bought in past month,https://www.amazon.in/Faber-Digital-Defrost-8-Preset-Non-Stick/dp/B0CD7ZTPHM/ref=sr_1_19?crid=2CNW8JLQNLBQA&dib=eyJ2IjoiMSJ9.VpcXtCgerbeq6RmRHz3arW1xQzcZrQti5DSonytQZGZxMXKLvzl0z7KufEYyerAVxUi-2Ukbn76f9v9oXiY8GOQrdexFO1igmpNa43lfbBlKSjv8L7vBGk2vIvZ8JZ2IPTrq8pYGfm5JWrd7QxPxlXl1L4sV8ScpRjjSTV02iJ0Xq3yU3MBJDGA_0mNKapEnF_GJlusDKHiniTa9Ue7GmIXbZPdllsd33OL_HafjjQk.VeJuKrXrI4Eu1RKaoF_zmC4ZcCSd-KhsX8gVx04dVrU&dib_tag=se&keywords=glass+air+fryer&qid=1774593658&sprefix=glass+air+fryer%2Caps%2C536&sr=8-19,"₹5,990",4.4 out of 5 stars,True
glass air fryer,1,25,25,B07VHFMZHJ,"Instant Vortex Plus 6L Air Fryer, 6-in-1 with 360° EvenCrisp Technology, Touch Control Panel, Uses 95% Less Oil, Air Fry, Roast, Grill, Bake, Reheat & Dehydrate, 1500W, PFOA-Free & BPA-Free, 230V",400+ bought in past month,https://www.amazon.in/Instant-Vortex-Plus-Air-Fryer/dp/B07VHFMZHJ/ref=sr_1_20?crid=2CNW8JLQNLBQA&dib=eyJ2IjoiMSJ9.VpcXtCgerbeq6RmRHz3arW1xQzcZrQti5DSonytQZGZxMXKLvzl0z7KufEYyerAVxUi-2Ukbn76f9v9oXiY8GOQrdexFO1igmpNa43lfbBlKSjv8L7vBGk2vIvZ8JZ2IPTrq8pYGfm5JWrd7QxPxlXl1L4sV8ScpRjjSTV02iJ0Xq3yU3MBJDGA_0mNKapEnF_GJlusDKHiniTa9Ue7GmIXbZPdllsd33OL_HafjjQk.VeJuKrXrI4Eu1RKaoF_zmC4ZcCSd-KhsX8gVx04dVrU&dib_tag=se&keywords=glass+air+fryer&qid=1774593658&sprefix=glass+air+fryer%2Caps%2C536&sr=8-20,"₹11,799",4.8 out of 5 stars,True
glass air fryer,1,26,26,B097RJ867P,"PHILIPS Digital Air Fryer HD9252/90 with Touch Panel, uses up to 90% less fat, 7 Pre-set Menu, 1400W, 4.1 Liter, with Rapid Air Technology (Black), Large",1K+ bought in past month,https://www.amazon.in/sspa/click?ie=UTF8&spc=MToxOTMzMzcxMTY4MzYzNzc4OjE3NzQ1OTM2NTg6c3BfYnRmOjMwMDQ1ODk3MzU2MTczMjo6MDo6&url=%2FPHILIPS-Digital-HD9252-90-Technology%2Fdp%2FB097RJ867P%2Fref%3Dsr_1_21_sspa%3Fcrid%3D2CNW8JLQNLBQA%26dib%3DeyJ2IjoiMSJ9.VpcXtCgerbeq6RmRHz3arW1xQzcZrQti5DSonytQZGZxMXKLvzl0z7KufEYyerAVxUi-2Ukbn76f9v9oXiY8GOQrdexFO1igmpNa43lfbBlKSjv8L7vBGk2vIvZ8JZ2IPTrq8pYGfm5JWrd7QxPxlXl1L4sV8ScpRjjSTV02iJ0Xq3yU3MBJDGA_0mNKapEnF_GJlusDKHiniTa9Ue7GmIXbZPdllsd33OL_HafjjQk.VeJuKrXrI4Eu1RKaoF_zmC4ZcCSd-KhsX8gVx04dVrU%26dib_tag%3Dse%26keywords%3Dglass%2Bair%2Bfryer%26qid%3D1774593658%26sprefix%3Dglass%2Bair%2Bfryer%252Caps%252C536%26sr%3D8-21-spons%26aref%3DYaOdcX3K9Y%26sp_csd%3Dd2lkZ2V0TmFtZT1zcF9idGY%26psc%3D1&aref=YaOdcX3K9Y&sp_cr=ZAZ,"₹7,999",4.3 out of 5 stars,True
glass air fryer,1,27,27,B0GSGLF8RF,"CELLO Airmate Modular Air Fryer with 5MM Borosilicate Glass Bowl 4L | 90% Less Fat Cooking, 1500W High Speed 360° Air Wave Technology | For Fry Bake Crisp Keep Warm, Cook Serve Store, Dishwasher Safe",M.R.P:,https://www.amazon.in/sspa/click?ie=UTF8&spc=MToxOTMzMzcxMTY4MzYzNzc4OjE3NzQ1OTM2NTg6c3BfYnRmOjMwMTAwNDk1NTg0MDczMjo6MDo6&url=%2FCELLO-Borosilicate-1500W-Technology-Dishwasher%2Fdp%2FB0GSGLF8RF%2Fref%3Dsr_1_22_sspa%3Fcrid%3D2CNW8JLQNLBQA%26dib%3DeyJ2IjoiMSJ9.VpcXtCgerbeq6RmRHz3arW1xQzcZrQti5DSonytQZGZxMXKLvzl0z7KufEYyerAVxUi-2Ukbn76f9v9oXiY8GOQrdexFO1igmpNa43lfbBlKSjv8L7vBGk2vIvZ8JZ2IPTrq8pYGfm5JWrd7QxPxlXl1L4sV8ScpRjjSTV02iJ0Xq3yU3MBJDGA_0mNKapEnF_GJlusDKHiniTa9Ue7GmIXbZPdllsd33OL_HafjjQk.VeJuKrXrI4Eu1RKaoF_zmC4ZcCSd-KhsX8gVx04dVrU%26dib_tag%3Dse%26keywords%3Dglass%2Bair%2Bfryer%26qid%3D1774593658%26sprefix%3Dglass%2Bair%2Bfryer%252Caps%252C536%26sr%3D8-22-spons%26aref%3DuMOBkks86j%26sp_csd%3Dd2lkZ2V0TmFtZT1zcF9idGY%26psc%3D1&aref=uMOBkks86j&sp_cr=ZAZ,"₹5,999",5.0 out of 5 stars,True
glass air fryer,1,28,28,B0CNT56SFG,"Nutricook Steami X 24L Black (Steam + Air Fryer Oven) with 10-in-1 functions like Steam Cook, Steam Roast, Air Fry, Bake, Sterilize & more. Steam + Convection technology, 2200W power, 2-year warranty",200+ bought in past month,https://www.amazon.in/sspa/click?ie=UTF8&spc=MTozOTE5NDY5MDkxNTQ2Njk2OjE3NzQ1OTM2NTg6c3Bfc2VhcmNoX3RoZW1hdGljX2J0ZjozMDA0NzU4NjM0MjUyMzI6OjA6Og&url=%2FAir-Fryer-Oven-Convection-Technology%2Fdp%2FB0CNT56SFG%2Fref%3Dsxbs_pa_sp_search_thematic_btf_sspa%3Fcontent-id%3Damzn1.sym.6748dafd-1857-4dd2-9058-aab807cb526e%253Aamzn1.sym.6748dafd-1857-4dd2-9058-aab807cb526e%26crid%3D2CNW8JLQNLBQA%26cv_ct_cx%3Dglass%2Bair%2Bfryer%26keywords%3Dglass%2Bair%2Bfryer%26pd_rd_i%3DB0CNT56SFG%26pd_rd_r%3D36f8547e-2119-4d99-b53d-4610d5ea46f3%26pd_rd_w%3DUCxSW%26pd_rd_wg%3DlYodh%26pf_rd_p%3D6748dafd-1857-4dd2-9058-aab807cb526e%26pf_rd_r%3DC7589F2QP1H5AY87GB8C%26qid%3D1774593658%26sbo%3DRZvfv%252F%252FHxDF%252BO5021pAnSA%253D%253D%26sprefix%3Dglass%2Bair%2Bfryer%252Caps%252C536%26sr%3D1-1-2907eac4-8056-42c7-8014-fdf7bd4c5395-spons%26aref%3DvWPvftYxGQ%26sp_csd%3Dd2lkZ2V0TmFtZT1zcF9zZWFyY2hfdGhlbWF0aWNfYnRm%26psc%3D1&aref=vWPvftYxGQ&sp_cr=ZAZ,"₹19,999",4.4 out of 5 stars,True
glass air fryer,1,29,29,B0FXLKG1XR,"NUUK BRĪSK 6.5L 100% Toxin-Free Ceramic Air Fryer | ILAG® CeramicTech™ | No Micro plastics, No PTFE, PFAS, PFOA | 8 Cooking Presets | Digital Display | Shake Reminder | 360° Even Cooking",50+ bought in past month,https://www.amazon.in/sspa/click?ie=UTF8&spc=MTozOTE5NDY5MDkxNTQ2Njk2OjE3NzQ1OTM2NTg6c3Bfc2VhcmNoX3RoZW1hdGljX2J0ZjozMDA5NTI5MDMxMDIzMzI6OjE6Og&url=%2FNUUK-Toxin-Free-CeramicTechTM-plastics-Reminder%2Fdp%2FB0FXLKG1XR%2Fref%3Dsxbs_pa_sp_search_thematic_btf_sspa%3Fcontent-id%3Damzn1.sym.6748dafd-1857-4dd2-9058-aab807cb526e%253Aamzn1.sym.6748dafd-1857-4dd2-9058-aab807cb526e%26crid%3D2CNW8JLQNLBQA%26cv_ct_cx%3Dglass%2Bair%2Bfryer%26keywords%3Dglass%2Bair%2Bfryer%26pd_rd_i%3DB0FXLKG1XR%26pd_rd_r%3D36f8547e-2119-4d99-b53d-4610d5ea46f3%26pd_rd_w%3DUCxSW%26pd_rd_wg%3DlYodh%26pf_rd_p%3D6748dafd-1857-4dd2-9058-aab807cb526e%26pf_rd_r%3DC7589F2QP1H5AY87GB8C%26qid%3D1774593658%26sbo%3DRZvfv%252F%252FHxDF%252BO5021pAnSA%253D%253D%26sprefix%3Dglass%2Bair%2Bfryer%252Caps%252C536%26sr%3D1-2-2907eac4-8056-42c7-8014-fdf7bd4c5395-spons%26aref%3DZ7WhrOXRri%26sp_csd%3Dd2lkZ2V0TmFtZT1zcF9zZWFyY2hfdGhlbWF0aWNfYnRm%26psc%3D1&aref=Z7WhrOXRri&sp_cr=ZAZ,"₹8,999",4.5 out of 5 stars,True
glass air fryer,1,30,30,B0DN162F92,"Nutricook 5L Air Fryer Slim (2025) with 100% Toxin-Free Ceramic Coating—No PTFE, PFAS, PFOA or Microplastics, Clear Window, Light & Large Basket | 1500W, 4 Presets, 2-Year Warranty",1K+ bought in past month,https://www.amazon.in/sspa/click?ie=UTF8&spc=MTozOTE5NDY5MDkxNTQ2Njk2OjE3NzQ1OTM2NTg6c3Bfc2VhcmNoX3RoZW1hdGljX2J0ZjozMDA0MTc0MzM5Mjc5MzI6OjI6Og&url=%2FNutricook-Warranty-Toxin-Free-Coating-No-Microplastics%2Fdp%2FB0DN162F92%2Fref%3Dsxbs_pa_sp_search_thematic_btf_sspa%3Fcontent-id%3Damzn1.sym.6748dafd-1857-4dd2-9058-aab807cb526e%253Aamzn1.sym.6748dafd-1857-4dd2-9058-aab807cb526e%26crid%3D2CNW8JLQNLBQA%26cv_ct_cx%3Dglass%2Bair%2Bfryer%26keywords%3Dglass%2Bair%2Bfryer%26pd_rd_i%3DB0DN162F92%26pd_rd_r%3D36f8547e-2119-4d99-b53d-4610d5ea46f3%26pd_rd_w%3DUCxSW%26pd_rd_wg%3DlYodh%26pf_rd_p%3D6748dafd-1857-4dd2-9058-aab807cb526e%26pf_rd_r%3DC7589F2QP1H5AY87GB8C%26qid%3D1774593658%26sbo%3DRZvfv%252F%252FHxDF%252BO5021pAnSA%253D%253D%26sprefix%3Dglass%2Bair%2Bfryer%252Caps%252C536%26sr%3D1-3-2907eac4-8056-42c7-8014-fdf7bd4c5395-spons%26aref%3D0KnlGcenKg%26sp_csd%3Dd2lkZ2V0TmFtZT1zcF9zZWFyY2hfdGhlbWF0aWNfYnRm%26psc%3D1&aref=0KnlGcenKg&sp_cr=ZAZ,"₹5,499",4.6 out of 5 stars,True
glass air fryer,1,31,31,B0FWY8TT1X,"Ninja Combi (SFP701IN) 14-in-1 Multi-Cooker, Oven, & Air Fryer (12.5L) –, HyperSteam & Air Fry Technology, Cooks 3-Part Family Meals in 15 Mins, Healthy Oil-Free Cooking, Digital Display, SS cavity",M.R.P:,https://www.amazon.in/sspa/click?ie=UTF8&spc=MTozOTE5NDY5MDkxNTQ2Njk2OjE3NzQ1OTM2NTg6c3Bfc2VhcmNoX3RoZW1hdGljX2J0ZjozMDEwMDQ1OTI3NzEwMzI6OjM6Og&url=%2FNinja-SFP701IN-Multi-Cooker-HyperSteam-Technology%2Fdp%2FB0FWY8TT1X%2Fref%3Dsxbs_pa_sp_search_thematic_btf_sspa%3Fcontent-id%3Damzn1.sym.6748dafd-1857-4dd2-9058-aab807cb526e%253Aamzn1.sym.6748dafd-1857-4dd2-9058-aab807cb526e%26crid%3D2CNW8JLQNLBQA%26cv_ct_cx%3Dglass%2Bair%2Bfryer%26keywords%3Dglass%2Bair%2Bfryer%26pd_rd_i%3DB0FWY8TT1X%26pd_rd_r%3D36f8547e-2119-4d99-b53d-4610d5ea46f3%26pd_rd_w%3DUCxSW%26pd_rd_wg%3DlYodh%26pf_rd_p%3D6748dafd-1857-4dd2-9058-aab807cb526e%26pf_rd_r%3DC7589F2QP1H5AY87GB8C%26qid%3D1774593658%26sbo%3DRZvfv%252F%252FHxDF%252BO5021pAnSA%253D%253D%26sprefix%3Dglass%2Bair%2Bfryer%252Caps%252C536%26sr%3D1-4-2907eac4-8056-42c7-8014-fdf7bd4c5395-spons%26aref%3DEC2EPw0WUq%26sp_csd%3Dd2lkZ2V0TmFtZT1zcF9zZWFyY2hfdGhlbWF0aWNfYnRm%26psc%3D1&aref=EC2EPw0WUq&sp_cr=ZAZ,"₹25,999",4.7 out of 5 stars,True
glass air fryer,1,32,32,B0GC4FR7H4,"KILIG Nexa SteamX 10.5L, 100% Toxin-Free Steam-Airfryer with StepChef™ Automation | MyKilig App Control | 12 Presets | 4 Modes | Self-Clean | 1550W + 900W | Glossy Black",M.R.P:,https://www.amazon.in/sspa/click?ie=UTF8&spc=MTozOTE5NDY5MDkxNTQ2Njk2OjE3NzQ1OTM2NTg6c3Bfc2VhcmNoX3RoZW1hdGljX2J0ZjozMDA5NDMyNjEyMzYzMzI6OjQ6Og&url=%2FKILIG-Toxin-Free-Steam-Airfryer-StepChefTM-Automation%2Fdp%2FB0GC4FR7H4%2Fref%3Dsxbs_pa_sp_search_thematic_btf_sspa%3Fcontent-id%3Damzn1.sym.6748dafd-1857-4dd2-9058-aab807cb526e%253Aamzn1.sym.6748dafd-1857-4dd2-9058-aab807cb526e%26crid%3D2CNW8JLQNLBQA%26cv_ct_cx%3Dglass%2Bair%2Bfryer%26keywords%3Dglass%2Bair%2Bfryer%26pd_rd_i%3DB0GC4FR7H4%26pd_rd_r%3D36f8547e-2119-4d99-b53d-4610d5ea46f3%26pd_rd_w%3DUCxSW%26pd_rd_wg%3DlYodh%26pf_rd_p%3D6748dafd-1857-4dd2-9058-aab807cb526e%26pf_rd_r%3DC7589F2QP1H5AY87GB8C%26qid%3D1774593658%26sbo%3DRZvfv%252F%252FHxDF%252BO5021pAnSA%253D%253D%26sprefix%3Dglass%2Bair%2Bfryer%252Caps%252C536%26sr%3D1-5-2907eac4-8056-42c7-8014-fdf7bd4c5395-spons%26aref%3DizUtlLYG1s%26sp_csd%3Dd2lkZ2V0TmFtZT1zcF9zZWFyY2hfdGhlbWF0aWNfYnRm%26psc%3D1&aref=izUtlLYG1s&sp_cr=ZAZ,"₹16,990",4.7 out of 5 stars,True
glass air fryer,2,1,33,B0C8NFLPYG,"Libra 4.5 Litre Airfryer | Digital Air Fryer With Glass Bowl | Teflon-Free, 8 Presets, 1450W Power | Air Fry, Toast, Grill, Reheat, Dehydrate, & Roast | Visible Window | Smart Air Fryer Oven, Black",400+ bought in past month,https://www.amazon.in/sspa/click?ie=UTF8&spc=MTo1ODY2NDY1MjUxNTUxOTkzOjE3NzQ1OTM2Nzg6c3BfYXRmX25leHQ6MzAwNTIzNjAzNDIxMTMyOjowOjo&url=%2FLibra-Digital-Glass-Teflon-Free-Dehydrate%2Fdp%2FB0C8NFLPYG%2Fref%3Dsr_1_17_sspa%3Fcrid%3D2CNW8JLQNLBQA%26dib%3DeyJ2IjoiMSJ9.Y9j09-_imublqR5tQO-gqzBxcP4gJ5ERwmDAfJ0y5fUSQtHnhuuAKnX_AI0I_r7HwsDcn0XZt-HgtBdTM2iLNE0sDKsnTmtShcc-XGhqObtpSqEAOoqR6TCinNrG3K7rT0-jxzvjHBFZVYwfArbTf_o0QTjmUyW_BD6WRdDeuq2Isy_UptbHbwvA-3oS9ayIy6fOO0z1ZJalHo1PC8-xgMw87_Dnalx4gKKFG_QptUs.4BWTDej7Q4sAho5ykbOkB9ut3UV8vHccFLNv3v8CBc0%26dib_tag%3Dse%26keywords%3Dglass%2Bair%2Bfryer%26qid%3D1774593677%26sprefix%3Dglass%2Bair%2Bfryer%252Caps%252C536%26sr%3D8-17-spons%26xpid%3Ds9zZkMAsYzr1W%26aref%3DZ8AwsKfo9X%26sp_csd%3Dd2lkZ2V0TmFtZT1zcF9hdGZfbmV4dA%26psc%3D1&aref=Z8AwsKfo9X&sp_cr=ZAZ,"₹5,999",4.1 out of 5 stars,True
glass air fryer,2,2,34,B0GMJG8JYC,Kilig Iris Plus Airfryer | Dual Toxin-Free Glass Containers (4L + 1.5L) | 5 Smart Modes | 1500W | Overheat Protection | 360° Air circulation | Matte Black,"( ₹9,99,000 ₹9,99,000/100 g)",https://www.amazon.in/sspa/click?ie=UTF8&spc=MTo1ODY2NDY1MjUxNTUxOTkzOjE3NzQ1OTM2Nzg6c3BfYXRmX25leHQ6MzAwOTQ3MjE5NTEzOTMyOjowOjo&url=%2FAirfryer-Toxin-Free-Containers-Protection-circulation%2Fdp%2FB0GMJG8JYC%2Fref%3Dsr_1_18_sspa%3Fcrid%3D2CNW8JLQNLBQA%26dib%3DeyJ2IjoiMSJ9.Y9j09-_imublqR5tQO-gqzBxcP4gJ5ERwmDAfJ0y5fUSQtHnhuuAKnX_AI0I_r7HwsDcn0XZt-HgtBdTM2iLNE0sDKsnTmtShcc-XGhqObtpSqEAOoqR6TCinNrG3K7rT0-jxzvjHBFZVYwfArbTf_o0QTjmUyW_BD6WRdDeuq2Isy_UptbHbwvA-3oS9ayIy6fOO0z1ZJalHo1PC8-xgMw87_Dnalx4gKKFG_QptUs.4BWTDej7Q4sAho5ykbOkB9ut3UV8vHccFLNv3v8CBc0%26dib_tag%3Dse%26keywords%3Dglass%2Bair%2Bfryer%26qid%3D1774593677%26sprefix%3Dglass%2Bair%2Bfryer%252Caps%252C536%26sr%3D8-18-spons%26xpid%3Ds9zZkMAsYzr1W%26aref%3DzT3fkbA2nq%26sp_csd%3Dd2lkZ2V0TmFtZT1zcF9hdGZfbmV4dA%26psc%3D1&aref=zT3fkbA2nq&sp_cr=ZAZ,"₹9,990",4.0 out of 5 stars,True
glass air fryer,2,3,35,B0D1474ZT6,"PHILIPS Air Fryer NA231/00 with touch panel, uses up to 90% less fat, 1700W, 6.2 Liter, with Rapid Air Technology (Black),Cooking window, Extra Large",2K+ bought in past month,https://www.amazon.in/PHILIPS-NA231-00-Technology-Cooking/dp/B0D1474ZT6/ref=sr_1_19?crid=2CNW8JLQNLBQA&dib=eyJ2IjoiMSJ9.Y9j09-_imublqR5tQO-gqzBxcP4gJ5ERwmDAfJ0y5fUSQtHnhuuAKnX_AI0I_r7HwsDcn0XZt-HgtBdTM2iLNE0sDKsnTmtShcc-XGhqObtpSqEAOoqR6TCinNrG3K7rT0-jxzvjHBFZVYwfArbTf_o0QTjmUyW_BD6WRdDeuq2Isy_UptbHbwvA-3oS9ayIy6fOO0z1ZJalHo1PC8-xgMw87_Dnalx4gKKFG_QptUs.4BWTDej7Q4sAho5ykbOkB9ut3UV8vHccFLNv3v8CBc0&dib_tag=se&keywords=glass+air+fryer&qid=1774593677&sprefix=glass+air+fryer%2Caps%2C536&sr=8-19&xpid=s9zZkMAsYzr1W,"₹9,499",4.3 out of 5 stars,True
glass air fryer,2,4,36,B0DGXFZXFG,Cookwell Air Fryer - 5L With See Through Window - 1400W (Grey & Black),800+ bought in past month,https://www.amazon.in/Cookwell-Air-Fryer-Through-Window/dp/B0DGXFZXFG/ref=sr_1_20?crid=2CNW8JLQNLBQA&dib=eyJ2IjoiMSJ9.Y9j09-_imublqR5tQO-gqzBxcP4gJ5ERwmDAfJ0y5fUSQtHnhuuAKnX_AI0I_r7HwsDcn0XZt-HgtBdTM2iLNE0sDKsnTmtShcc-XGhqObtpSqEAOoqR6TCinNrG3K7rT0-jxzvjHBFZVYwfArbTf_o0QTjmUyW_BD6WRdDeuq2Isy_UptbHbwvA-3oS9ayIy6fOO0z1ZJalHo1PC8-xgMw87_Dnalx4gKKFG_QptUs.4BWTDej7Q4sAho5ykbOkB9ut3UV8vHccFLNv3v8CBc0&dib_tag=se&keywords=glass+air+fryer&qid=1774593677&sprefix=glass+air+fryer%2Caps%2C536&sr=8-20&xpid=s9zZkMAsYzr1W,"₹3,399",4.3 out of 5 stars,True
glass air fryer,2,5,37,B0936FGLQS,"COSORI Air Fryer 5 QT (4.7 Litre) Black, 1500W Fast Cooking 9 Preset Menu, 30 Recipes Cookbook, Grill, Broil, Roast, Toast, Bake, Reheat, Defrost, Digital Touch Panel (CAF-L501)",300+ bought in past month,https://www.amazon.in/COSORI-Compact-Setting-Recipes-Cookbook/dp/B0936FGLQS/ref=sr_1_21?crid=2CNW8JLQNLBQA&dib=eyJ2IjoiMSJ9.Y9j09-_imublqR5tQO-gqzBxcP4gJ5ERwmDAfJ0y5fUSQtHnhuuAKnX_AI0I_r7HwsDcn0XZt-HgtBdTM2iLNE0sDKsnTmtShcc-XGhqObtpSqEAOoqR6TCinNrG3K7rT0-jxzvjHBFZVYwfArbTf_o0QTjmUyW_BD6WRdDeuq2Isy_UptbHbwvA-3oS9ayIy6fOO0z1ZJalHo1PC8-xgMw87_Dnalx4gKKFG_QptUs.4BWTDej7Q4sAho5ykbOkB9ut3UV8vHccFLNv3v8CBc0&dib_tag=se&keywords=glass+air+fryer&qid=1774593677&sprefix=glass+air+fryer%2Caps%2C536&sr=8-21&xpid=s9zZkMAsYzr1W,"₹9,899",4.6 out of 5 stars,True
glass air fryer,2,6,38,B0C8NFLPYG,"Libra 4.5 Litre Airfryer | Digital Air Fryer With Glass Bowl | Teflon-Free, 8 Presets, 1450W Power | Air Fry, Toast, Grill, Reheat, Dehydrate, & Roast | Visible Window | Smart Air Fryer Oven, Black",400+ bought in past month,https://www.amazon.in/sspa/click?ie=UTF8&spc=MTo4Njc5OTYxNTkzNDMyMzYyOjE3NzQ1OTM2Nzg6c3Bfc2VhcmNoX3RoZW1hdGljOjMwMDUyMzYwMzQyMTEzMjo6MDo6&url=%2FLibra-Digital-Glass-Teflon-Free-Dehydrate%2Fdp%2FB0C8NFLPYG%2Fref%3Dsxin_13_pa_sp_search_thematic_sspa%3Fcontent-id%3Damzn1.sym.c007a59b-1788-4f64-b1ed-4d72476022eb%253Aamzn1.sym.c007a59b-1788-4f64-b1ed-4d72476022eb%26crid%3D2CNW8JLQNLBQA%26cv_ct_cx%3Dglass%2Bair%2Bfryer%26keywords%3Dglass%2Bair%2Bfryer%26pd_rd_i%3DB0C8NFLPYG%26pd_rd_r%3D3efc87df-35e5-4b8c-86c9-a32489c2108f%26pd_rd_w%3DrnTuY%26pd_rd_wg%3DV0iMa%26pf_rd_p%3Dc007a59b-1788-4f64-b1ed-4d72476022eb%26pf_rd_r%3DZ92KGE3V63HSNMP2E1XQ%26qid%3D1774593677%26sbo%3DRZvfv%252F%252FHxDF%252BO5021pAnSA%253D%253D%26sprefix%3Dglass%2Bair%2Bfryer%252Caps%252C536%26sr%3D1-17-2ec22325-1003-449d-8aaf-c0bcc24717ae-spons%26xpid%3Ds9zZkMAsYzr1W%26aref%3DZ8AwsKfo9X%26sp_csd%3Dd2lkZ2V0TmFtZT1zcF9zZWFyY2hfdGhlbWF0aWM%26psc%3D1&aref=Z8AwsKfo9X&sp_cr=ZAZ,"₹5,999",4.1 out of 5 stars,True
glass air fryer,2,7,39,B0CNT56SFG,"Nutricook Steami X 24L Black (Steam + Air Fryer Oven) with 10-in-1 functions like Steam Cook, Steam Roast, Air Fry, Bake, Sterilize & more. Steam + Convection technology, 2200W power, 2-year warranty",200+ bought in past month,https://www.amazon.in/sspa/click?ie=UTF8&spc=MTo4Njc5OTYxNTkzNDMyMzYyOjE3NzQ1OTM2Nzg6c3Bfc2VhcmNoX3RoZW1hdGljOjMwMDQ3NTg2MzQyNTIzMjo6MTo6&url=%2FAir-Fryer-Oven-Convection-Technology%2Fdp%2FB0CNT56SFG%2Fref%3Dsxin_13_pa_sp_search_thematic_sspa%3Fcontent-id%3Damzn1.sym.c007a59b-1788-4f64-b1ed-4d72476022eb%253Aamzn1.sym.c007a59b-1788-4f64-b1ed-4d72476022eb%26crid%3D2CNW8JLQNLBQA%26cv_ct_cx%3Dglass%2Bair%2Bfryer%26keywords%3Dglass%2Bair%2Bfryer%26pd_rd_i%3DB0CNT56SFG%26pd_rd_r%3D3efc87df-35e5-4b8c-86c9-a32489c2108f%26pd_rd_w%3DrnTuY%26pd_rd_wg%3DV0iMa%26pf_rd_p%3Dc007a59b-1788-4f64-b1ed-4d72476022eb%26pf_rd_r%3DZ92KGE3V63HSNMP2E1XQ%26qid%3D1774593677%26sbo%3DRZvfv%252F%252FHxDF%252BO5021pAnSA%253D%253D%26sprefix%3Dglass%2Bair%2Bfryer%252Caps%252C536%26sr%3D1-18-2ec22325-1003-449d-8aaf-c0bcc24717ae-spons%26xpid%3Ds9zZkMAsYzr1W%26aref%3DvWPvftYxGQ%26sp_csd%3Dd2lkZ2V0TmFtZT1zcF9zZWFyY2hfdGhlbWF0aWM%26psc%3D1&aref=vWPvftYxGQ&sp_cr=ZAZ,"₹19,999",4.4 out of 5 stars,True
glass air fryer,2,8,40,B0FXLKG1XR,"NUUK BRĪSK 6.5L 100% Toxin-Free Ceramic Air Fryer | ILAG® CeramicTech™ | No Micro plastics, No PTFE, PFAS, PFOA | 8 Cooking Presets | Digital Display | Shake Reminder | 360° Even Cooking",50+ bought in past month,https://www.amazon.in/sspa/click?ie=UTF8&spc=MTo4Njc5OTYxNTkzNDMyMzYyOjE3NzQ1OTM2Nzg6c3Bfc2VhcmNoX3RoZW1hdGljOjMwMDk1MjkwMzEwMjMzMjo6Mjo6&url=%2FNUUK-Toxin-Free-CeramicTechTM-plastics-Reminder%2Fdp%2FB0FXLKG1XR%2Fref%3Dsxin_13_pa_sp_search_thematic_sspa%3Fcontent-id%3Damzn1.sym.c007a59b-1788-4f64-b1ed-4d72476022eb%253Aamzn1.sym.c007a59b-1788-4f64-b1ed-4d72476022eb%26crid%3D2CNW8JLQNLBQA%26cv_ct_cx%3Dglass%2Bair%2Bfryer%26keywords%3Dglass%2Bair%2Bfryer%26pd_rd_i%3DB0FXLKG1XR%26pd_rd_r%3D3efc87df-35e5-4b8c-86c9-a32489c2108f%26pd_rd_w%3DrnTuY%26pd_rd_wg%3DV0iMa%26pf_rd_p%3Dc007a59b-1788-4f64-b1ed-4d72476022eb%26pf_rd_r%3DZ92KGE3V63HSNMP2E1XQ%26qid%3D1774593677%26sbo%3DRZvfv%252F%252FHxDF%252BO5021pAnSA%253D%253D%26sprefix%3Dglass%2Bair%2Bfryer%252Caps%252C536%26sr%3D1-19-2ec22325-1003-449d-8aaf-c0bcc24717ae-spons%26xpid%3Ds9zZkMAsYzr1W%26aref%3DZ7WhrOXRri%26sp_csd%3Dd2lkZ2V0TmFtZT1zcF9zZWFyY2hfdGhlbWF0aWM%26psc%3D1&aref=Z7WhrOXRri&sp_cr=ZAZ,"₹8,999",4.5 out of 5 stars,True
glass air fryer,2,9,41,B0DN162F92,"Nutricook 5L Air Fryer Slim (2025) with 100% Toxin-Free Ceramic Coating—No PTFE, PFAS, PFOA or Microplastics, Clear Window, Light & Large Basket | 1500W, 4 Presets, 2-Year Warranty",1K+ bought in past month,https://www.amazon.in/sspa/click?ie=UTF8&spc=MTo4Njc5OTYxNTkzNDMyMzYyOjE3NzQ1OTM2Nzg6c3Bfc2VhcmNoX3RoZW1hdGljOjMwMDQxNzQzMzkyNzkzMjo6Mzo6&url=%2FNutricook-Warranty-Toxin-Free-Coating-No-Microplastics%2Fdp%2FB0DN162F92%2Fref%3Dsxin_13_pa_sp_search_thematic_sspa%3Fcontent-id%3Damzn1.sym.c007a59b-1788-4f64-b1ed-4d72476022eb%253Aamzn1.sym.c007a59b-1788-4f64-b1ed-4d72476022eb%26crid%3D2CNW8JLQNLBQA%26cv_ct_cx%3Dglass%2Bair%2Bfryer%26keywords%3Dglass%2Bair%2Bfryer%26pd_rd_i%3DB0DN162F92%26pd_rd_r%3D3efc87df-35e5-4b8c-86c9-a32489c2108f%26pd_rd_w%3DrnTuY%26pd_rd_wg%3DV0iMa%26pf_rd_p%3Dc007a59b-1788-4f64-b1ed-4d72476022eb%26pf_rd_r%3DZ92KGE3V63HSNMP2E1XQ%26qid%3D1774593677%26sbo%3DRZvfv%252F%252FHxDF%252BO5021pAnSA%253D%253D%26sprefix%3Dglass%2Bair%2Bfryer%252Caps%252C536%26sr%3D1-20-2ec22325-1003-449d-8aaf-c0bcc24717ae-spons%26xpid%3Ds9zZkMAsYzr1W%26aref%3D0KnlGcenKg%26sp_csd%3Dd2lkZ2V0TmFtZT1zcF9zZWFyY2hfdGhlbWF0aWM%26psc%3D1&aref=0KnlGcenKg&sp_cr=ZAZ,"₹5,499",4.6 out of 5 stars,True
glass air fryer,2,10,42,B097RJ867P,"PHILIPS Digital Air Fryer HD9252/90 with Touch Panel, uses up to 90% less fat, 7 Pre-set Menu, 1400W, 4.1 Liter, with Rapid Air Technology (Black), Large",1K+ bought in past month,https://www.amazon.in/sspa/click?ie=UTF8&spc=MTo4Njc5OTYxNTkzNDMyMzYyOjE3NzQ1OTM2Nzg6c3Bfc2VhcmNoX3RoZW1hdGljOjMwMDQ1ODk3MzU2MTczMjo6NDo6&url=%2FPHILIPS-Digital-HD9252-90-Technology%2Fdp%2FB097RJ867P%2Fref%3Dsxin_13_pa_sp_search_thematic_sspa%3Fcontent-id%3Damzn1.sym.c007a59b-1788-4f64-b1ed-4d72476022eb%253Aamzn1.sym.c007a59b-1788-4f64-b1ed-4d72476022eb%26crid%3D2CNW8JLQNLBQA%26cv_ct_cx%3Dglass%2Bair%2Bfryer%26keywords%3Dglass%2Bair%2Bfryer%26pd_rd_i%3DB097RJ867P%26pd_rd_r%3D3efc87df-35e5-4b8c-86c9-a32489c2108f%26pd_rd_w%3DrnTuY%26pd_rd_wg%3DV0iMa%26pf_rd_p%3Dc007a59b-1788-4f64-b1ed-4d72476022eb%26pf_rd_r%3DZ92KGE3V63HSNMP2E1XQ%26qid%3D1774593677%26sbo%3DRZvfv%252F%252FHxDF%252BO5021pAnSA%253D%253D%26sprefix%3Dglass%2Bair%2Bfryer%252Caps%252C536%26sr%3D1-21-2ec22325-1003-449d-8aaf-c0bcc24717ae-spons%26xpid%3Ds9zZkMAsYzr1W%26aref%3DYaOdcX3K9Y%26sp_csd%3Dd2lkZ2V0TmFtZT1zcF9zZWFyY2hfdGhlbWF0aWM%26psc%3D1&aref=YaOdcX3K9Y&sp_cr=ZAZ,"₹7,999",4.3 out of 5 stars,True
glass air fryer,2,11,43,B0GCHJ7YNL,"KENT Ultra Digital Air Fryer 5L | 1500W | Bake, Grill & Roast | Up to 80% Less Oil Usage |8 Preset Menu|Rapid Heat Circulation |Digital Display & Touch Control Panel |Glass Window with in built Light",50+ bought in past month,https://www.amazon.in/KENT-Ultra-Digital-5L-Circulation/dp/B0GCHJ7YNL/ref=sr_1_22?crid=2CNW8JLQNLBQA&dib=eyJ2IjoiMSJ9.Y9j09-_imublqR5tQO-gqzBxcP4gJ5ERwmDAfJ0y5fUSQtHnhuuAKnX_AI0I_r7HwsDcn0XZt-HgtBdTM2iLNE0sDKsnTmtShcc-XGhqObtpSqEAOoqR6TCinNrG3K7rT0-jxzvjHBFZVYwfArbTf_o0QTjmUyW_BD6WRdDeuq2Isy_UptbHbwvA-3oS9ayIy6fOO0z1ZJalHo1PC8-xgMw87_Dnalx4gKKFG_QptUs.4BWTDej7Q4sAho5ykbOkB9ut3UV8vHccFLNv3v8CBc0&dib_tag=se&keywords=glass+air+fryer&qid=1774593677&sprefix=glass+air+fryer%2Caps%2C536&sr=8-22&xpid=s9zZkMAsYzr1W,"₹4,299",2.0 out of 5 stars,True
glass air fryer,2,12,44,B0CZHTGKJN,"SOLARA 12L Air Fryer Oven for Home Kitchen, 1800W OTG Air Fryer Oven 12 Litre with 12 Presets, 9 Accessories, Grill, Roast, Bake, Reheat, AirFryer OTG, XX-Large, Recipe E-book, 1 Year Warranty, Black",1K+ bought in past month,https://www.amazon.in/SOLARA-Air-Fryer-Oven-Digital-Home-Kitchen/dp/B0CZHTGKJN/ref=sr_1_23?crid=2CNW8JLQNLBQA&dib=eyJ2IjoiMSJ9.Y9j09-_imublqR5tQO-gqzBxcP4gJ5ERwmDAfJ0y5fUSQtHnhuuAKnX_AI0I_r7HwsDcn0XZt-HgtBdTM2iLNE0sDKsnTmtShcc-XGhqObtpSqEAOoqR6TCinNrG3K7rT0-jxzvjHBFZVYwfArbTf_o0QTjmUyW_BD6WRdDeuq2Isy_UptbHbwvA-3oS9ayIy6fOO0z1ZJalHo1PC8-xgMw87_Dnalx4gKKFG_QptUs.4BWTDej7Q4sAho5ykbOkB9ut3UV8vHccFLNv3v8CBc0&dib_tag=se&keywords=glass+air+fryer&qid=1774593677&sprefix=glass+air+fryer%2Caps%2C536&sr=8-23&xpid=s9zZkMAsYzr1W,"₹8,299",4.3 out of 5 stars,True
glass air fryer,2,13,45,B0DS2CYKM6,Prestige AirFlip 4.5L Air Fryer | Dual Mode - Air Frying & Grilling | 360° View Glass Basket | 80% less Oil Consumption | 5 Preset Menu | 1500 Watts | Easy to Clean | 1Y Warranty | ISI Certified,M.R.P:,https://www.amazon.in/Prestige-AirFlip-4-5L-Fryer-Dual/dp/B0DS2CYKM6/ref=sr_1_24?crid=2CNW8JLQNLBQA&dib=eyJ2IjoiMSJ9.Y9j09-_imublqR5tQO-gqzBxcP4gJ5ERwmDAfJ0y5fUSQtHnhuuAKnX_AI0I_r7HwsDcn0XZt-HgtBdTM2iLNE0sDKsnTmtShcc-XGhqObtpSqEAOoqR6TCinNrG3K7rT0-jxzvjHBFZVYwfArbTf_o0QTjmUyW_BD6WRdDeuq2Isy_UptbHbwvA-3oS9ayIy6fOO0z1ZJalHo1PC8-xgMw87_Dnalx4gKKFG_QptUs.4BWTDej7Q4sAho5ykbOkB9ut3UV8vHccFLNv3v8CBc0&dib_tag=se&keywords=glass+air+fryer&qid=1774593677&sprefix=glass+air+fryer%2Caps%2C536&sr=8-24&xpid=s9zZkMAsYzr1W,"₹12,595",,True
glass air fryer,2,14,46,B094NJPL81,"INALSA Air Fryer Oven|12L,1700W|Stainless Steel Body|12-in-1 Functions,Fry,Bake,Grill,Dehydrate&Reheat|12 Preset|Rotisserie&Convection|Dishwasher Safe Accessories|2Yr Warranty,2025Model AeroCrisp 12",300+ bought in past month,https://www.amazon.in/Inalsa-Capacity-Stainless-Rotisserie-Function/dp/B094NJPL81/ref=sr_1_25?crid=2CNW8JLQNLBQA&dib=eyJ2IjoiMSJ9.Y9j09-_imublqR5tQO-gqzBxcP4gJ5ERwmDAfJ0y5fUSQtHnhuuAKnX_AI0I_r7HwsDcn0XZt-HgtBdTM2iLNE0sDKsnTmtShcc-XGhqObtpSqEAOoqR6TCinNrG3K7rT0-jxzvjHBFZVYwfArbTf_o0QTjmUyW_BD6WRdDeuq2Isy_UptbHbwvA-3oS9ayIy6fOO0z1ZJalHo1PC8-xgMw87_Dnalx4gKKFG_QptUs.4BWTDej7Q4sAho5ykbOkB9ut3UV8vHccFLNv3v8CBc0&dib_tag=se&keywords=glass+air+fryer&qid=1774593677&sprefix=glass+air+fryer%2Caps%2C536&sr=8-25&xpid=s9zZkMAsYzr1W,"₹9,599",4.1 out of 5 stars,True
glass air fryer,2,15,47,B0GC67NB1C,KILIG Nexa Edge Air Fryer Oven | 100% Toxin-Free 12L | Exclusive StepChef™ Feature | Dual Viewing window | 6-in-1 Digital Air Fryer | 1800W | 12 Indian Presets | App Control | Matte Black,M.R.P:,https://www.amazon.in/KILIG-Toxin-Free-Exclusive-StepChefTM-Feature/dp/B0GC67NB1C/ref=sr_1_26?crid=2CNW8JLQNLBQA&dib=eyJ2IjoiMSJ9.Y9j09-_imublqR5tQO-gqzBxcP4gJ5ERwmDAfJ0y5fUSQtHnhuuAKnX_AI0I_r7HwsDcn0XZt-HgtBdTM2iLNE0sDKsnTmtShcc-XGhqObtpSqEAOoqR6TCinNrG3K7rT0-jxzvjHBFZVYwfArbTf_o0QTjmUyW_BD6WRdDeuq2Isy_UptbHbwvA-3oS9ayIy6fOO0z1ZJalHo1PC8-xgMw87_Dnalx4gKKFG_QptUs.4BWTDej7Q4sAho5ykbOkB9ut3UV8vHccFLNv3v8CBc0&dib_tag=se&keywords=glass+air+fryer&qid=1774593677&sprefix=glass+air+fryer%2Caps%2C536&sr=8-26&xpid=s9zZkMAsYzr1W,"₹10,990",4.3 out of 5 stars,True
glass air fryer,2,16,48,B0GC5NQFHV,Kilig Nexa Core 4L 100% Toxin-Free Air Fryer | Exclusive StepChef™ Feature | Borosilicate Glass Basket | 8 Indian Presets |1800W Top & Bottom Heating | App Control | Wi-Fi Enabled Smart Air Fryer,100+ bought in past month,https://www.amazon.in/sspa/click?ie=UTF8&spc=MTo1ODY2NDY1MjUxNTUxOTkzOjE3NzQ1OTM2Nzg6c3BfbXRmOjMwMDkwNzcxNTA5NDczMjo6MDo6&url=%2FToxin-Free-Exclusive-StepChefTM-Feature-Borosilicate%2Fdp%2FB0GC5NQFHV%2Fref%3Dsr_1_27_sspa%3Fcrid%3D2CNW8JLQNLBQA%26dib%3DeyJ2IjoiMSJ9.Y9j09-_imublqR5tQO-gqzBxcP4gJ5ERwmDAfJ0y5fUSQtHnhuuAKnX_AI0I_r7HwsDcn0XZt-HgtBdTM2iLNE0sDKsnTmtShcc-XGhqObtpSqEAOoqR6TCinNrG3K7rT0-jxzvjHBFZVYwfArbTf_o0QTjmUyW_BD6WRdDeuq2Isy_UptbHbwvA-3oS9ayIy6fOO0z1ZJalHo1PC8-xgMw87_Dnalx4gKKFG_QptUs.4BWTDej7Q4sAho5ykbOkB9ut3UV8vHccFLNv3v8CBc0%26dib_tag%3Dse%26keywords%3Dglass%2Bair%2Bfryer%26qid%3D1774593677%26sprefix%3Dglass%2Bair%2Bfryer%252Caps%252C536%26sr%3D8-27-spons%26xpid%3Ds9zZkMAsYzr1W%26aref%3DCNEOVzG6Zl%26sp_csd%3Dd2lkZ2V0TmFtZT1zcF9tdGY%26psc%3D1&aref=CNEOVzG6Zl&sp_cr=ZAZ,"₹7,990",4.5 out of 5 stars,True
glass air fryer,2,17,49,B0CNT56SFG,"Nutricook Steami X 24L Black (Steam + Air Fryer Oven) with 10-in-1 functions like Steam Cook, Steam Roast, Air Fry, Bake, Sterilize & more. Steam + Convection technology, 2200W power, 2-year warranty",200+ bought in past month,https://www.amazon.in/sspa/click?ie=UTF8&spc=MTo1ODY2NDY1MjUxNTUxOTkzOjE3NzQ1OTM2Nzg6c3BfbXRmOjMwMDQ3NTg2MzQyNTIzMjo6MDo6&url=%2FAir-Fryer-Oven-Convection-Technology%2Fdp%2FB0CNT56SFG%2Fref%3Dsr_1_28_sspa%3Fcrid%3D2CNW8JLQNLBQA%26dib%3DeyJ2IjoiMSJ9.Y9j09-_imublqR5tQO-gqzBxcP4gJ5ERwmDAfJ0y5fUSQtHnhuuAKnX_AI0I_r7HwsDcn0XZt-HgtBdTM2iLNE0sDKsnTmtShcc-XGhqObtpSqEAOoqR6TCinNrG3K7rT0-jxzvjHBFZVYwfArbTf_o0QTjmUyW_BD6WRdDeuq2Isy_UptbHbwvA-3oS9ayIy6fOO0z1ZJalHo1PC8-xgMw87_Dnalx4gKKFG_QptUs.4BWTDej7Q4sAho5ykbOkB9ut3UV8vHccFLNv3v8CBc0%26dib_tag%3Dse%26keywords%3Dglass%2Bair%2Bfryer%26qid%3D1774593677%26sprefix%3Dglass%2Bair%2Bfryer%252Caps%252C536%26sr%3D8-28-spons%26xpid%3Ds9zZkMAsYzr1W%26aref%3DvWPvftYxGQ%26sp_csd%3Dd2lkZ2V0TmFtZT1zcF9tdGY%26psc%3D1&aref=vWPvftYxGQ&sp_cr=ZAZ,"₹19,999",4.4 out of 5 stars,True
glass air fryer,2,18,50,B0DNQYFNF6,Milton Rapid Digital Air Fryer 5L | 1450W | 360° High Speed Air Circulation | Up to 90% Less Oil Usage | 8 Preset Menus | Touch Control Panel & Digital Display | Auto Shut-Off | 1 Year Warranty,1K+ bought in past month,https://www.amazon.in/Circulation-Digital-Temperature-Control-Black/dp/B0DNQYFNF6/ref=sr_1_29?crid=2CNW8JLQNLBQA&dib=eyJ2IjoiMSJ9.Y9j09-_imublqR5tQO-gqzBxcP4gJ5ERwmDAfJ0y5fUSQtHnhuuAKnX_AI0I_r7HwsDcn0XZt-HgtBdTM2iLNE0sDKsnTmtShcc-XGhqObtpSqEAOoqR6TCinNrG3K7rT0-jxzvjHBFZVYwfArbTf_o0QTjmUyW_BD6WRdDeuq2Isy_UptbHbwvA-3oS9ayIy6fOO0z1ZJalHo1PC8-xgMw87_Dnalx4gKKFG_QptUs.4BWTDej7Q4sAho5ykbOkB9ut3UV8vHccFLNv3v8CBc0&dib_tag=se&keywords=glass+air+fryer&qid=1774593677&sprefix=glass+air+fryer%2Caps%2C536&sr=8-29&xpid=s9zZkMAsYzr1W,"₹4,449",4.2 out of 5 stars,True
glass air fryer,2,19,51,B0FK58YY31,"Glen Digital Air Fryer 6L | 1500W | Temperature & Timer Control |7 Preset Menu & Digital Display | Multi-Function Glass Airfryer, Bake, Grill, Fry & Roast | Auto Shut Off | Non Stick Basket |","( ₹5,49,900 ₹5,49,900/100 g)",https://www.amazon.in/Glen-1500W-Multi-Function-Temperature-SA3045DIGI/dp/B0FK58YY31/ref=sr_1_30?crid=2CNW8JLQNLBQA&dib=eyJ2IjoiMSJ9.Y9j09-_imublqR5tQO-gqzBxcP4gJ5ERwmDAfJ0y5fUSQtHnhuuAKnX_AI0I_r7HwsDcn0XZt-HgtBdTM2iLNE0sDKsnTmtShcc-XGhqObtpSqEAOoqR6TCinNrG3K7rT0-jxzvjHBFZVYwfArbTf_o0QTjmUyW_BD6WRdDeuq2Isy_UptbHbwvA-3oS9ayIy6fOO0z1ZJalHo1PC8-xgMw87_Dnalx4gKKFG_QptUs.4BWTDej7Q4sAho5ykbOkB9ut3UV8vHccFLNv3v8CBc0&dib_tag=se&keywords=glass+air+fryer&qid=1774593677&sprefix=glass+air+fryer%2Caps%2C536&sr=8-30&xpid=s9zZkMAsYzr1W,"₹5,499",4.6 out of 5 stars,True
glass air fryer,2,20,52,B0FQJH3MDJ,"INALSA Air Fryer for Home 6.5L Capacity-1600 W with LED Touch Display & 10 Preset control|Quick Heat Circulation Variable Temp. Control, Baking,Grilling, Air Frying,Roasting up to 60 Min,2 Yr Warranty",100+ bought in past month,https://www.amazon.in/Capacity-1600-Circulation-Variable-Grilling-Roasting/dp/B0FQJH3MDJ/ref=sr_1_31?crid=2CNW8JLQNLBQA&dib=eyJ2IjoiMSJ9.Y9j09-_imublqR5tQO-gqzBxcP4gJ5ERwmDAfJ0y5fUSQtHnhuuAKnX_AI0I_r7HwsDcn0XZt-HgtBdTM2iLNE0sDKsnTmtShcc-XGhqObtpSqEAOoqR6TCinNrG3K7rT0-jxzvjHBFZVYwfArbTf_o0QTjmUyW_BD6WRdDeuq2Isy_UptbHbwvA-3oS9ayIy6fOO0z1ZJalHo1PC8-xgMw87_Dnalx4gKKFG_QptUs.4BWTDej7Q4sAho5ykbOkB9ut3UV8vHccFLNv3v8CBc0&dib_tag=se&keywords=glass+air+fryer&qid=1774593677&sprefix=glass+air+fryer%2Caps%2C536&sr=8-31&xpid=s9zZkMAsYzr1W,"₹6,495",4.4 out of 5 stars,True
glass air fryer,2,21,53,B0FX45BN9C,"5 in 1 portable glass air fryer, 4 quart glass containers and 6 cups with lids, silicone mat, 1500W small air fryer, 90% less oil, fit for",FREE delivery 14 - 16 Apr,https://www.amazon.in/Tixixc-portable-glass-containers-silicone/dp/B0FX45BN9C/ref=sr_1_32?crid=2CNW8JLQNLBQA&dib=eyJ2IjoiMSJ9.Y9j09-_imublqR5tQO-gqzBxcP4gJ5ERwmDAfJ0y5fUSQtHnhuuAKnX_AI0I_r7HwsDcn0XZt-HgtBdTM2iLNE0sDKsnTmtShcc-XGhqObtpSqEAOoqR6TCinNrG3K7rT0-jxzvjHBFZVYwfArbTf_o0QTjmUyW_BD6WRdDeuq2Isy_UptbHbwvA-3oS9ayIy6fOO0z1ZJalHo1PC8-xgMw87_Dnalx4gKKFG_QptUs.4BWTDej7Q4sAho5ykbOkB9ut3UV8vHccFLNv3v8CBc0&dib_tag=se&keywords=glass+air+fryer&qid=1774593677&sprefix=glass+air+fryer%2Caps%2C536&sr=8-32&xpid=s9zZkMAsYzr1W,"₹25,417.04",4.3 out of 5 stars,True
glass air fryer,2,22,54,B097RJ867P,"PHILIPS Digital Air Fryer HD9252/90 with Touch Panel, uses up to 90% less fat, 7 Pre-set Menu, 1400W, 4.1 Liter, with Rapid Air Technology (Black), Large",1K+ bought in past month,https://www.amazon.in/PHILIPS-Digital-HD9252-90-Technology/dp/B097RJ867P/ref=sr_1_33?crid=2CNW8JLQNLBQA&dib=eyJ2IjoiMSJ9.Y9j09-_imublqR5tQO-gqzBxcP4gJ5ERwmDAfJ0y5fUSQtHnhuuAKnX_AI0I_r7HwsDcn0XZt-HgtBdTM2iLNE0sDKsnTmtShcc-XGhqObtpSqEAOoqR6TCinNrG3K7rT0-jxzvjHBFZVYwfArbTf_o0QTjmUyW_BD6WRdDeuq2Isy_UptbHbwvA-3oS9ayIy6fOO0z1ZJalHo1PC8-xgMw87_Dnalx4gKKFG_QptUs.4BWTDej7Q4sAho5ykbOkB9ut3UV8vHccFLNv3v8CBc0&dib_tag=se&keywords=glass+air+fryer&qid=1774593677&sprefix=glass+air+fryer%2Caps%2C536&sr=8-33&xpid=s9zZkMAsYzr1W,"₹7,999",4.3 out of 5 stars,True
glass air fryer,2,23,55,B0GM117VSS,"IBELL AEROFRY650 Air Fryer 6.5Litre For Home, 1600W Digital Touch Screen 8 Preset Mode, Rapid Heating up, Non-Stick Oven, Oilless Cooking, Temperature And Time Control, 2 Year Warranty (Black)",200+ bought in past month,https://www.amazon.in/IBELL-AEROFRY650-6-5Litre-Non-Stick-Temperature/dp/B0GM117VSS/ref=sr_1_34?crid=2CNW8JLQNLBQA&dib=eyJ2IjoiMSJ9.Y9j09-_imublqR5tQO-gqzBxcP4gJ5ERwmDAfJ0y5fUSQtHnhuuAKnX_AI0I_r7HwsDcn0XZt-HgtBdTM2iLNE0sDKsnTmtShcc-XGhqObtpSqEAOoqR6TCinNrG3K7rT0-jxzvjHBFZVYwfArbTf_o0QTjmUyW_BD6WRdDeuq2Isy_UptbHbwvA-3oS9ayIy6fOO0z1ZJalHo1PC8-xgMw87_Dnalx4gKKFG_QptUs.4BWTDej7Q4sAho5ykbOkB9ut3UV8vHccFLNv3v8CBc0&dib_tag=se&keywords=glass+air+fryer&qid=1774593677&sprefix=glass+air+fryer%2Caps%2C536&sr=8-34&xpid=s9zZkMAsYzr1W,"₹4,105",4.5 out of 5 stars,True
glass air fryer,2,24,56,B0DKTS6NSJ,"Hamilton Beach Digital Air fryer 7.2L with 100% Toxin Free Silicone Coating, Tested on 138 parameters for Metals, Odour & Microplastics, No PTFE, PFAS, PFOA & BPA, 360° Top View, Dehydrate",100+ bought in past month,https://www.amazon.in/Hamilton-Beach-Capacity-Dehydrate-Controls/dp/B0DKTS6NSJ/ref=sr_1_35?crid=2CNW8JLQNLBQA&dib=eyJ2IjoiMSJ9.Y9j09-_imublqR5tQO-gqzBxcP4gJ5ERwmDAfJ0y5fUSQtHnhuuAKnX_AI0I_r7HwsDcn0XZt-HgtBdTM2iLNE0sDKsnTmtShcc-XGhqObtpSqEAOoqR6TCinNrG3K7rT0-jxzvjHBFZVYwfArbTf_o0QTjmUyW_BD6WRdDeuq2Isy_UptbHbwvA-3oS9ayIy6fOO0z1ZJalHo1PC8-xgMw87_Dnalx4gKKFG_QptUs.4BWTDej7Q4sAho5ykbOkB9ut3UV8vHccFLNv3v8CBc0&dib_tag=se&keywords=glass+air+fryer&qid=1774593677&sprefix=glass+air+fryer%2Caps%2C536&sr=8-35&xpid=s9zZkMAsYzr1W,"₹6,999",4.3 out of 5 stars,True
glass air fryer,2,25,57,B0DDTN297K,"Pigeon By Stovekraft STELLAR Air Fryer Large 5.5L | 1500W BLADELESS Airfryer | Unique See Through Top View Glass | 360 Airwhirl Technology | Digital Touchscreen | 8 PRESETS Menu | Shake Feature, Black",M.R.P:,https://www.amazon.in/Pigeon-Stovekraft-BLADELESS-Technology-Touchscreen/dp/B0DDTN297K/ref=sr_1_36?crid=2CNW8JLQNLBQA&dib=eyJ2IjoiMSJ9.Y9j09-_imublqR5tQO-gqzBxcP4gJ5ERwmDAfJ0y5fUSQtHnhuuAKnX_AI0I_r7HwsDcn0XZt-HgtBdTM2iLNE0sDKsnTmtShcc-XGhqObtpSqEAOoqR6TCinNrG3K7rT0-jxzvjHBFZVYwfArbTf_o0QTjmUyW_BD6WRdDeuq2Isy_UptbHbwvA-3oS9ayIy6fOO0z1ZJalHo1PC8-xgMw87_Dnalx4gKKFG_QptUs.4BWTDej7Q4sAho5ykbOkB9ut3UV8vHccFLNv3v8CBc0&dib_tag=se&keywords=glass+air+fryer&qid=1774593677&sprefix=glass+air+fryer%2Caps%2C536&sr=8-36&xpid=s9zZkMAsYzr1W,"₹5,990",3.9 out of 5 stars,True
glass air fryer,2,26,58,B09CTWFV5W,"PHILIPS Air Fryer HD9200/90, uses up to 90% less fat, 1400W, 4.1 Liter, with Rapid Air Technology (Black), Large",1K+ bought in past month,https://www.amazon.in/sspa/click?ie=UTF8&spc=MTo1ODY2NDY1MjUxNTUxOTkzOjE3NzQ1OTM2Nzg6c3BfYnRmOjMwMDQ1ODk3MzU2MTgzMjo6MDo6&url=%2FPHILIPS-Fryer-HD9200-90-Technology%2Fdp%2FB09CTWFV5W%2Fref%3Dsr_1_37_sspa%3Fcrid%3D2CNW8JLQNLBQA%26dib%3DeyJ2IjoiMSJ9.Y9j09-_imublqR5tQO-gqzBxcP4gJ5ERwmDAfJ0y5fUSQtHnhuuAKnX_AI0I_r7HwsDcn0XZt-HgtBdTM2iLNE0sDKsnTmtShcc-XGhqObtpSqEAOoqR6TCinNrG3K7rT0-jxzvjHBFZVYwfArbTf_o0QTjmUyW_BD6WRdDeuq2Isy_UptbHbwvA-3oS9ayIy6fOO0z1ZJalHo1PC8-xgMw87_Dnalx4gKKFG_QptUs.4BWTDej7Q4sAho5ykbOkB9ut3UV8vHccFLNv3v8CBc0%26dib_tag%3Dse%26keywords%3Dglass%2Bair%2Bfryer%26qid%3D1774593677%26sprefix%3Dglass%2Bair%2Bfryer%252Caps%252C536%26sr%3D8-37-spons%26xpid%3Ds9zZkMAsYzr1W%26aref%3DCFZzwqqnxK%26sp_csd%3Dd2lkZ2V0TmFtZT1zcF9idGY%26psc%3D1&aref=CFZzwqqnxK&sp_cr=ZAZ,"₹5,599",4.3 out of 5 stars,True
glass air fryer,2,27,59,B0DN162F92,"Nutricook 5L Air Fryer Slim (2025) with 100% Toxin-Free Ceramic Coating—No PTFE, PFAS, PFOA or Microplastics, Clear Window, Light & Large Basket | 1500W, 4 Presets, 2-Year Warranty",1K+ bought in past month,https://www.amazon.in/sspa/click?ie=UTF8&spc=MTo1ODY2NDY1MjUxNTUxOTkzOjE3NzQ1OTM2Nzg6c3BfYnRmOjMwMDQxNzQzMzkyNzkzMjo6MDo6&url=%2FNutricook-Warranty-Toxin-Free-Coating-No-Microplastics%2Fdp%2FB0DN162F92%2Fref%3Dsr_1_38_sspa%3Fcrid%3D2CNW8JLQNLBQA%26dib%3DeyJ2IjoiMSJ9.Y9j09-_imublqR5tQO-gqzBxcP4gJ5ERwmDAfJ0y5fUSQtHnhuuAKnX_AI0I_r7HwsDcn0XZt-HgtBdTM2iLNE0sDKsnTmtShcc-XGhqObtpSqEAOoqR6TCinNrG3K7rT0-jxzvjHBFZVYwfArbTf_o0QTjmUyW_BD6WRdDeuq2Isy_UptbHbwvA-3oS9ayIy6fOO0z1ZJalHo1PC8-xgMw87_Dnalx4gKKFG_QptUs.4BWTDej7Q4sAho5ykbOkB9ut3UV8vHccFLNv3v8CBc0%26dib_tag%3Dse%26keywords%3Dglass%2Bair%2Bfryer%26qid%3D1774593677%26sprefix%3Dglass%2Bair%2Bfryer%252Caps%252C536%26sr%3D8-38-spons%26xpid%3Ds9zZkMAsYzr1W%26aref%3D0KnlGcenKg%26sp_csd%3Dd2lkZ2V0TmFtZT1zcF9idGY%26psc%3D1&aref=0KnlGcenKg&sp_cr=ZAZ,"₹5,499",4.6 out of 5 stars,True
glass air fryer,2,28,60,B0CNT56SFG,"Nutricook Steami X 24L Black (Steam + Air Fryer Oven) with 10-in-1 functions like Steam Cook, Steam Roast, Air Fry, Bake, Sterilize & more. Steam + Convection technology, 2200W power, 2-year warranty",200+ bought in past month,https://www.amazon.in/sspa/click?ie=UTF8&spc=MTo2NjY1MDEwMDk2NTYwOTYwOjE3NzQ1OTM2Nzg6c3Bfc2VhcmNoX3RoZW1hdGljX2J0ZjozMDA0NzU4NjM0MjUyMzI6OjA6Og&url=%2FAir-Fryer-Oven-Convection-Technology%2Fdp%2FB0CNT56SFG%2Fref%3Dsxbs_pa_sp_search_thematic_btf_sspa%3Fcontent-id%3Damzn1.sym.5298acb7-37ab-4bc0-a659-56dfae35672f%253Aamzn1.sym.5298acb7-37ab-4bc0-a659-56dfae35672f%26crid%3D2CNW8JLQNLBQA%26cv_ct_cx%3Dglass%2Bair%2Bfryer%26keywords%3Dglass%2Bair%2Bfryer%26pd_rd_i%3DB0CNT56SFG%26pd_rd_r%3D3f848359-7693-449e-a8cd-fcfd8951cb21%26pd_rd_w%3DwDCbz%26pd_rd_wg%3DKi9l4%26pf_rd_p%3D5298acb7-37ab-4bc0-a659-56dfae35672f%26pf_rd_r%3DZ92KGE3V63HSNMP2E1XQ%26qid%3D1774593677%26sbo%3DRZvfv%252F%252FHxDF%252BO5021pAnSA%253D%253D%26sprefix%3Dglass%2Bair%2Bfryer%252Caps%252C536%26sr%3D1-17-39d2cf51-924d-44a4-921d-0c8fa4cce3c9-spons%26xpid%3Ds9zZkMAsYzr1W%26aref%3DvWPvftYxGQ%26sp_csd%3Dd2lkZ2V0TmFtZT1zcF9zZWFyY2hfdGhlbWF0aWNfYnRm%26psc%3D1&aref=vWPvftYxGQ&sp_cr=ZAZ,"₹19,999",4.4 out of 5 stars,True
glass air fryer,2,29,61,B0FXLKG1XR,"NUUK BRĪSK 6.5L 100% Toxin-Free Ceramic Air Fryer | ILAG® CeramicTech™ | No Micro plastics, No PTFE, PFAS, PFOA | 8 Cooking Presets | Digital Display | Shake Reminder | 360° Even Cooking",50+ bought in past month,https://www.amazon.in/sspa/click?ie=UTF8&spc=MTo2NjY1MDEwMDk2NTYwOTYwOjE3NzQ1OTM2Nzg6c3Bfc2VhcmNoX3RoZW1hdGljX2J0ZjozMDA5NTI5MDMxMDIzMzI6OjE6Og&url=%2FNUUK-Toxin-Free-CeramicTechTM-plastics-Reminder%2Fdp%2FB0FXLKG1XR%2Fref%3Dsxbs_pa_sp_search_thematic_btf_sspa%3Fcontent-id%3Damzn1.sym.5298acb7-37ab-4bc0-a659-56dfae35672f%253Aamzn1.sym.5298acb7-37ab-4bc0-a659-56dfae35672f%26crid%3D2CNW8JLQNLBQA%26cv_ct_cx%3Dglass%2Bair%2Bfryer%26keywords%3Dglass%2Bair%2Bfryer%26pd_rd_i%3DB0FXLKG1XR%26pd_rd_r%3D3f848359-7693-449e-a8cd-fcfd8951cb21%26pd_rd_w%3DwDCbz%26pd_rd_wg%3DKi9l4%26pf_rd_p%3D5298acb7-37ab-4bc0-a659-56dfae35672f%26pf_rd_r%3DZ92KGE3V63HSNMP2E1XQ%26qid%3D1774593677%26sbo%3DRZvfv%252F%252FHxDF%252BO5021pAnSA%253D%253D%26sprefix%3Dglass%2Bair%2Bfryer%252Caps%252C536%26sr%3D1-18-39d2cf51-924d-44a4-921d-0c8fa4cce3c9-spons%26xpid%3Ds9zZkMAsYzr1W%26aref%3DZ7WhrOXRri%26sp_csd%3Dd2lkZ2V0TmFtZT1zcF9zZWFyY2hfdGhlbWF0aWNfYnRm%26psc%3D1&aref=Z7WhrOXRri&sp_cr=ZAZ,"₹8,999",4.5 out of 5 stars,True
glass air fryer,2,30,62,B0FTSP3LM6,"NESTER Full Stack Steamlock SS430 Stainless Steel Air Fryer Oven 16L | 1750W Steam + Air Fry | Multi-Function - Air Fryer, Reheat, Bake, Toast, Pizza,and Snacks | Adjustable Temperature & Timer",M.R.P:,https://www.amazon.in/sspa/click?ie=UTF8&spc=MTo2NjY1MDEwMDk2NTYwOTYwOjE3NzQ1OTM2Nzg6c3Bfc2VhcmNoX3RoZW1hdGljX2J0ZjozMDA4Mzk3MzQyNTMzMzI6OjI6Og&url=%2FNESTER-Stack-Steamlock-Stainless-Multi-Function%2Fdp%2FB0FTSP3LM6%2Fref%3Dsxbs_pa_sp_search_thematic_btf_sspa%3Fcontent-id%3Damzn1.sym.5298acb7-37ab-4bc0-a659-56dfae35672f%253Aamzn1.sym.5298acb7-37ab-4bc0-a659-56dfae35672f%26crid%3D2CNW8JLQNLBQA%26cv_ct_cx%3Dglass%2Bair%2Bfryer%26keywords%3Dglass%2Bair%2Bfryer%26pd_rd_i%3DB0FTSP3LM6%26pd_rd_r%3D3f848359-7693-449e-a8cd-fcfd8951cb21%26pd_rd_w%3DwDCbz%26pd_rd_wg%3DKi9l4%26pf_rd_p%3D5298acb7-37ab-4bc0-a659-56dfae35672f%26pf_rd_r%3DZ92KGE3V63HSNMP2E1XQ%26qid%3D1774593677%26sbo%3DRZvfv%252F%252FHxDF%252BO5021pAnSA%253D%253D%26sprefix%3Dglass%2Bair%2Bfryer%252Caps%252C536%26sr%3D1-19-39d2cf51-924d-44a4-921d-0c8fa4cce3c9-spons%26xpid%3Ds9zZkMAsYzr1W%26aref%3DN2g94KJgE0%26sp_csd%3Dd2lkZ2V0TmFtZT1zcF9zZWFyY2hfdGhlbWF0aWNfYnRm%26psc%3D1&aref=N2g94KJgE0&sp_cr=ZAZ,"₹18,997",4.3 out of 5 stars,True
glass air fryer,2,31,63,B0C7QT1433,INALSA Air Fryer for Home|5.5 liter Capacity|Visible Window & Internal Light|1600 W with Smart AirCrisp Technology|6-In-1 Appliance With 8 Preset Menu & Digital Display (Tasty fry DW5.5) Black,50+ bought in past month,https://www.amazon.in/sspa/click?ie=UTF8&spc=MTo2NjY1MDEwMDk2NTYwOTYwOjE3NzQ1OTM2Nzg6c3Bfc2VhcmNoX3RoZW1hdGljX2J0ZjozMDA1OTk0NjYyMTU5MzI6OjM6Og&url=%2FINALSA-5-5-Technology-Appliance-Tasty%2Fdp%2FB0C7QT1433%2Fref%3Dsxbs_pa_sp_search_thematic_btf_sspa%3Fcontent-id%3Damzn1.sym.5298acb7-37ab-4bc0-a659-56dfae35672f%253Aamzn1.sym.5298acb7-37ab-4bc0-a659-56dfae35672f%26crid%3D2CNW8JLQNLBQA%26cv_ct_cx%3Dglass%2Bair%2Bfryer%26keywords%3Dglass%2Bair%2Bfryer%26pd_rd_i%3DB0C7QT1433%26pd_rd_r%3D3f848359-7693-449e-a8cd-fcfd8951cb21%26pd_rd_w%3DwDCbz%26pd_rd_wg%3DKi9l4%26pf_rd_p%3D5298acb7-37ab-4bc0-a659-56dfae35672f%26pf_rd_r%3DZ92KGE3V63HSNMP2E1XQ%26qid%3D1774593677%26sbo%3DRZvfv%252F%252FHxDF%252BO5021pAnSA%253D%253D%26sprefix%3Dglass%2Bair%2Bfryer%252Caps%252C536%26sr%3D1-20-39d2cf51-924d-44a4-921d-0c8fa4cce3c9-spons%26xpid%3Ds9zZkMAsYzr1W%26aref%3DZwFuOzHCKZ%26sp_csd%3Dd2lkZ2V0TmFtZT1zcF9zZWFyY2hfdGhlbWF0aWNfYnRm%26psc%3D1&aref=ZwFuOzHCKZ&sp_cr=ZAZ,"₹5,485.30",4.2 out of 5 stars,True
glass air fryer,2,32,64,B0DJM4GYT5,"Russell Hobbs Sizzle Air RAF5500 5.5L 1350W Digital Air Fryer | 8-in-1 Pre-Set Programs | Rapid Air Circulation | Adjustable Temperature (40°C-200°C) | Removable Baking Tray | 2-Year Warranty, Black","( ₹7,50,900 ₹7,50,900/100 g)",https://www.amazon.in/sspa/click?ie=UTF8&spc=MTo2NjY1MDEwMDk2NTYwOTYwOjE3NzQ1OTM2Nzg6c3Bfc2VhcmNoX3RoZW1hdGljX2J0ZjozMDA3NDMwNjc3MDg4MzI6OjQ6Og&url=%2FRussell-Hobbs-RAF5500-Circulation-Temperature%2Fdp%2FB0DJM4GYT5%2Fref%3Dsxbs_pa_sp_search_thematic_btf_sspa%3Fcontent-id%3Damzn1.sym.5298acb7-37ab-4bc0-a659-56dfae35672f%253Aamzn1.sym.5298acb7-37ab-4bc0-a659-56dfae35672f%26crid%3D2CNW8JLQNLBQA%26cv_ct_cx%3Dglass%2Bair%2Bfryer%26keywords%3Dglass%2Bair%2Bfryer%26pd_rd_i%3DB0DJM4GYT5%26pd_rd_r%3D3f848359-7693-449e-a8cd-fcfd8951cb21%26pd_rd_w%3DwDCbz%26pd_rd_wg%3DKi9l4%26pf_rd_p%3D5298acb7-37ab-4bc0-a659-56dfae35672f%26pf_rd_r%3DZ92KGE3V63HSNMP2E1XQ%26qid%3D1774593677%26sbo%3DRZvfv%252F%252FHxDF%252BO5021pAnSA%253D%253D%26sprefix%3Dglass%2Bair%2Bfryer%252Caps%252C536%26sr%3D1-21-39d2cf51-924d-44a4-921d-0c8fa4cce3c9-spons%26xpid%3Ds9zZkMAsYzr1W%26aref%3DUtdATCvqvJ%26sp_csd%3Dd2lkZ2V0TmFtZT1zcF9zZWFyY2hfdGhlbWF0aWNfYnRm%26psc%3D1&aref=UtdATCvqvJ&sp_cr=ZAZ,"₹7,509",4.3 out of 5 stars,True
glass air fryer,3,1,65,B0C8NFLPYG,"Libra 4.5 Litre Airfryer | Digital Air Fryer With Glass Bowl | Teflon-Free, 8 Presets, 1450W Power | Air Fry, Toast, Grill, Reheat, Dehydrate, & Roast | Visible Window | Smart Air Fryer Oven, Black",400+ bought in past month,https://www.amazon.in/sspa/click?ie=UTF8&spc=MTozNjk2MDE3OTQxNzMzNjU1OjE3NzQ1OTM2OTM6c3BfYXRmX25leHQ6MzAwNTIzNjAzNDIxMTMyOjowOjo&url=%2FLibra-Digital-Glass-Teflon-Free-Dehydrate%2Fdp%2FB0C8NFLPYG%2Fref%3Dsr_1_33_sspa%3Fcrid%3D2CNW8JLQNLBQA%26dib%3DeyJ2IjoiMSJ9.rWVVGw55g4ogwIQAhTAoC9W10wF-ID9L5bb12-txkfiLNYw11OuLfZmRBXzc0ZWti6PnW6-h-ByAM4gpVxQnJ4cs0Gf_1392aiy01zOASKSm0yTj8-8MEz8rO7QASdcSLoj6-rR1WqdSYHun447gLGbA_VIcEbsRc7DFoZsfT_k2dguJMzo5Z-LExxF_7DDxuAVKVmsTJ3oADzYNC3Nb3duPKYP6nIhU0gkzXTx6hL4.8ez8s5bAi5XRzvu5FdRC7efARTQqvNrBBKB4FJSCC1Y%26dib_tag%3Dse%26keywords%3Dglass%2Bair%2Bfryer%26qid%3D1774593693%26sprefix%3Dglass%2Bair%2Bfryer%252Caps%252C536%26sr%3D8-33-spons%26xpid%3Ds9zZkMAsYzr1W%26aref%3DZ8AwsKfo9X%26sp_csd%3Dd2lkZ2V0TmFtZT1zcF9hdGZfbmV4dA%26psc%3D1&aref=Z8AwsKfo9X&sp_cr=ZAZ,"₹5,999",4.1 out of 5 stars,True
glass air fryer,3,2,66,B0GMJG8JYC,Kilig Iris Plus Airfryer | Dual Toxin-Free Glass Containers (4L + 1.5L) | 5 Smart Modes | 1500W | Overheat Protection | 360° Air circulation | Matte Black,"( ₹9,99,000 ₹9,99,000/100 g)",https://www.amazon.in/sspa/click?ie=UTF8&spc=MTozNjk2MDE3OTQxNzMzNjU1OjE3NzQ1OTM2OTM6c3BfYXRmX25leHQ6MzAwOTQ3MjE5NTEzOTMyOjowOjo&url=%2FAirfryer-Toxin-Free-Containers-Protection-circulation%2Fdp%2FB0GMJG8JYC%2Fref%3Dsr_1_34_sspa%3Fcrid%3D2CNW8JLQNLBQA%26dib%3DeyJ2IjoiMSJ9.rWVVGw55g4ogwIQAhTAoC9W10wF-ID9L5bb12-txkfiLNYw11OuLfZmRBXzc0ZWti6PnW6-h-ByAM4gpVxQnJ4cs0Gf_1392aiy01zOASKSm0yTj8-8MEz8rO7QASdcSLoj6-rR1WqdSYHun447gLGbA_VIcEbsRc7DFoZsfT_k2dguJMzo5Z-LExxF_7DDxuAVKVmsTJ3oADzYNC3Nb3duPKYP6nIhU0gkzXTx6hL4.8ez8s5bAi5XRzvu5FdRC7efARTQqvNrBBKB4FJSCC1Y%26dib_tag%3Dse%26keywords%3Dglass%2Bair%2Bfryer%26qid%3D1774593693%26sprefix%3Dglass%2Bair%2Bfryer%252Caps%252C536%26sr%3D8-34-spons%26xpid%3Ds9zZkMAsYzr1W%26aref%3DzT3fkbA2nq%26sp_csd%3Dd2lkZ2V0TmFtZT1zcF9hdGZfbmV4dA%26psc%3D1&aref=zT3fkbA2nq&sp_cr=ZAZ,"₹9,990",4.0 out of 5 stars,True
glass air fryer,3,3,67,B0CNT56SFG,"Nutricook Steami X 24L Black (Steam + Air Fryer Oven) with 10-in-1 functions like Steam Cook, Steam Roast, Air Fry, Bake, Sterilize & more. Steam + Convection technology, 2200W power, 2-year warranty",200+ bought in past month,https://www.amazon.in/Air-Fryer-Oven-Convection-Technology/dp/B0CNT56SFG/ref=sr_1_35?crid=2CNW8JLQNLBQA&dib=eyJ2IjoiMSJ9.rWVVGw55g4ogwIQAhTAoC9W10wF-ID9L5bb12-txkfiLNYw11OuLfZmRBXzc0ZWti6PnW6-h-ByAM4gpVxQnJ4cs0Gf_1392aiy01zOASKSm0yTj8-8MEz8rO7QASdcSLoj6-rR1WqdSYHun447gLGbA_VIcEbsRc7DFoZsfT_k2dguJMzo5Z-LExxF_7DDxuAVKVmsTJ3oADzYNC3Nb3duPKYP6nIhU0gkzXTx6hL4.8ez8s5bAi5XRzvu5FdRC7efARTQqvNrBBKB4FJSCC1Y&dib_tag=se&keywords=glass+air+fryer&qid=1774593693&sprefix=glass+air+fryer%2Caps%2C536&sr=8-35&xpid=s9zZkMAsYzr1W,"₹19,999",4.4 out of 5 stars,True
glass air fryer,3,4,68,B0DK98X9KH,Amazon Basics 3.5L Electric Air Fryer | 1200 W | Temp. Settings Up to 200°C | 7 Pre-set Options | 360° High Speed Air Circulation | Non-Stick Coated | Touch Control Display | 1 Year Warranty (Green),1K+ bought in past month,https://www.amazon.in/Electric-Settings-Circulation-Non-Stick-Warranty/dp/B0DK98X9KH/ref=sr_1_36?crid=2CNW8JLQNLBQA&dib=eyJ2IjoiMSJ9.rWVVGw55g4ogwIQAhTAoC9W10wF-ID9L5bb12-txkfiLNYw11OuLfZmRBXzc0ZWti6PnW6-h-ByAM4gpVxQnJ4cs0Gf_1392aiy01zOASKSm0yTj8-8MEz8rO7QASdcSLoj6-rR1WqdSYHun447gLGbA_VIcEbsRc7DFoZsfT_k2dguJMzo5Z-LExxF_7DDxuAVKVmsTJ3oADzYNC3Nb3duPKYP6nIhU0gkzXTx6hL4.8ez8s5bAi5XRzvu5FdRC7efARTQqvNrBBKB4FJSCC1Y&dib_tag=se&keywords=glass+air+fryer&qid=1774593693&sprefix=glass+air+fryer%2Caps%2C536&sr=8-36&xpid=s9zZkMAsYzr1W,"₹2,499",4.3 out of 5 stars,True
glass air fryer,3,5,69,B0D14DRTS7,"USHA Ichef Smart Air Fryer 4.5L,10 In 1 Functions10 Preset Menu|Digital Display&Touch Panel|Transparent Window|Illuminated Chamber|Turbo Air Circulation|Oil Free Cooking|Auto Pause/Start(Black),1350W",M.R.P:,https://www.amazon.in/USHA-Functions-Circulation-2-Stage-Warranty/dp/B0D14DRTS7/ref=sr_1_37?crid=2CNW8JLQNLBQA&dib=eyJ2IjoiMSJ9.rWVVGw55g4ogwIQAhTAoC9W10wF-ID9L5bb12-txkfiLNYw11OuLfZmRBXzc0ZWti6PnW6-h-ByAM4gpVxQnJ4cs0Gf_1392aiy01zOASKSm0yTj8-8MEz8rO7QASdcSLoj6-rR1WqdSYHun447gLGbA_VIcEbsRc7DFoZsfT_k2dguJMzo5Z-LExxF_7DDxuAVKVmsTJ3oADzYNC3Nb3duPKYP6nIhU0gkzXTx6hL4.8ez8s5bAi5XRzvu5FdRC7efARTQqvNrBBKB4FJSCC1Y&dib_tag=se&keywords=glass+air+fryer&qid=1774593693&sprefix=glass+air+fryer%2Caps%2C536&sr=8-37&xpid=s9zZkMAsYzr1W,"₹4,599",4.0 out of 5 stars,True
glass air fryer,3,6,70,B0FWY6L1P5,Ninja Double Stack Dual Zone Digital Air Fryer SL300IN | 2470W| Cook 4 Foods at Once |7.6L Family Size Vertical Design | 6 Cooking Functions | Oil-Free Fryer | Black,"( ₹21,49,900 ₹21,49,900/100 g)",https://www.amazon.in/sspa/click?ie=UTF8&spc=MTo3MzM1NDYzNzg3MjUwMzA2OjE3NzQ1OTM2OTM6c3Bfc2VhcmNoX3RoZW1hdGljOjMwMTAwMDIxODkzNTYzMjo6MDo6&url=%2FNinja-SL300IN-Vertical-Functions-Oil-Free%2Fdp%2FB0FWY6L1P5%2Fref%3Dsxin_13_pa_sp_search_thematic_sspa%3Fcontent-id%3Damzn1.sym.c007a59b-1788-4f64-b1ed-4d72476022eb%253Aamzn1.sym.c007a59b-1788-4f64-b1ed-4d72476022eb%26crid%3D2CNW8JLQNLBQA%26cv_ct_cx%3Dglass%2Bair%2Bfryer%26keywords%3Dglass%2Bair%2Bfryer%26pd_rd_i%3DB0FWY6L1P5%26pd_rd_r%3Dc7db3ccf-e493-46ae-ab92-28390d2bce15%26pd_rd_w%3DPUssk%26pd_rd_wg%3DrU9Il%26pf_rd_p%3Dc007a59b-1788-4f64-b1ed-4d72476022eb%26pf_rd_r%3DZ9S78BJJ4GDMB3V72HDB%26qid%3D1774593693%26sbo%3DRZvfv%252F%252FHxDF%252BO5021pAnSA%253D%253D%26sprefix%3Dglass%2Bair%2Bfryer%252Caps%252C536%26sr%3D1-33-2ec22325-1003-449d-8aaf-c0bcc24717ae-spons%26xpid%3Ds9zZkMAsYzr1W%26aref%3DzV3aqBPhkd%26sp_csd%3Dd2lkZ2V0TmFtZT1zcF9zZWFyY2hfdGhlbWF0aWM%26psc%3D1&aref=zV3aqBPhkd&sp_cr=ZAZ,"₹21,499",4.6 out of 5 stars,True
glass air fryer,3,7,71,B0FWY8TT1X,"Ninja Combi (SFP701IN) 14-in-1 Multi-Cooker, Oven, & Air Fryer (12.5L) –, HyperSteam & Air Fry Technology, Cooks 3-Part Family Meals in 15 Mins, Healthy Oil-Free Cooking, Digital Display, SS cavity",M.R.P:,https://www.amazon.in/sspa/click?ie=UTF8&spc=MTo3MzM1NDYzNzg3MjUwMzA2OjE3NzQ1OTM2OTM6c3Bfc2VhcmNoX3RoZW1hdGljOjMwMTAwMDIxODkzNTczMjo6MTo6&url=%2FNinja-SFP701IN-Multi-Cooker-HyperSteam-Technology%2Fdp%2FB0FWY8TT1X%2Fref%3Dsxin_13_pa_sp_search_thematic_sspa%3Fcontent-id%3Damzn1.sym.c007a59b-1788-4f64-b1ed-4d72476022eb%253Aamzn1.sym.c007a59b-1788-4f64-b1ed-4d72476022eb%26crid%3D2CNW8JLQNLBQA%26cv_ct_cx%3Dglass%2Bair%2Bfryer%26keywords%3Dglass%2Bair%2Bfryer%26pd_rd_i%3DB0FWY8TT1X%26pd_rd_r%3Dc7db3ccf-e493-46ae-ab92-28390d2bce15%26pd_rd_w%3DPUssk%26pd_rd_wg%3DrU9Il%26pf_rd_p%3Dc007a59b-1788-4f64-b1ed-4d72476022eb%26pf_rd_r%3DZ9S78BJJ4GDMB3V72HDB%26qid%3D1774593693%26sbo%3DRZvfv%252F%252FHxDF%252BO5021pAnSA%253D%253D%26sprefix%3Dglass%2Bair%2Bfryer%252Caps%252C536%26sr%3D1-34-2ec22325-1003-449d-8aaf-c0bcc24717ae-spons%26xpid%3Ds9zZkMAsYzr1W%26aref%3D6IX9xEnCNV%26sp_csd%3Dd2lkZ2V0TmFtZT1zcF9zZWFyY2hfdGhlbWF0aWM%26psc%3D1&aref=6IX9xEnCNV&sp_cr=ZAZ,"₹25,999",4.7 out of 5 stars,True
glass air fryer,3,8,72,B0C8NFLPYG,"Libra 4.5 Litre Airfryer | Digital Air Fryer With Glass Bowl | Teflon-Free, 8 Presets, 1450W Power | Air Fry, Toast, Grill, Reheat, Dehydrate, & Roast | Visible Window | Smart Air Fryer Oven, Black",400+ bought in past month,https://www.amazon.in/sspa/click?ie=UTF8&spc=MTo3MzM1NDYzNzg3MjUwMzA2OjE3NzQ1OTM2OTM6c3Bfc2VhcmNoX3RoZW1hdGljOjMwMDUyMzYwMzQyMTEzMjo6Mjo6&url=%2FLibra-Digital-Glass-Teflon-Free-Dehydrate%2Fdp%2FB0C8NFLPYG%2Fref%3Dsxin_13_pa_sp_search_thematic_sspa%3Fcontent-id%3Damzn1.sym.c007a59b-1788-4f64-b1ed-4d72476022eb%253Aamzn1.sym.c007a59b-1788-4f64-b1ed-4d72476022eb%26crid%3D2CNW8JLQNLBQA%26cv_ct_cx%3Dglass%2Bair%2Bfryer%26keywords%3Dglass%2Bair%2Bfryer%26pd_rd_i%3DB0C8NFLPYG%26pd_rd_r%3Dc7db3ccf-e493-46ae-ab92-28390d2bce15%26pd_rd_w%3DPUssk%26pd_rd_wg%3DrU9Il%26pf_rd_p%3Dc007a59b-1788-4f64-b1ed-4d72476022eb%26pf_rd_r%3DZ9S78BJJ4GDMB3V72HDB%26qid%3D1774593693%26sbo%3DRZvfv%252F%252FHxDF%252BO5021pAnSA%253D%253D%26sprefix%3Dglass%2Bair%2Bfryer%252Caps%252C536%26sr%3D1-35-2ec22325-1003-449d-8aaf-c0bcc24717ae-spons%26xpid%3Ds9zZkMAsYzr1W%26aref%3DZ8AwsKfo9X%26sp_csd%3Dd2lkZ2V0TmFtZT1zcF9zZWFyY2hfdGhlbWF0aWM%26psc%3D1&aref=Z8AwsKfo9X&sp_cr=ZAZ,"₹5,999",4.1 out of 5 stars,True
glass air fryer,3,9,73,B0CNT56SFG,"Nutricook Steami X 24L Black (Steam + Air Fryer Oven) with 10-in-1 functions like Steam Cook, Steam Roast, Air Fry, Bake, Sterilize & more. Steam + Convection technology, 2200W power, 2-year warranty",200+ bought in past month,https://www.amazon.in/sspa/click?ie=UTF8&spc=MTo3MzM1NDYzNzg3MjUwMzA2OjE3NzQ1OTM2OTM6c3Bfc2VhcmNoX3RoZW1hdGljOjMwMDQ3NTg2MzQyNTIzMjo6Mzo6&url=%2FAir-Fryer-Oven-Convection-Technology%2Fdp%2FB0CNT56SFG%2Fref%3Dsxin_13_pa_sp_search_thematic_sspa%3Fcontent-id%3Damzn1.sym.c007a59b-1788-4f64-b1ed-4d72476022eb%253Aamzn1.sym.c007a59b-1788-4f64-b1ed-4d72476022eb%26crid%3D2CNW8JLQNLBQA%26cv_ct_cx%3Dglass%2Bair%2Bfryer%26keywords%3Dglass%2Bair%2Bfryer%26pd_rd_i%3DB0CNT56SFG%26pd_rd_r%3Dc7db3ccf-e493-46ae-ab92-28390d2bce15%26pd_rd_w%3DPUssk%26pd_rd_wg%3DrU9Il%26pf_rd_p%3Dc007a59b-1788-4f64-b1ed-4d72476022eb%26pf_rd_r%3DZ9S78BJJ4GDMB3V72HDB%26qid%3D1774593693%26sbo%3DRZvfv%252F%252FHxDF%252BO5021pAnSA%253D%253D%26sprefix%3Dglass%2Bair%2Bfryer%252Caps%252C536%26sr%3D1-36-2ec22325-1003-449d-8aaf-c0bcc24717ae-spons%26xpid%3Ds9zZkMAsYzr1W%26aref%3DvWPvftYxGQ%26sp_csd%3Dd2lkZ2V0TmFtZT1zcF9zZWFyY2hfdGhlbWF0aWM%26psc%3D1&aref=vWPvftYxGQ&sp_cr=ZAZ,"₹19,999",4.4 out of 5 stars,True
glass air fryer,3,10,74,B0FXLKG1XR,"NUUK BRĪSK 6.5L 100% Toxin-Free Ceramic Air Fryer | ILAG® CeramicTech™ | No Micro plastics, No PTFE, PFAS, PFOA | 8 Cooking Presets | Digital Display | Shake Reminder | 360° Even Cooking",50+ bought in past month,https://www.amazon.in/sspa/click?ie=UTF8&spc=MTo3MzM1NDYzNzg3MjUwMzA2OjE3NzQ1OTM2OTM6c3Bfc2VhcmNoX3RoZW1hdGljOjMwMDk1MjkwMzEwMjMzMjo6NDo6&url=%2FNUUK-Toxin-Free-CeramicTechTM-plastics-Reminder%2Fdp%2FB0FXLKG1XR%2Fref%3Dsxin_13_pa_sp_search_thematic_sspa%3Fcontent-id%3Damzn1.sym.c007a59b-1788-4f64-b1ed-4d72476022eb%253Aamzn1.sym.c007a59b-1788-4f64-b1ed-4d72476022eb%26crid%3D2CNW8JLQNLBQA%26cv_ct_cx%3Dglass%2Bair%2Bfryer%26keywords%3Dglass%2Bair%2Bfryer%26pd_rd_i%3DB0FXLKG1XR%26pd_rd_r%3Dc7db3ccf-e493-46ae-ab92-28390d2bce15%26pd_rd_w%3DPUssk%26pd_rd_wg%3DrU9Il%26pf_rd_p%3Dc007a59b-1788-4f64-b1ed-4d72476022eb%26pf_rd_r%3DZ9S78BJJ4GDMB3V72HDB%26qid%3D1774593693%26sbo%3DRZvfv%252F%252FHxDF%252BO5021pAnSA%253D%253D%26sprefix%3Dglass%2Bair%2Bfryer%252Caps%252C536%26sr%3D1-37-2ec22325-1003-449d-8aaf-c0bcc24717ae-spons%26xpid%3Ds9zZkMAsYzr1W%26aref%3DZ7WhrOXRri%26sp_csd%3Dd2lkZ2V0TmFtZT1zcF9zZWFyY2hfdGhlbWF0aWM%26psc%3D1&aref=Z7WhrOXRri&sp_cr=ZAZ,"₹8,999",4.5 out of 5 stars,True
glass air fryer,3,11,75,B0DS5XKPC3,Prestige AirChef 12L Air Fryer Oven | 1800 Watts | 360° Rapid Air Technology | Multi-level Cooking | Rotisserie | 10 Preset Menu | 80% less Oil Consumption | Rose Gold | 1Y Warranty | ISI Certified,100+ bought in past month,https://www.amazon.in/Prestige-Degree-Technology-Multi-Level-Smoke-Free/dp/B0DS5XKPC3/ref=sr_1_38?crid=2CNW8JLQNLBQA&dib=eyJ2IjoiMSJ9.rWVVGw55g4ogwIQAhTAoC9W10wF-ID9L5bb12-txkfiLNYw11OuLfZmRBXzc0ZWti6PnW6-h-ByAM4gpVxQnJ4cs0Gf_1392aiy01zOASKSm0yTj8-8MEz8rO7QASdcSLoj6-rR1WqdSYHun447gLGbA_VIcEbsRc7DFoZsfT_k2dguJMzo5Z-LExxF_7DDxuAVKVmsTJ3oADzYNC3Nb3duPKYP6nIhU0gkzXTx6hL4.8ez8s5bAi5XRzvu5FdRC7efARTQqvNrBBKB4FJSCC1Y&dib_tag=se&keywords=glass+air+fryer&qid=1774593693&sprefix=glass+air+fryer%2Caps%2C536&sr=8-38&xpid=s9zZkMAsYzr1W,"₹9,890",4.0 out of 5 stars,True
glass air fryer,3,12,76,B0GC4FR7H4,"KILIG Nexa SteamX 10.5L, 100% Toxin-Free Steam-Airfryer with StepChef™ Automation | MyKilig App Control | 12 Presets | 4 Modes | Self-Clean | 1550W + 900W | Glossy Black",M.R.P:,https://www.amazon.in/KILIG-Toxin-Free-Steam-Airfryer-StepChefTM-Automation/dp/B0GC4FR7H4/ref=sr_1_39?crid=2CNW8JLQNLBQA&dib=eyJ2IjoiMSJ9.rWVVGw55g4ogwIQAhTAoC9W10wF-ID9L5bb12-txkfiLNYw11OuLfZmRBXzc0ZWti6PnW6-h-ByAM4gpVxQnJ4cs0Gf_1392aiy01zOASKSm0yTj8-8MEz8rO7QASdcSLoj6-rR1WqdSYHun447gLGbA_VIcEbsRc7DFoZsfT_k2dguJMzo5Z-LExxF_7DDxuAVKVmsTJ3oADzYNC3Nb3duPKYP6nIhU0gkzXTx6hL4.8ez8s5bAi5XRzvu5FdRC7efARTQqvNrBBKB4FJSCC1Y&dib_tag=se&keywords=glass+air+fryer&qid=1774593693&sprefix=glass+air+fryer%2Caps%2C536&sr=8-39&xpid=s9zZkMAsYzr1W,"₹16,990",4.7 out of 5 stars,True
glass air fryer,3,13,77,B0FRH1THFP,"Faber 8 L 1700W Digital Air Fryer | Fry, Bake, Roast | 85% Less Oil, 200°C Swirl Heating Technology | 7-Preset Menu, Touch Control Interface, View Window, Auto Shut-Off | Black",50+ bought in past month,https://www.amazon.in/Faber-Technology-7-Preset-Interface-Shut-Off/dp/B0FRH1THFP/ref=sr_1_40?crid=2CNW8JLQNLBQA&dib=eyJ2IjoiMSJ9.rWVVGw55g4ogwIQAhTAoC9W10wF-ID9L5bb12-txkfiLNYw11OuLfZmRBXzc0ZWti6PnW6-h-ByAM4gpVxQnJ4cs0Gf_1392aiy01zOASKSm0yTj8-8MEz8rO7QASdcSLoj6-rR1WqdSYHun447gLGbA_VIcEbsRc7DFoZsfT_k2dguJMzo5Z-LExxF_7DDxuAVKVmsTJ3oADzYNC3Nb3duPKYP6nIhU0gkzXTx6hL4.8ez8s5bAi5XRzvu5FdRC7efARTQqvNrBBKB4FJSCC1Y&dib_tag=se&keywords=glass+air+fryer&qid=1774593693&sprefix=glass+air+fryer%2Caps%2C536&sr=8-40&xpid=s9zZkMAsYzr1W,"₹6,990",4.8 out of 5 stars,True
glass air fryer,3,14,78,B0D14861L9,"PHILIPS Air Fryer NA130/00, uses up to 90% less fat, 1700W, 6.2 Liter, with Rapid Air Technology (Black), Extra Large",1K+ bought in past month,https://www.amazon.in/PHILIPS-Fryer-NA130-00-Technology/dp/B0D14861L9/ref=sr_1_41?crid=2CNW8JLQNLBQA&dib=eyJ2IjoiMSJ9.rWVVGw55g4ogwIQAhTAoC9W10wF-ID9L5bb12-txkfiLNYw11OuLfZmRBXzc0ZWti6PnW6-h-ByAM4gpVxQnJ4cs0Gf_1392aiy01zOASKSm0yTj8-8MEz8rO7QASdcSLoj6-rR1WqdSYHun447gLGbA_VIcEbsRc7DFoZsfT_k2dguJMzo5Z-LExxF_7DDxuAVKVmsTJ3oADzYNC3Nb3duPKYP6nIhU0gkzXTx6hL4.8ez8s5bAi5XRzvu5FdRC7efARTQqvNrBBKB4FJSCC1Y&dib_tag=se&keywords=glass+air+fryer&qid=1774593693&sprefix=glass+air+fryer%2Caps%2C536&sr=8-41&xpid=s9zZkMAsYzr1W,"₹6,619",4.3 out of 5 stars,True
glass air fryer,3,15,79,B0FKTBFBBW,"Bosch Crispmaxx Air Fryer 7.2L with baking tray, With Touch Panel,7 Presets menus,Illuminated Viewing Window, Shake Alarm,MAF671B5IN,Black",100+ bought in past month,https://www.amazon.in/Bosch-Crispmaxx-Presets-Illuminated-MAF671B5IN/dp/B0FKTBFBBW/ref=sr_1_42?crid=2CNW8JLQNLBQA&dib=eyJ2IjoiMSJ9.rWVVGw55g4ogwIQAhTAoC9W10wF-ID9L5bb12-txkfiLNYw11OuLfZmRBXzc0ZWti6PnW6-h-ByAM4gpVxQnJ4cs0Gf_1392aiy01zOASKSm0yTj8-8MEz8rO7QASdcSLoj6-rR1WqdSYHun447gLGbA_VIcEbsRc7DFoZsfT_k2dguJMzo5Z-LExxF_7DDxuAVKVmsTJ3oADzYNC3Nb3duPKYP6nIhU0gkzXTx6hL4.8ez8s5bAi5XRzvu5FdRC7efARTQqvNrBBKB4FJSCC1Y&dib_tag=se&keywords=glass+air+fryer&qid=1774593693&sprefix=glass+air+fryer%2Caps%2C536&sr=8-42&xpid=s9zZkMAsYzr1W,"₹10,997",4.3 out of 5 stars,True
glass air fryer,3,16,80,B0GSGLF8RF,"CELLO Airmate Modular Air Fryer with 5MM Borosilicate Glass Bowl 4L | 90% Less Fat Cooking, 1500W High Speed 360° Air Wave Technology | For Fry Bake Crisp Keep Warm, Cook Serve Store, Dishwasher Safe",M.R.P:,https://www.amazon.in/sspa/click?ie=UTF8&spc=MTozNjk2MDE3OTQxNzMzNjU1OjE3NzQ1OTM2OTM6c3BfbXRmOjMwMTAwNDk1NTg0MDczMjo6MDo6&url=%2FCELLO-Borosilicate-1500W-Technology-Dishwasher%2Fdp%2FB0GSGLF8RF%2Fref%3Dsr_1_43_sspa%3Fcrid%3D2CNW8JLQNLBQA%26dib%3DeyJ2IjoiMSJ9.rWVVGw55g4ogwIQAhTAoC9W10wF-ID9L5bb12-txkfiLNYw11OuLfZmRBXzc0ZWti6PnW6-h-ByAM4gpVxQnJ4cs0Gf_1392aiy01zOASKSm0yTj8-8MEz8rO7QASdcSLoj6-rR1WqdSYHun447gLGbA_VIcEbsRc7DFoZsfT_k2dguJMzo5Z-LExxF_7DDxuAVKVmsTJ3oADzYNC3Nb3duPKYP6nIhU0gkzXTx6hL4.8ez8s5bAi5XRzvu5FdRC7efARTQqvNrBBKB4FJSCC1Y%26dib_tag%3Dse%26keywords%3Dglass%2Bair%2Bfryer%26qid%3D1774593693%26sprefix%3Dglass%2Bair%2Bfryer%252Caps%252C536%26sr%3D8-43-spons%26xpid%3Ds9zZkMAsYzr1W%26aref%3DuMOBkks86j%26sp_csd%3Dd2lkZ2V0TmFtZT1zcF9tdGY%26psc%3D1&aref=uMOBkks86j&sp_cr=ZAZ,"₹5,999",5.0 out of 5 stars,True
glass air fryer,3,17,81,B0GC5NQFHV,Kilig Nexa Core 4L 100% Toxin-Free Air Fryer | Exclusive StepChef™ Feature | Borosilicate Glass Basket | 8 Indian Presets |1800W Top & Bottom Heating | App Control | Wi-Fi Enabled Smart Air Fryer,100+ bought in past month,https://www.amazon.in/sspa/click?ie=UTF8&spc=MTozNjk2MDE3OTQxNzMzNjU1OjE3NzQ1OTM2OTM6c3BfbXRmOjMwMDkwNzcxNTA5NDczMjo6MDo6&url=%2FToxin-Free-Exclusive-StepChefTM-Feature-Borosilicate%2Fdp%2FB0GC5NQFHV%2Fref%3Dsr_1_44_sspa%3Fcrid%3D2CNW8JLQNLBQA%26dib%3DeyJ2IjoiMSJ9.rWVVGw55g4ogwIQAhTAoC9W10wF-ID9L5bb12-txkfiLNYw11OuLfZmRBXzc0ZWti6PnW6-h-ByAM4gpVxQnJ4cs0Gf_1392aiy01zOASKSm0yTj8-8MEz8rO7QASdcSLoj6-rR1WqdSYHun447gLGbA_VIcEbsRc7DFoZsfT_k2dguJMzo5Z-LExxF_7DDxuAVKVmsTJ3oADzYNC3Nb3duPKYP6nIhU0gkzXTx6hL4.8ez8s5bAi5XRzvu5FdRC7efARTQqvNrBBKB4FJSCC1Y%26dib_tag%3Dse%26keywords%3Dglass%2Bair%2Bfryer%26qid%3D1774593693%26sprefix%3Dglass%2Bair%2Bfryer%252Caps%252C536%26sr%3D8-44-spons%26xpid%3Ds9zZkMAsYzr1W%26aref%3DCNEOVzG6Zl%26sp_csd%3Dd2lkZ2V0TmFtZT1zcF9tdGY%26psc%3D1&aref=CNEOVzG6Zl&sp_cr=ZAZ,"₹7,990",4.5 out of 5 stars,True
glass air fryer,3,18,82,B0DKPYTCZ4,"Non-toxic air fryer - 5-quart glass fryer with 360° visibility, self-cleaning, 400 F Vortex air fryer for even cooking, Teflon-free, 6-in-1 functions, rotisserie,",Save extra with No Cost EMI Save extra with No Cost EMI,https://www.amazon.in/Non-toxic-air-fryer-self-cleaning-Teflon-free/dp/B0DKPYTCZ4/ref=sr_1_45?crid=2CNW8JLQNLBQA&dib=eyJ2IjoiMSJ9.rWVVGw55g4ogwIQAhTAoC9W10wF-ID9L5bb12-txkfiLNYw11OuLfZmRBXzc0ZWti6PnW6-h-ByAM4gpVxQnJ4cs0Gf_1392aiy01zOASKSm0yTj8-8MEz8rO7QASdcSLoj6-rR1WqdSYHun447gLGbA_VIcEbsRc7DFoZsfT_k2dguJMzo5Z-LExxF_7DDxuAVKVmsTJ3oADzYNC3Nb3duPKYP6nIhU0gkzXTx6hL4.8ez8s5bAi5XRzvu5FdRC7efARTQqvNrBBKB4FJSCC1Y&dib_tag=se&keywords=glass+air+fryer&qid=1774593693&sprefix=glass+air+fryer%2Caps%2C536&sr=8-45&xpid=s9zZkMAsYzr1W,"₹44,744.52",4.0 out of 5 stars,True
glass air fryer,3,19,83,B0CXQ8R7G2,"Prestige Nutrifry 4.5L Digital Air Fryer| 80% less Oil Consumption | 8 Preset Menu | Fry, Grill, Roast, Bake, Reheat | Digital Display | 1200 Watts | Easy to Clean | 1Y Warranty | ISI Certified",600+ bought in past month,https://www.amazon.in/Prestige-Nutrifry-Electric-Digital-Consumption/dp/B0CXQ8R7G2/ref=sr_1_46?crid=2CNW8JLQNLBQA&dib=eyJ2IjoiMSJ9.rWVVGw55g4ogwIQAhTAoC9W10wF-ID9L5bb12-txkfiLNYw11OuLfZmRBXzc0ZWti6PnW6-h-ByAM4gpVxQnJ4cs0Gf_1392aiy01zOASKSm0yTj8-8MEz8rO7QASdcSLoj6-rR1WqdSYHun447gLGbA_VIcEbsRc7DFoZsfT_k2dguJMzo5Z-LExxF_7DDxuAVKVmsTJ3oADzYNC3Nb3duPKYP6nIhU0gkzXTx6hL4.8ez8s5bAi5XRzvu5FdRC7efARTQqvNrBBKB4FJSCC1Y&dib_tag=se&keywords=glass+air+fryer&qid=1774593693&sprefix=glass+air+fryer%2Caps%2C536&sr=8-46&xpid=s9zZkMAsYzr1W,"₹3,684",3.7 out of 5 stars,True
glass air fryer,3,20,84,B007P6SAZ4,"Big Boss 16Qt Large Glass Air Fryer Non Toxic – Family Sized Large Halogen Oven Cooker with 3 Cooking Sections, Stainless Steel Racks, French Fries, Chicken, No Preheat, Self Cleaning, Dishwasher Safe",FREE delivery 11 - 14 Apr,https://www.amazon.in/Big-Boss-Oil-Less-Fryer-Silver/dp/B007P6SAZ4/ref=sr_1_47?crid=2CNW8JLQNLBQA&dib=eyJ2IjoiMSJ9.rWVVGw55g4ogwIQAhTAoC9W10wF-ID9L5bb12-txkfiLNYw11OuLfZmRBXzc0ZWti6PnW6-h-ByAM4gpVxQnJ4cs0Gf_1392aiy01zOASKSm0yTj8-8MEz8rO7QASdcSLoj6-rR1WqdSYHun447gLGbA_VIcEbsRc7DFoZsfT_k2dguJMzo5Z-LExxF_7DDxuAVKVmsTJ3oADzYNC3Nb3duPKYP6nIhU0gkzXTx6hL4.8ez8s5bAi5XRzvu5FdRC7efARTQqvNrBBKB4FJSCC1Y&dib_tag=se&keywords=glass+air+fryer&qid=1774593693&sprefix=glass+air+fryer%2Caps%2C536&sr=8-47&xpid=s9zZkMAsYzr1W,"₹27,874.63",4.0 out of 5 stars,True
glass air fryer,3,21,85,B0FTSP3LM6,"NESTER Full Stack Steamlock SS430 Stainless Steel Air Fryer Oven 16L | 1750W Steam + Air Fry | Multi-Function - Air Fryer, Reheat, Bake, Toast, Pizza,and Snacks | Adjustable Temperature & Timer",M.R.P:,https://www.amazon.in/NESTER-Stack-Steamlock-Stainless-Multi-Function/dp/B0FTSP3LM6/ref=sr_1_48?crid=2CNW8JLQNLBQA&dib=eyJ2IjoiMSJ9.rWVVGw55g4ogwIQAhTAoC9W10wF-ID9L5bb12-txkfiLNYw11OuLfZmRBXzc0ZWti6PnW6-h-ByAM4gpVxQnJ4cs0Gf_1392aiy01zOASKSm0yTj8-8MEz8rO7QASdcSLoj6-rR1WqdSYHun447gLGbA_VIcEbsRc7DFoZsfT_k2dguJMzo5Z-LExxF_7DDxuAVKVmsTJ3oADzYNC3Nb3duPKYP6nIhU0gkzXTx6hL4.8ez8s5bAi5XRzvu5FdRC7efARTQqvNrBBKB4FJSCC1Y&dib_tag=se&keywords=glass+air+fryer&qid=1774593693&sprefix=glass+air+fryer%2Caps%2C536&sr=8-48&xpid=s9zZkMAsYzr1W,"₹18,997",4.3 out of 5 stars,True
glass air fryer,3,22,86,B0D97MQ495,"Prestige Multi-Chef All-in-One Air Fryer |80% less Oil Consumption|6.5L Capacity |1200 Watts Power|Airfry,Oven, Toast, Grill|See Through Lid|Advance Digital Display|Even Heat Distribution|Black",50+ bought in past month,https://www.amazon.in/Prestige-Multi-Chef-Consumption-Capacity-Distribution/dp/B0D97MQ495/ref=sr_1_49?crid=2CNW8JLQNLBQA&dib=eyJ2IjoiMSJ9.rWVVGw55g4ogwIQAhTAoC9W10wF-ID9L5bb12-txkfiLNYw11OuLfZmRBXzc0ZWti6PnW6-h-ByAM4gpVxQnJ4cs0Gf_1392aiy01zOASKSm0yTj8-8MEz8rO7QASdcSLoj6-rR1WqdSYHun447gLGbA_VIcEbsRc7DFoZsfT_k2dguJMzo5Z-LExxF_7DDxuAVKVmsTJ3oADzYNC3Nb3duPKYP6nIhU0gkzXTx6hL4.8ez8s5bAi5XRzvu5FdRC7efARTQqvNrBBKB4FJSCC1Y&dib_tag=se&keywords=glass+air+fryer&qid=1774593693&sprefix=glass+air+fryer%2Caps%2C536&sr=8-49&xpid=s9zZkMAsYzr1W,"₹4,895",4.0 out of 5 stars,True
glass air fryer,3,23,87,B0D4ZFBS5V,"INALSA Air fryer,Oven,Steamer,Rotisserie,Convection|1700 W & 15 L|9 Accessories|Air Fry,Roast,Grill,Steam Vegetables,Idli,Momos,Sanitize|Self Clean Function|2 Yr Warranty(Aero Smart N Steam) White",100+ bought in past month,https://www.amazon.in/Rotisserie-Accessories-Steam-Aero-Smart/dp/B0D4ZFBS5V/ref=sr_1_50?crid=2CNW8JLQNLBQA&dib=eyJ2IjoiMSJ9.rWVVGw55g4ogwIQAhTAoC9W10wF-ID9L5bb12-txkfiLNYw11OuLfZmRBXzc0ZWti6PnW6-h-ByAM4gpVxQnJ4cs0Gf_1392aiy01zOASKSm0yTj8-8MEz8rO7QASdcSLoj6-rR1WqdSYHun447gLGbA_VIcEbsRc7DFoZsfT_k2dguJMzo5Z-LExxF_7DDxuAVKVmsTJ3oADzYNC3Nb3duPKYP6nIhU0gkzXTx6hL4.8ez8s5bAi5XRzvu5FdRC7efARTQqvNrBBKB4FJSCC1Y&dib_tag=se&keywords=glass+air+fryer&qid=1774593693&sprefix=glass+air+fryer%2Caps%2C536&sr=8-50&xpid=s9zZkMAsYzr1W,"₹16,999",4.0 out of 5 stars,True
glass air fryer,3,24,88,B0FH1WPYMX,Havells Prolife Brio Air Fryer 4.2 L| Aero Crisp Technology for Air Circulation| See Through Window| Non-Stick Silicon Coated Basket| Adjustable Temperature and Time| 2Yr Door Step Warranty by Havells,100+ bought in past month,https://www.amazon.in/Havells-Technology-Circulation-Adjustable-Temperature/dp/B0FH1WPYMX/ref=sr_1_51?crid=2CNW8JLQNLBQA&dib=eyJ2IjoiMSJ9.rWVVGw55g4ogwIQAhTAoC9W10wF-ID9L5bb12-txkfiLNYw11OuLfZmRBXzc0ZWti6PnW6-h-ByAM4gpVxQnJ4cs0Gf_1392aiy01zOASKSm0yTj8-8MEz8rO7QASdcSLoj6-rR1WqdSYHun447gLGbA_VIcEbsRc7DFoZsfT_k2dguJMzo5Z-LExxF_7DDxuAVKVmsTJ3oADzYNC3Nb3duPKYP6nIhU0gkzXTx6hL4.8ez8s5bAi5XRzvu5FdRC7efARTQqvNrBBKB4FJSCC1Y&dib_tag=se&keywords=glass+air+fryer&qid=1774593693&sprefix=glass+air+fryer%2Caps%2C536&sr=8-51&xpid=s9zZkMAsYzr1W,"₹4,499",4.4 out of 5 stars,True
glass air fryer,3,25,89,B0DFWSRR26,"KAFF KFR12 Digital Air Fryer Oven with 360° High Speed Air Circulation Technology -1800W| Bake, Grill & Roast|Digital LED Display & Touch Control Panel (12L, Silver & Black)",M.R.P:,https://www.amazon.in/KAFF-KFR12-Rotisserie-Electric-Cholesterol/dp/B0DFWSRR26/ref=sr_1_52?crid=2CNW8JLQNLBQA&dib=eyJ2IjoiMSJ9.rWVVGw55g4ogwIQAhTAoC9W10wF-ID9L5bb12-txkfiLNYw11OuLfZmRBXzc0ZWti6PnW6-h-ByAM4gpVxQnJ4cs0Gf_1392aiy01zOASKSm0yTj8-8MEz8rO7QASdcSLoj6-rR1WqdSYHun447gLGbA_VIcEbsRc7DFoZsfT_k2dguJMzo5Z-LExxF_7DDxuAVKVmsTJ3oADzYNC3Nb3duPKYP6nIhU0gkzXTx6hL4.8ez8s5bAi5XRzvu5FdRC7efARTQqvNrBBKB4FJSCC1Y&dib_tag=se&keywords=glass+air+fryer&qid=1774593693&sprefix=glass+air+fryer%2Caps%2C536&sr=8-52&xpid=s9zZkMAsYzr1W,"₹8,820",4.3 out of 5 stars,True
glass air fryer,3,26,90,B0FXLKG1XR,"NUUK BRĪSK 6.5L 100% Toxin-Free Ceramic Air Fryer | ILAG® CeramicTech™ | No Micro plastics, No PTFE, PFAS, PFOA | 8 Cooking Presets | Digital Display | Shake Reminder | 360° Even Cooking",50+ bought in past month,https://www.amazon.in/sspa/click?ie=UTF8&spc=MTozNjk2MDE3OTQxNzMzNjU1OjE3NzQ1OTM2OTM6c3BfYnRmOjMwMDg0MTIwMjI4MTgzMjo6MDo6&url=%2FNUUK-Toxin-Free-CeramicTechTM-plastics-Reminder%2Fdp%2FB0FXLKG1XR%2Fref%3Dsr_1_53_sspa%3Fcrid%3D2CNW8JLQNLBQA%26dib%3DeyJ2IjoiMSJ9.rWVVGw55g4ogwIQAhTAoC9W10wF-ID9L5bb12-txkfiLNYw11OuLfZmRBXzc0ZWti6PnW6-h-ByAM4gpVxQnJ4cs0Gf_1392aiy01zOASKSm0yTj8-8MEz8rO7QASdcSLoj6-rR1WqdSYHun447gLGbA_VIcEbsRc7DFoZsfT_k2dguJMzo5Z-LExxF_7DDxuAVKVmsTJ3oADzYNC3Nb3duPKYP6nIhU0gkzXTx6hL4.8ez8s5bAi5XRzvu5FdRC7efARTQqvNrBBKB4FJSCC1Y%26dib_tag%3Dse%26keywords%3Dglass%2Bair%2Bfryer%26qid%3D1774593693%26sprefix%3Dglass%2Bair%2Bfryer%252Caps%252C536%26sr%3D8-53-spons%26xpid%3Ds9zZkMAsYzr1W%26aref%3DgAAfJ563D4%26sp_csd%3Dd2lkZ2V0TmFtZT1zcF9idGY%26psc%3D1&aref=gAAfJ563D4&sp_cr=ZAZ,"₹8,999",4.5 out of 5 stars,True
glass air fryer,3,27,91,B0D14861L9,"PHILIPS Air Fryer NA130/00, uses up to 90% less fat, 1700W, 6.2 Liter, with Rapid Air Technology (Black), Extra Large",1K+ bought in past month,https://www.amazon.in/sspa/click?ie=UTF8&spc=MTozNjk2MDE3OTQxNzMzNjU1OjE3NzQ1OTM2OTM6c3BfYnRmOjMwMDczMzgzMTk1ODkzMjo6MDo6&url=%2FPHILIPS-Fryer-NA130-00-Technology%2Fdp%2FB0D14861L9%2Fref%3Dsr_1_54_sspa%3Fcrid%3D2CNW8JLQNLBQA%26dib%3DeyJ2IjoiMSJ9.rWVVGw55g4ogwIQAhTAoC9W10wF-ID9L5bb12-txkfiLNYw11OuLfZmRBXzc0ZWti6PnW6-h-ByAM4gpVxQnJ4cs0Gf_1392aiy01zOASKSm0yTj8-8MEz8rO7QASdcSLoj6-rR1WqdSYHun447gLGbA_VIcEbsRc7DFoZsfT_k2dguJMzo5Z-LExxF_7DDxuAVKVmsTJ3oADzYNC3Nb3duPKYP6nIhU0gkzXTx6hL4.8ez8s5bAi5XRzvu5FdRC7efARTQqvNrBBKB4FJSCC1Y%26dib_tag%3Dse%26keywords%3Dglass%2Bair%2Bfryer%26qid%3D1774593693%26sprefix%3Dglass%2Bair%2Bfryer%252Caps%252C536%26sr%3D8-54-spons%26xpid%3Ds9zZkMAsYzr1W%26aref%3DYXyREhIU6C%26sp_csd%3Dd2lkZ2V0TmFtZT1zcF9idGY%26psc%3D1&aref=YXyREhIU6C&sp_cr=ZAZ,"₹6,619",4.3 out of 5 stars,True
glass air fryer,3,28,92,B0FWY6L1P5,Ninja Double Stack Dual Zone Digital Air Fryer SL300IN | 2470W| Cook 4 Foods at Once |7.6L Family Size Vertical Design | 6 Cooking Functions | Oil-Free Fryer | Black,"( ₹21,49,900 ₹21,49,900/100 g)",https://www.amazon.in/sspa/click?ie=UTF8&spc=MTo3NzM4NDAyMjU3ODg3MzEzOjE3NzQ1OTM2OTM6c3Bfc2VhcmNoX3RoZW1hdGljX2J0ZjozMDEwMDAyMTg5MzU2MzI6OjA6Og&url=%2FNinja-SL300IN-Vertical-Functions-Oil-Free%2Fdp%2FB0FWY6L1P5%2Fref%3Dsxbs_pa_sp_search_thematic_btf_sspa%3Fcontent-id%3Damzn1.sym.5298acb7-37ab-4bc0-a659-56dfae35672f%253Aamzn1.sym.5298acb7-37ab-4bc0-a659-56dfae35672f%26crid%3D2CNW8JLQNLBQA%26cv_ct_cx%3Dglass%2Bair%2Bfryer%26keywords%3Dglass%2Bair%2Bfryer%26pd_rd_i%3DB0FWY6L1P5%26pd_rd_r%3Dac5e04b5-66ac-46c8-a450-0e2e80efd6ad%26pd_rd_w%3Dx3gk3%26pd_rd_wg%3DZUxWm%26pf_rd_p%3D5298acb7-37ab-4bc0-a659-56dfae35672f%26pf_rd_r%3DZ9S78BJJ4GDMB3V72HDB%26qid%3D1774593693%26sbo%3DRZvfv%252F%252FHxDF%252BO5021pAnSA%253D%253D%26sprefix%3Dglass%2Bair%2Bfryer%252Caps%252C536%26sr%3D1-33-39d2cf51-924d-44a4-921d-0c8fa4cce3c9-spons%26xpid%3Ds9zZkMAsYzr1W%26aref%3DzV3aqBPhkd%26sp_csd%3Dd2lkZ2V0TmFtZT1zcF9zZWFyY2hfdGhlbWF0aWNfYnRm%26psc%3D1&aref=zV3aqBPhkd&sp_cr=ZAZ,"₹21,499",4.6 out of 5 stars,True
glass air fryer,3,29,93,B0FWY8TT1X,"Ninja Combi (SFP701IN) 14-in-1 Multi-Cooker, Oven, & Air Fryer (12.5L) –, HyperSteam & Air Fry Technology, Cooks 3-Part Family Meals in 15 Mins, Healthy Oil-Free Cooking, Digital Display, SS cavity",M.R.P:,https://www.amazon.in/sspa/click?ie=UTF8&spc=MTo3NzM4NDAyMjU3ODg3MzEzOjE3NzQ1OTM2OTM6c3Bfc2VhcmNoX3RoZW1hdGljX2J0ZjozMDEwMDAyMTg5MzU3MzI6OjE6Og&url=%2FNinja-SFP701IN-Multi-Cooker-HyperSteam-Technology%2Fdp%2FB0FWY8TT1X%2Fref%3Dsxbs_pa_sp_search_thematic_btf_sspa%3Fcontent-id%3Damzn1.sym.5298acb7-37ab-4bc0-a659-56dfae35672f%253Aamzn1.sym.5298acb7-37ab-4bc0-a659-56dfae35672f%26crid%3D2CNW8JLQNLBQA%26cv_ct_cx%3Dglass%2Bair%2Bfryer%26keywords%3Dglass%2Bair%2Bfryer%26pd_rd_i%3DB0FWY8TT1X%26pd_rd_r%3Dac5e04b5-66ac-46c8-a450-0e2e80efd6ad%26pd_rd_w%3Dx3gk3%26pd_rd_wg%3DZUxWm%26pf_rd_p%3D5298acb7-37ab-4bc0-a659-56dfae35672f%26pf_rd_r%3DZ9S78BJJ4GDMB3V72HDB%26qid%3D1774593693%26sbo%3DRZvfv%252F%252FHxDF%252BO5021pAnSA%253D%253D%26sprefix%3Dglass%2Bair%2Bfryer%252Caps%252C536%26sr%3D1-34-39d2cf51-924d-44a4-921d-0c8fa4cce3c9-spons%26xpid%3Ds9zZkMAsYzr1W%26aref%3D6IX9xEnCNV%26sp_csd%3Dd2lkZ2V0TmFtZT1zcF9zZWFyY2hfdGhlbWF0aWNfYnRm%26psc%3D1&aref=6IX9xEnCNV&sp_cr=ZAZ,"₹25,999",4.7 out of 5 stars,True
glass air fryer,3,30,94,B0CNT56SFG,"Nutricook Steami X 24L Black (Steam + Air Fryer Oven) with 10-in-1 functions like Steam Cook, Steam Roast, Air Fry, Bake, Sterilize & more. Steam + Convection technology, 2200W power, 2-year warranty",200+ bought in past month,https://www.amazon.in/sspa/click?ie=UTF8&spc=MTo3NzM4NDAyMjU3ODg3MzEzOjE3NzQ1OTM2OTM6c3Bfc2VhcmNoX3RoZW1hdGljX2J0ZjozMDA0NzU4NjM0MjUyMzI6OjI6Og&url=%2FAir-Fryer-Oven-Convection-Technology%2Fdp%2FB0CNT56SFG%2Fref%3Dsxbs_pa_sp_search_thematic_btf_sspa%3Fcontent-id%3Damzn1.sym.5298acb7-37ab-4bc0-a659-56dfae35672f%253Aamzn1.sym.5298acb7-37ab-4bc0-a659-56dfae35672f%26crid%3D2CNW8JLQNLBQA%26cv_ct_cx%3Dglass%2Bair%2Bfryer%26keywords%3Dglass%2Bair%2Bfryer%26pd_rd_i%3DB0CNT56SFG%26pd_rd_r%3Dac5e04b5-66ac-46c8-a450-0e2e80efd6ad%26pd_rd_w%3Dx3gk3%26pd_rd_wg%3DZUxWm%26pf_rd_p%3D5298acb7-37ab-4bc0-a659-56dfae35672f%26pf_rd_r%3DZ9S78BJJ4GDMB3V72HDB%26qid%3D1774593693%26sbo%3DRZvfv%252F%252FHxDF%252BO5021pAnSA%253D%253D%26sprefix%3Dglass%2Bair%2Bfryer%252Caps%252C536%26sr%3D1-35-39d2cf51-924d-44a4-921d-0c8fa4cce3c9-spons%26xpid%3Ds9zZkMAsYzr1W%26aref%3DvWPvftYxGQ%26sp_csd%3Dd2lkZ2V0TmFtZT1zcF9zZWFyY2hfdGhlbWF0aWNfYnRm%26psc%3D1&aref=vWPvftYxGQ&sp_cr=ZAZ,"₹19,999",4.4 out of 5 stars,True
glass air fryer,3,31,95,B0FXLKG1XR,"NUUK BRĪSK 6.5L 100% Toxin-Free Ceramic Air Fryer | ILAG® CeramicTech™ | No Micro plastics, No PTFE, PFAS, PFOA | 8 Cooking Presets | Digital Display | Shake Reminder | 360° Even Cooking",50+ bought in past month,https://www.amazon.in/sspa/click?ie=UTF8&spc=MTo3NzM4NDAyMjU3ODg3MzEzOjE3NzQ1OTM2OTM6c3Bfc2VhcmNoX3RoZW1hdGljX2J0ZjozMDA5NTI5MDMxMDIzMzI6OjM6Og&url=%2FNUUK-Toxin-Free-CeramicTechTM-plastics-Reminder%2Fdp%2FB0FXLKG1XR%2Fref%3Dsxbs_pa_sp_search_thematic_btf_sspa%3Fcontent-id%3Damzn1.sym.5298acb7-37ab-4bc0-a659-56dfae35672f%253Aamzn1.sym.5298acb7-37ab-4bc0-a659-56dfae35672f%26crid%3D2CNW8JLQNLBQA%26cv_ct_cx%3Dglass%2Bair%2Bfryer%26keywords%3Dglass%2Bair%2Bfryer%26pd_rd_i%3DB0FXLKG1XR%26pd_rd_r%3Dac5e04b5-66ac-46c8-a450-0e2e80efd6ad%26pd_rd_w%3Dx3gk3%26pd_rd_wg%3DZUxWm%26pf_rd_p%3D5298acb7-37ab-4bc0-a659-56dfae35672f%26pf_rd_r%3DZ9S78BJJ4GDMB3V72HDB%26qid%3D1774593693%26sbo%3DRZvfv%252F%252FHxDF%252BO5021pAnSA%253D%253D%26sprefix%3Dglass%2Bair%2Bfryer%252Caps%252C536%26sr%3D1-36-39d2cf51-924d-44a4-921d-0c8fa4cce3c9-spons%26xpid%3Ds9zZkMAsYzr1W%26aref%3DZ7WhrOXRri%26sp_csd%3Dd2lkZ2V0TmFtZT1zcF9zZWFyY2hfdGhlbWF0aWNfYnRm%26psc%3D1&aref=Z7WhrOXRri&sp_cr=ZAZ,"₹8,999",4.5 out of 5 stars,True
glass air fryer,3,32,96,B0DN162F92,"Nutricook 5L Air Fryer Slim (2025) with 100% Toxin-Free Ceramic Coating—No PTFE, PFAS, PFOA or Microplastics, Clear Window, Light & Large Basket | 1500W, 4 Presets, 2-Year Warranty",1K+ bought in past month,https://www.amazon.in/sspa/click?ie=UTF8&spc=MTo3NzM4NDAyMjU3ODg3MzEzOjE3NzQ1OTM2OTM6c3Bfc2VhcmNoX3RoZW1hdGljX2J0ZjozMDA0MTc0MzM5Mjc5MzI6OjQ6Og&url=%2FNutricook-Warranty-Toxin-Free-Coating-No-Microplastics%2Fdp%2FB0DN162F92%2Fref%3Dsxbs_pa_sp_search_thematic_btf_sspa%3Fcontent-id%3Damzn1.sym.5298acb7-37ab-4bc0-a659-56dfae35672f%253Aamzn1.sym.5298acb7-37ab-4bc0-a659-56dfae35672f%26crid%3D2CNW8JLQNLBQA%26cv_ct_cx%3Dglass%2Bair%2Bfryer%26keywords%3Dglass%2Bair%2Bfryer%26pd_rd_i%3DB0DN162F92%26pd_rd_r%3Dac5e04b5-66ac-46c8-a450-0e2e80efd6ad%26pd_rd_w%3Dx3gk3%26pd_rd_wg%3DZUxWm%26pf_rd_p%3D5298acb7-37ab-4bc0-a659-56dfae35672f%26pf_rd_r%3DZ9S78BJJ4GDMB3V72HDB%26qid%3D1774593693%26sbo%3DRZvfv%252F%252FHxDF%252BO5021pAnSA%253D%253D%26sprefix%3Dglass%2Bair%2Bfryer%252Caps%252C536%26sr%3D1-37-39d2cf51-924d-44a4-921d-0c8fa4cce3c9-spons%26xpid%3Ds9zZkMAsYzr1W%26aref%3D0KnlGcenKg%26sp_csd%3Dd2lkZ2V0TmFtZT1zcF9zZWFyY2hfdGhlbWF0aWNfYnRm%26psc%3D1&aref=0KnlGcenKg&sp_cr=ZAZ,"₹5,499",4.6 out of 5 stars,True
