asin,pincode,url,title,is_buyable,availability_text,amazon_fulfilled,merchant_text,delivery_type,delivery_text,captcha_seen,error
B0831486NM,500001,https://www.amazon.in/dp/B0831486NM,,True,In stock,False,,other,"FREE delivery Monday, 30 March on your first order. Details | Monday, 30 March | FREE delivery Monday, 30 March on your first order. Details Or fastest delivery Today 8 am - 12 pm. Order within 5 hrs 8 mins. Details",False,
B08313YD84,500001,https://www.amazon.in/dp/B08313YD84,,True,In stock,False,,other,"FREE delivery Monday, 30 March on your first order. Details | Monday, 30 March | FREE delivery Monday, 30 March on your first order. Details Or fastest delivery Today 8 am - 12 pm. Order within 5 hrs 8 mins. Details",False,
B0D7W73KZ1,500001,https://www.amazon.in/dp/B0D7W73KZ1,,True,In stock,False,,other,"FREE delivery Monday, 30 March. Order within 11 hrs 52 mins. Details | Monday, 30 March | 11 hrs 52 mins",False,
B0831486NM,791110,https://www.amazon.in/dp/B0831486NM,,True,In stock,False,,next_day,"FREE delivery Monday, 30 March on your first order. Details | Monday, 30 March | FREE delivery Monday, 30 March on your first order. Details Or fastest delivery Tomorrow, 29 March. Order within 11 hrs 52 mins. Details",False,
B08313YD84,791110,https://www.amazon.in/dp/B08313YD84,,True,In stock,False,,next_day,"FREE delivery Monday, 30 March on your first order. Details | Monday, 30 March | FREE delivery Monday, 30 March on your first order. Details Or fastest delivery Tomorrow, 29 March. Order within 11 hrs 52 mins. Details",False,
B0D7W73KZ1,791110,https://www.amazon.in/dp/B0D7W73KZ1,,True,In stock,False,,other,"FREE delivery Tuesday, 31 March. Order within 10 hrs 52 mins. Details | Tuesday, 31 March | 10 hrs 52 mins",False,
B0831486NM,781001,https://www.amazon.in/dp/B0831486NM,,True,In stock,False,,other,"FREE delivery Monday, 30 March on your first order. Details | Monday, 30 March | FREE delivery Monday, 30 March on your first order. Details Or fastest delivery Tomorrow 8 am - 12 pm. Details",False,
B08313YD84,781001,https://www.amazon.in/dp/B08313YD84,,True,In stock,False,,other,"FREE delivery Monday, 30 March on your first order. Details | Monday, 30 March | FREE delivery Monday, 30 March on your first order. Details Or fastest delivery Tomorrow 8 am - 12 pm. Details",False,
B0D7W73KZ1,781001,https://www.amazon.in/dp/B0D7W73KZ1,,True,In stock,False,,other,"FREE delivery Tuesday, 31 March. Details | Tuesday, 31 March",False,
B0831486NM,800001,https://www.amazon.in/dp/B0831486NM,,True,In stock,False,,other,"FREE delivery Monday, 30 March on your first order. Details | Monday, 30 March | FREE delivery Monday, 30 March on your first order. Details Or fastest delivery Today 12 pm - 5 pm. Order within 10 hrs 21 mins. Details",False,
B08313YD84,800001,https://www.amazon.in/dp/B08313YD84,,True,In stock,False,,other,"FREE delivery Monday, 30 March on your first order. Details | Monday, 30 March | FREE delivery Monday, 30 March on your first order. Details Or fastest delivery Today 12 pm - 5 pm. Order within 10 hrs 21 mins. Details",False,
B0D7W73KZ1,800001,https://www.amazon.in/dp/B0D7W73KZ1,,True,In stock,False,,other,"FREE delivery Monday, 30 March. Details | Monday, 30 March",False,
B0831486NM,492001,https://www.amazon.in/dp/B0831486NM,,True,In stock,False,,next_day,"FREE delivery Monday, 30 March on your first order. Details | Monday, 30 March | FREE delivery Monday, 30 March on your first order. Details Or fastest delivery Tomorrow, 29 March. Order within 14 hrs 50 mins. Details",False,
B08313YD84,492001,https://www.amazon.in/dp/B08313YD84,,True,In stock,False,,next_day,"FREE delivery Monday, 30 March on your first order. Details | Monday, 30 March | FREE delivery Monday, 30 March on your first order. Details Or fastest delivery Tomorrow, 29 March. Order within 14 hrs 50 mins. Details",False,
B0D7W73KZ1,492001,https://www.amazon.in/dp/B0D7W73KZ1,,True,In stock,False,,other,"FREE delivery Tuesday, 31 March. Order within 14 hrs 35 mins. Details | Tuesday, 31 March | 14 hrs 35 mins",False,
B0831486NM,403001,https://www.amazon.in/dp/B0831486NM,,True,In stock,False,,other,"FREE delivery Monday, 30 March on your first order. Details | Monday, 30 March | FREE delivery Monday, 30 March on your first order. Details Or fastest delivery Today 8 am - 1 pm. Order within 6 hrs 19 mins. Details",False,
B08313YD84,403001,https://www.amazon.in/dp/B08313YD84,,True,In stock,False,,other,"FREE delivery Monday, 30 March on your first order. Details | Monday, 30 March | FREE delivery Monday, 30 March on your first order. Details Or fastest delivery Today 8 am - 1 pm. Order within 6 hrs 19 mins. Details",False,
B0D7W73KZ1,403001,https://www.amazon.in/dp/B0D7W73KZ1,,True,In stock,False,,other,"FREE delivery Tuesday, 31 March. Details | Tuesday, 31 March",False,
B0831486NM,380001,https://www.amazon.in/dp/B0831486NM,,True,In stock,False,,other,"FREE delivery Monday, 30 March on your first order. Details | Monday, 30 March | FREE delivery Monday, 30 March on your first order. Details Or fastest delivery Today 2 pm - 6 pm. Order within 3 hrs 34 mins. Details",False,
B08313YD84,380001,https://www.amazon.in/dp/B08313YD84,,True,In stock,False,,other,"FREE delivery Monday, 30 March on your first order. Details | Monday, 30 March | FREE delivery Monday, 30 March on your first order. Details Or fastest delivery Today 2 pm - 6 pm. Order within 3 hrs 33 mins. Details",False,
B0D7W73KZ1,380001,https://www.amazon.in/dp/B0D7W73KZ1,,True,In stock,False,,next_day,"FREE delivery Monday, 30 March. Details | Monday, 30 March | FREE delivery Monday, 30 March. Details Or fastest delivery Tomorrow, 29 March. Details",False,
B0831486NM,120001,https://www.amazon.in/dp/B0831486NM,,True,In stock,False,,other,"FREE delivery Monday, 30 March on your first order. Details | Monday, 30 March | FREE delivery Monday, 30 March on your first order. Details Or fastest delivery Today 2 pm - 6 pm. Order within 3 hrs 33 mins. Details",False,
B08313YD84,120001,https://www.amazon.in/dp/B08313YD84,,True,In stock,False,,other,"FREE delivery Monday, 30 March on your first order. Details | Monday, 30 March | FREE delivery Monday, 30 March on your first order. Details Or fastest delivery Today 2 pm - 6 pm. Order within 3 hrs 33 mins. Details",False,
B0D7W73KZ1,120001,https://www.amazon.in/dp/B0D7W73KZ1,,True,In stock,False,,next_day,"FREE delivery Monday, 30 March. Details | Monday, 30 March | FREE delivery Monday, 30 March. Details Or fastest delivery Tomorrow, 29 March. Details",False,
B0831486NM,171001,https://www.amazon.in/dp/B0831486NM,,True,In stock,False,,other,"FREE delivery Tuesday, 31 March on your first order. Details | Tuesday, 31 March",False,
B08313YD84,171001,https://www.amazon.in/dp/B08313YD84,,True,In stock,False,,other,"FREE delivery Tuesday, 31 March on your first order. Details | Tuesday, 31 March",False,
B0D7W73KZ1,171001,https://www.amazon.in/dp/B0D7W73KZ1,,True,In stock,False,,other,"FREE delivery Tuesday, 31 March. Details | Tuesday, 31 March",False,
B0831486NM,834001,https://www.amazon.in/dp/B0831486NM,,True,In stock,False,,other,"FREE delivery Tuesday, 31 March on your first order. Details | Tuesday, 31 March",False,
B08313YD84,834001,https://www.amazon.in/dp/B08313YD84,,True,In stock,False,,other,"FREE delivery Tuesday, 31 March on your first order. Details | Tuesday, 31 March",False,
B0D7W73KZ1,834001,https://www.amazon.in/dp/B0D7W73KZ1,,True,In stock,False,,other,"FREE delivery Tuesday, 31 March. Details | Tuesday, 31 March",False,
B0831486NM,560001,https://www.amazon.in/dp/B0831486NM,,True,In stock,False,,other,"FREE delivery Tuesday, 31 March on your first order. Details | Tuesday, 31 March",False,
B08313YD84,560001,https://www.amazon.in/dp/B08313YD84,,True,In stock,False,,other,"FREE delivery Tuesday, 31 March on your first order. Details | Tuesday, 31 March",False,
B0D7W73KZ1,560001,https://www.amazon.in/dp/B0D7W73KZ1,,True,In stock,False,,other,"FREE delivery Tuesday, 31 March. Details | Tuesday, 31 March",False,
B0831486NM,695001,https://www.amazon.in/dp/B0831486NM,,True,In stock,False,,other,"FREE delivery Monday, 30 March on your first order. Details | Monday, 30 March | FREE delivery Monday, 30 March on your first order. Details Or fastest delivery Today 10 am - 2 pm. Order within 8 hrs 15 mins. Details",False,
B08313YD84,695001,https://www.amazon.in/dp/B08313YD84,,True,In stock,False,,other,"FREE delivery Monday, 30 March on your first order. Details | Monday, 30 March | FREE delivery Monday, 30 March on your first order. Details Or fastest delivery Today 10 am - 2 pm. Order within 8 hrs 15 mins. Details",False,
B0D7W73KZ1,695001,https://www.amazon.in/dp/B0D7W73KZ1,,True,In stock,False,,other,"FREE delivery Friday, 3 April. Details | Friday, 3 April",False,
B0831486NM,462001,https://www.amazon.in/dp/B0831486NM,,True,In stock,False,,other,"FREE delivery Monday, 30 March on your first order. Details | Monday, 30 March | FREE delivery Monday, 30 March on your first order. Details Or fastest delivery Today 1 pm - 5 pm. Order within 11 hrs 14 mins. Details",False,
B08313YD84,462001,https://www.amazon.in/dp/B08313YD84,,True,In stock,False,,other,"FREE delivery Monday, 30 March on your first order. Details | Monday, 30 March | FREE delivery Monday, 30 March on your first order. Details Or fastest delivery Today 1 pm - 5 pm. Order within 11 hrs 14 mins. Details",False,
B0D7W73KZ1,462001,https://www.amazon.in/dp/B0D7W73KZ1,,True,In stock,False,,other,"FREE delivery Monday, 30 March. Order within 13 hrs 44 mins. Details | Monday, 30 March | 13 hrs 44 mins",False,
B0831486NM,795001,https://www.amazon.in/dp/B0831486NM,,True,In stock,False,,other,"FREE delivery Monday, 30 March on your first order. Details | Monday, 30 March | FREE delivery Monday, 30 March on your first order. Details Or fastest delivery Today 1 pm - 5 pm. Order within 11 hrs 14 mins. Details",False,
B08313YD84,795001,https://www.amazon.in/dp/B08313YD84,,True,In stock,False,,other,"FREE delivery Monday, 30 March on your first order. Details | Monday, 30 March | FREE delivery Monday, 30 March on your first order. Details Or fastest delivery Today 1 pm - 5 pm. Order within 11 hrs 14 mins. Details",False,
B0D7W73KZ1,795001,https://www.amazon.in/dp/B0D7W73KZ1,,True,In stock,False,,other,"FREE delivery Monday, 30 March. Order within 13 hrs 43 mins. Details | Monday, 30 March | 13 hrs 43 mins",False,
B0831486NM,793001,https://www.amazon.in/dp/B0831486NM,,True,In stock,False,,other,"FREE delivery Monday, 30 March on your first order. Details | Monday, 30 March | FREE delivery Monday, 30 March on your first order. Details Or fastest delivery Today 1 pm - 5 pm. Order within 11 hrs 13 mins. Details",False,
B08313YD84,793001,https://www.amazon.in/dp/B08313YD84,,True,In stock,False,,other,"FREE delivery Monday, 30 March on your first order. Details | Monday, 30 March | FREE delivery Monday, 30 March on your first order. Details Or fastest delivery Today 1 pm - 5 pm. Order within 11 hrs 13 mins. Details",False,
B0D7W73KZ1,793001,https://www.amazon.in/dp/B0D7W73KZ1,,True,In stock,False,,other,"FREE delivery Monday, 30 March. Order within 13 hrs 43 mins. Details | Monday, 30 March | 13 hrs 43 mins",False,
B0831486NM,796001,https://www.amazon.in/dp/B0831486NM,,True,In stock,False,,other,"FREE delivery Monday, 30 March on your first order. Details | Monday, 30 March | FREE delivery Monday, 30 March on your first order. Details Or fastest delivery Today 1 pm - 5 pm. Order within 11 hrs 12 mins. Details",False,
B08313YD84,796001,https://www.amazon.in/dp/B08313YD84,,True,In stock,False,,other,"FREE delivery Monday, 30 March on your first order. Details | Monday, 30 March | FREE delivery Monday, 30 March on your first order. Details Or fastest delivery Today 1 pm - 5 pm. Order within 11 hrs 12 mins. Details",False,
B0D7W73KZ1,796001,https://www.amazon.in/dp/B0D7W73KZ1,,True,In stock,False,,other,"FREE delivery Monday, 30 March. Order within 13 hrs 42 mins. Details | Monday, 30 March | 13 hrs 42 mins",False,
B0831486NM,797001,https://www.amazon.in/dp/B0831486NM,,True,In stock,False,,other,"FREE delivery Wednesday, 1 April on your first order. Details | Wednesday, 1 April | FREE delivery Wednesday, 1 April on your first order. Details Or fastest delivery Monday, 30 March. Order within 11 hrs 12 mins. Details",False,
B08313YD84,797001,https://www.amazon.in/dp/B08313YD84,,True,In stock,False,,other,"FREE delivery Wednesday, 1 April on your first order. Details | Wednesday, 1 April | FREE delivery Wednesday, 1 April on your first order. Details Or fastest delivery Monday, 30 March. Order within 11 hrs 12 mins. Details",False,
B0D7W73KZ1,797001,https://www.amazon.in/dp/B0D7W73KZ1,,True,In stock,False,,other,"FREE delivery Wednesday, 1 April. Details | Wednesday, 1 April",False,
B0831486NM,751001,https://www.amazon.in/dp/B0831486NM,,True,In stock,False,,other,"FREE delivery Wednesday, 1 April on your first order. Details | Wednesday, 1 April | FREE delivery Wednesday, 1 April on your first order. Details Or fastest delivery Monday, 30 March. Order within 11 hrs 11 mins. Details",False,
B08313YD84,751001,https://www.amazon.in/dp/B08313YD84,,True,In stock,False,,other,"FREE delivery Wednesday, 1 April on your first order. Details | Wednesday, 1 April | FREE delivery Wednesday, 1 April on your first order. Details Or fastest delivery Monday, 30 March. Order within 11 hrs 11 mins. Details",False,
B0D7W73KZ1,751001,https://www.amazon.in/dp/B0D7W73KZ1,,True,In stock,False,,other,"FREE delivery Wednesday, 1 April. Details | Wednesday, 1 April",False,
B0831486NM,141001,https://www.amazon.in/dp/B0831486NM,,True,In stock,False,,other,"FREE delivery Wednesday, 1 April on your first order. Details | Wednesday, 1 April | FREE delivery Wednesday, 1 April on your first order. Details Or fastest delivery Monday, 30 March. Order within 11 hrs 10 mins. Details",False,
B08313YD84,141001,https://www.amazon.in/dp/B08313YD84,,True,In stock,False,,other,"FREE delivery Wednesday, 1 April on your first order. Details | Wednesday, 1 April | FREE delivery Wednesday, 1 April on your first order. Details Or fastest delivery Monday, 30 March. Order within 11 hrs 10 mins. Details",False,
B0D7W73KZ1,141001,https://www.amazon.in/dp/B0D7W73KZ1,,True,In stock,False,,other,"FREE delivery Wednesday, 1 April. Details | Wednesday, 1 April",False,
B0831486NM,302001,https://www.amazon.in/dp/B0831486NM,,True,In stock,False,,other,"FREE delivery Wednesday, 1 April on your first order. Details | Wednesday, 1 April | FREE delivery Wednesday, 1 April on your first order. Details Or fastest delivery Monday, 30 March. Order within 11 hrs 10 mins. Details",False,
B08313YD84,302001,https://www.amazon.in/dp/B08313YD84,,True,In stock,False,,other,"FREE delivery Wednesday, 1 April on your first order. Details | Wednesday, 1 April | FREE delivery Wednesday, 1 April on your first order. Details Or fastest delivery Monday, 30 March. Order within 11 hrs 10 mins. Details",False,
B0D7W73KZ1,302001,https://www.amazon.in/dp/B0D7W73KZ1,,True,In stock,False,,other,"FREE delivery Wednesday, 1 April. Details | Wednesday, 1 April",False,
B0831486NM,737101,https://www.amazon.in/dp/B0831486NM,,True,In stock,False,,other,"FREE delivery Wednesday, 1 April on your first order. Details | Wednesday, 1 April | FREE delivery Wednesday, 1 April on your first order. Details Or fastest delivery Monday, 30 March. Order within 11 hrs 9 mins. Details",False,
B08313YD84,737101,https://www.amazon.in/dp/B08313YD84,,True,In stock,False,,other,"FREE delivery Wednesday, 1 April on your first order. Details | Wednesday, 1 April | FREE delivery Wednesday, 1 April on your first order. Details Or fastest delivery Monday, 30 March. Order within 11 hrs 9 mins. Details",False,
B0D7W73KZ1,737101,https://www.amazon.in/dp/B0D7W73KZ1,,True,In stock,False,,other,"FREE delivery Wednesday, 1 April. Details | Wednesday, 1 April",False,
B0831486NM,600001,https://www.amazon.in/dp/B0831486NM,,True,In stock,False,,next_day,"FREE delivery Monday, 30 March on your first order. Details | Monday, 30 March | FREE delivery Monday, 30 March on your first order. Details Or fastest delivery Tomorrow, 29 March. Details",False,
B08313YD84,600001,https://www.amazon.in/dp/B08313YD84,,True,In stock,False,,next_day,"FREE delivery Monday, 30 March on your first order. Details | Monday, 30 March | FREE delivery Monday, 30 March on your first order. Details Or fastest delivery Tomorrow, 29 March. Details",False,
B0D7W73KZ1,600001,https://www.amazon.in/dp/B0D7W73KZ1,,True,In stock,False,,other,"FREE delivery Tuesday, 31 March. Order within 8 hrs 38 mins. Details | Tuesday, 31 March | 8 hrs 38 mins",False,
B0831486NM,500001,https://www.amazon.in/dp/B0831486NM,,True,In stock,False,,other,"FREE delivery Monday, 30 March on your first order. Details | Monday, 30 March | FREE delivery Monday, 30 March on your first order. Details Or fastest delivery Today 8 am - 12 pm. Order within 4 hrs 53 mins. Details",False,
B08313YD84,500001,https://www.amazon.in/dp/B08313YD84,,True,In stock,False,,other,"FREE delivery Monday, 30 March on your first order. Details | Monday, 30 March | FREE delivery Monday, 30 March on your first order. Details Or fastest delivery Today 8 am - 12 pm. Order within 4 hrs 52 mins. Details",False,
B0D7W73KZ1,500001,https://www.amazon.in/dp/B0D7W73KZ1,,True,In stock,False,,other,"FREE delivery Monday, 30 March. Order within 11 hrs 37 mins. Details | Monday, 30 March | 11 hrs 37 mins",False,
B0831486NM,799001,https://www.amazon.in/dp/B0831486NM,,True,In stock,False,,next_day,"FREE delivery Wednesday, 1 April on your first order. Details | Wednesday, 1 April | FREE delivery Wednesday, 1 April on your first order. Details Or fastest delivery Tomorrow, 29 March. Details",False,
B08313YD84,799001,https://www.amazon.in/dp/B08313YD84,,True,In stock,False,,next_day,"FREE delivery Wednesday, 1 April on your first order. Details | Wednesday, 1 April | FREE delivery Wednesday, 1 April on your first order. Details Or fastest delivery Tomorrow, 29 March. Details",False,
B0D7W73KZ1,799001,https://www.amazon.in/dp/B0D7W73KZ1,,True,In stock,False,,other,"FREE delivery Friday, 3 April. Details | Friday, 3 April",False,
B0831486NM,226001,https://www.amazon.in/dp/B0831486NM,,True,In stock,False,,other,"FREE delivery Monday, 6 April on your first order. Details | Monday, 6 April | FREE delivery Monday, 6 April on your first order. Details Or fastest delivery Today 9 am - 2 pm. Order within 7 hrs 6 mins. Details",False,
B08313YD84,226001,https://www.amazon.in/dp/B08313YD84,,True,In stock,False,,other,"FREE delivery Monday, 6 April on your first order. Details | Monday, 6 April | FREE delivery Monday, 6 April on your first order. Details Or fastest delivery Today 9 am - 2 pm. Order within 7 hrs 6 mins. Details",False,
B0D7W73KZ1,226001,https://www.amazon.in/dp/B0D7W73KZ1,,True,In stock,False,,other,"FREE delivery Sunday, 5 April. Details | Sunday, 5 April | FREE delivery Sunday, 5 April. Details Or fastest delivery Tomorrow 8 am - 12 pm. Details",False,
B0831486NM,284001,https://www.amazon.in/dp/B0831486NM,,True,In stock,False,,next_day,"FREE delivery Monday, 30 March on your first order. Details | Monday, 30 March | FREE delivery Monday, 30 March on your first order. Details Or fastest delivery Tomorrow, 29 March. Order within 13 hrs 5 mins. Details",False,
B08313YD84,284001,https://www.amazon.in/dp/B08313YD84,,True,In stock,False,,next_day,"FREE delivery Monday, 30 March on your first order. Details | Monday, 30 March | FREE delivery Monday, 30 March on your first order. Details Or fastest delivery Tomorrow, 29 March. Order within 13 hrs 5 mins. Details",False,
B0D7W73KZ1,284001,https://www.amazon.in/dp/B0D7W73KZ1,,True,In stock,False,,next_day,"FREE delivery Monday, 30 March. Details | Monday, 30 March | FREE delivery Monday, 30 March. Details Or fastest delivery Tomorrow, 29 March. Order within 13 hrs 5 mins. Details",False,
B0831486NM,700001,https://www.amazon.in/dp/B0831486NM,,True,In stock,False,,other,"FREE delivery Monday, 30 March on your first order. Details | Monday, 30 March | FREE delivery Monday, 30 March on your first order. Details Or fastest delivery Today 6 am - 10 am. Order within 2 hrs 35 mins. Details",False,
B08313YD84,700001,https://www.amazon.in/dp/B08313YD84,,True,In stock,False,,other,"FREE delivery Monday, 30 March on your first order. Details | Monday, 30 March | FREE delivery Monday, 30 March on your first order. Details Or fastest delivery Today 6 am - 10 am. Order within 2 hrs 35 mins. Details",False,
B0D7W73KZ1,700001,https://www.amazon.in/dp/B0D7W73KZ1,,True,In stock,False,,next_day,"FREE delivery Monday, 30 March. Details | Monday, 30 March | FREE delivery Monday, 30 March. Details Or fastest delivery Tomorrow, 29 March. Order within 10 hrs 4 mins. Details",False,
B0831486NM,744101,https://www.amazon.in/dp/B0831486NM,,True,In stock,False,,other,"FREE delivery Saturday, 11 April on your first order. Details | Saturday, 11 April",False,
B08313YD84,744101,https://www.amazon.in/dp/B08313YD84,,True,In stock,False,,other,"FREE delivery Saturday, 11 April on your first order. Details | Saturday, 11 April",False,
B0D7W73KZ1,744101,https://www.amazon.in/dp/B0D7W73KZ1,,True,In stock,False,,other,"FREE delivery Monday, 13 April. Details | Monday, 13 April",False,
B0831486NM,160001,https://www.amazon.in/dp/B0831486NM,,True,In stock,False,,next_day,"FREE delivery Monday, 30 March on your first order. Details | Monday, 30 March | FREE delivery Monday, 30 March on your first order. Details Or fastest delivery Tomorrow, 29 March. Details",False,
B08313YD84,160001,https://www.amazon.in/dp/B08313YD84,,True,In stock,False,,next_day,"FREE delivery Monday, 30 March on your first order. Details | Monday, 30 March | FREE delivery Monday, 30 March on your first order. Details Or fastest delivery Tomorrow, 29 March. Details",False,
B0D7W73KZ1,160001,https://www.amazon.in/dp/B0D7W73KZ1,,True,In stock,False,,next_day,"FREE delivery Monday, 30 March. Details | Monday, 30 March | FREE delivery Monday, 30 March. Details Or fastest delivery Tomorrow, 29 March. Order within 14 hrs 48 mins. Details",False,
B0831486NM,396230,https://www.amazon.in/dp/B0831486NM,,True,In stock,False,,other,"FREE delivery Tuesday, 31 March on your first order. Order within 14 hrs 18 mins. Details | Tuesday, 31 March | 14 hrs 18 mins",False,
B08313YD84,396230,https://www.amazon.in/dp/B08313YD84,,True,In stock,False,,other,"FREE delivery Tuesday, 31 March on your first order. Order within 14 hrs 17 mins. Details | Tuesday, 31 March | 14 hrs 17 mins",False,
B0D7W73KZ1,396230,https://www.amazon.in/dp/B0D7W73KZ1,,True,In stock,False,,other,"FREE delivery Tuesday, 31 March. Order within 14 hrs 17 mins. Details | Tuesday, 31 March | 14 hrs 17 mins",False,
B0831486NM,110007,https://www.amazon.in/dp/B0831486NM,,True,In stock,False,,other,"FREE delivery Tuesday, 31 March on your first order. Order within 14 hrs 17 mins. Details | Tuesday, 31 March | 14 hrs 17 mins",False,
B08313YD84,110007,https://www.amazon.in/dp/B08313YD84,,True,In stock,False,,other,"FREE delivery Tuesday, 31 March on your first order. Order within 14 hrs 17 mins. Details | Tuesday, 31 March | 14 hrs 17 mins",False,
B0D7W73KZ1,110007,https://www.amazon.in/dp/B0D7W73KZ1,,True,In stock,False,,other,"FREE delivery Tuesday, 31 March. Order within 14 hrs 17 mins. Details | Tuesday, 31 March | 14 hrs 17 mins",False,
B0831486NM,190001,https://www.amazon.in/dp/B0831486NM,,True,In stock,False,,other,"FREE delivery Saturday, 4 April on your first order. Details | Saturday, 4 April",False,
B08313YD84,190001,https://www.amazon.in/dp/B08313YD84,,True,In stock,False,,other,"FREE delivery Saturday, 4 April on your first order. Details | Saturday, 4 April",False,
B0D7W73KZ1,190001,https://www.amazon.in/dp/B0D7W73KZ1,,True,In stock,False,,other,"FREE delivery Saturday, 4 April. Details | Saturday, 4 April",False,
B0831486NM,194101,https://www.amazon.in/dp/B0831486NM,,True,In stock,False,,other,"FREE delivery Saturday, 4 April on your first order. Details | Saturday, 4 April",False,
B08313YD84,194101,https://www.amazon.in/dp/B08313YD84,,True,In stock,False,,other,"FREE delivery Saturday, 4 April on your first order. Details | Saturday, 4 April",False,
B0D7W73KZ1,194101,https://www.amazon.in/dp/B0D7W73KZ1,,True,In stock,False,,other,"FREE delivery Saturday, 4 April. Details | Saturday, 4 April",False,
B0831486NM,682551,https://www.amazon.in/dp/B0831486NM,,True,In stock,False,,other,"FREE delivery Monday, 6 April on your first order. Details | Monday, 6 April",False,
B08313YD84,682551,https://www.amazon.in/dp/B08313YD84,,True,In stock,False,,other,"FREE delivery Monday, 6 April on your first order. Details | Monday, 6 April",False,
B0D7W73KZ1,682551,https://www.amazon.in/dp/B0D7W73KZ1,,True,In stock,False,,other,FREE delivery,False,
B0831486NM,605001,https://www.amazon.in/dp/B0831486NM,,True,In stock,False,,other,"FREE delivery Monday, 6 April on your first order. Details | Monday, 6 April",False,
B08313YD84,605001,https://www.amazon.in/dp/B08313YD84,,True,In stock,False,,other,"FREE delivery Monday, 6 April on your first order. Details | Monday, 6 April",False,
B0D7W73KZ1,605001,https://www.amazon.in/dp/B0D7W73KZ1,,True,In stock,False,,other,FREE delivery,False,
