sku,asin,product_name,fba_available,fba_inbound_working,fba_inbound_shipped,fba_reserved,fba_unsellable,fba_total,snapshot_date
54-Y94B-A1SC,B0GH6LP7S2,EASY HOME Water Tank Cover,0,0,0,0,0,0,2026-04-13
ASM_D_Brown_60cmx5mtr,B0BN5R2L4Q,"EASYHOME Multipurpose EVA Anti-Slip Mat (60cm x 5 Meter, Brown) – Waterproof, Washable Shelf Liner Roll Sheet for Kitchen, Bathroom, Drawers, Cabinets, Fridge & Table Mat",31,0,0,1,2,32,2026-04-13
ASM_D_Clear_60cmx5mtr,B0BN5NTWZR,"EASYHOME Multipurpose EVA Anti-Slip Mat (60cm x 5 Meter, Clear) – Waterproof, Washable Shelf Liner Roll Sheet for Kitchen, Bathroom, Drawers, Cabinets, Fridge & Table Mat",195,0,0,0,0,195,2026-04-13
ASM_D_Grey_60cmx5mtr,B0BN5Y4WW6,"EASYHOME Multipurpose EVA Anti-Slip Mat (60cm x 5 Meter, Grey) – Waterproof, Washable Shelf Liner Roll Sheet for Kitchen, Bathroom, Drawers, Cabinets, Fridge & Table Mat",106,0,0,4,1,110,2026-04-13
AntiSkidMat_Diamond_Brown_45cmx10mtr,B0BN5P95C4,"EASYHOME Multipurpose EVA Anti-Slip Mat (45cm x 10 Meter, Brown) – Waterproof, Washable Shelf Liner Roll Sheet for Kitchen, Bathroom, Drawers, Cabinets, Fridge & Table Mat",79,0,0,0,0,79,2026-04-13
AntiSkidMat_Diamond_Brown_45cmx3mtr,B0BN5QLGTC,"EASYHOME Multipurpose EVA Anti-Slip Mat (45cm x 3 Meter, Brown) – Waterproof, Washable Shelf Liner Roll Sheet for Kitchen, Bathroom, Drawers, Cabinets, Fridge & Table Mat",66,0,0,1,0,67,2026-04-13
AntiSkidMat_Diamond_Brown_45cmx5mtr,B0BN5QG1KJ,"EASYHOME Multipurpose EVA Anti-Slip Mat (45cm x 5 Meter, Brown) – Waterproof, Washable Shelf Liner Roll Sheet for Kitchen, Bathroom, Drawers, Cabinets, Fridge & Table Mat",41,0,0,0,0,41,2026-04-13
AntiSkidMat_Diamond_Brown_60cmx10mtr,B0BN5NVRF5,"EASYHOME Multipurpose EVA Anti-Slip Mat (60cm x 10 Meter, Brown) – Waterproof, Washable Shelf Liner Roll Sheet for Kitchen, Bathroom, Drawers, Cabinets, Fridge & Table Mat",68,0,0,0,0,68,2026-04-13
AntiSkidMat_Diamond_Brown_60cmx3mtr,B0BN5PMK3V,"EASYHOME Multipurpose EVA Anti-Slip Mat (60cm x 3 Meter, Brown) – Waterproof, Washable Shelf Liner Roll Sheet for Kitchen, Bathroom, Drawers, Cabinets, Fridge & Table Mat",67,0,0,1,0,68,2026-04-13
AntiSkidMat_Diamond_Clear_45cmx10mtr,B0BN5P7KMN,"EASYHOME Multipurpose EVA Anti-Slip Mat (45cm x 10 Meter, Clear) – Waterproof, Washable Shelf Liner Roll Sheet for Kitchen, Bathroom, Drawers, Cabinets, Fridge & Table Mat",60,0,0,0,0,60,2026-04-13
AntiSkidMat_Diamond_Clear_45cmx3mtr,B0BN5P73JD,"EASYHOME Multipurpose EVA Anti-Slip Mat (45cm x 3 Meter, Clear) – Waterproof, Washable Shelf Liner Roll Sheet for Kitchen, Bathroom, Drawers, Cabinets, Fridge & Table Mat",312,0,0,0,0,312,2026-04-13
AntiSkidMat_Diamond_Clear_45cmx5mtr,B0BN5P232F,"EASYHOME Multipurpose EVA Anti-Slip Mat (45cm x 5 Meter, Clear) – Waterproof, Washable Shelf Liner Roll Sheet for Kitchen, Bathroom, Drawers, Cabinets, Fridge & Table Mat",213,0,0,1,2,214,2026-04-13
AntiSkidMat_Diamond_Clear_60cmx10mtr,B0BN631JD4,"EASYHOME Multipurpose EVA Anti-Slip Mat (60cm x 10 Meter, Clear) – Waterproof, Washable Shelf Liner Roll Sheet for Kitchen, Bathroom, Drawers, Cabinets, Fridge & Table Mat",70,0,20,1,1,91,2026-04-13
AntiSkidMat_Diamond_Clear_60cmx3mtr,B0BN5PJ762,"EASYHOME Multipurpose EVA Anti-Slip Mat (60cm x 3 Meter, Clear) – Waterproof, Washable Shelf Liner Roll Sheet for Kitchen, Bathroom, Drawers, Cabinets, Fridge & Table Mat",325,0,0,1,0,326,2026-04-13
AntiSkidMat_Diamond_Grey_45cmx10mtr,B0BN5P55SW,"EASYHOME Multipurpose EVA Anti-Slip Mat (45cm x 10 Meter, Grey) – Waterproof, Washable Shelf Liner Roll Sheet for Kitchen, Bathroom, Drawers, Cabinets, Fridge & Table Mat",122,0,0,0,0,122,2026-04-13
AntiSkidMat_Diamond_Grey_45cmx3mtr,B0BN5QKNF7,"EASYHOME Multipurpose EVA Anti-Slip Mat (45cm x 3 Meter, Grey) – Waterproof, Washable Shelf Liner Roll Sheet for Kitchen, Bathroom, Drawers, Cabinets, Fridge & Table Mat",267,0,0,0,0,267,2026-04-13
AntiSkidMat_Diamond_Grey_45cmx5mtr,B0BN5NZCGH,"EASYHOME Multipurpose EVA Anti-Slip Mat (45cm x 5 Meter, Grey) – Waterproof, Washable Shelf Liner Roll Sheet for Kitchen, Bathroom, Drawers, Cabinets, Fridge & Table Mat",164,0,0,3,0,167,2026-04-13
AntiSkidMat_Diamond_Grey_60cmx10mtr,B0CN177JS7,"EASYHOME Multipurpose EVA Anti-Slip Mat (60cm x 10 Meter, Grey) – Waterproof, Washable Shelf Liner Roll Sheet for Kitchen, Bathroom, Drawers, Cabinets, Fridge & Table Mat",44,0,0,1,0,45,2026-04-13
AntiSkidMat_Diamond_Grey_60cmx3mtr,B0BN5MLSSR,"EASYHOME Multipurpose EVA Anti-Slip Mat (60cm x 3 Meter, Grey) – Waterproof, Washable Shelf Liner Roll Sheet for Kitchen, Bathroom, Drawers, Cabinets, Fridge & Table Mat",166,0,0,0,0,166,2026-04-13
Antislipmat_Clear_Lines_45cmx1.5mtr,B0CJR94LNG,"EASYHOME Multipurpose EVA Anti-Slip Mat (45cm x 1.5 Meter, Clear Lines) – Waterproof, Washable Shelf Liner Roll Sheet for Kitchen, Bathroom, Drawers, Cabinets, Fridge & Table Mat",121,0,0,1,0,122,2026-04-13
Antislipmat_Clear_Lines_45cmx10mtr,B0CJR9B2KC,"EASY HOME Multipurpose EVA Anti-Slip Mat (45cm x 10 Meter, Clear Lines) – Waterproof, Washable Shelf Liner Roll Sheet for Kitchen, Bathroom, Drawers, Cabinets, Fridge & Table Mat",228,0,0,1,0,229,2026-04-13
Antislipmat_Clear_Lines_45cmx3mtr,B0CJR9748V,"EASY HOME Multipurpose EVA Anti-Slip Mat (45cm x 3 Meter, Clear Lines) – Waterproof, Washable Shelf Liner Roll Sheet for Kitchen, Bathroom, Drawers, Cabinets, Fridge & Table Mat",190,0,0,0,0,190,2026-04-13
Antislipmat_Clear_Lines_45cmx5mtr,B0CJR9TTCR,"EASY HOME Multipurpose EVA Anti-Slip Mat (45cm x 5 Meter, Clear Lines) – Waterproof, Washable Shelf Liner Roll Sheet for Kitchen, Bathroom, Drawers, Cabinets, Fridge & Table Mat",176,0,0,1,0,177,2026-04-13
Antislipmat_Clear_Lines_60cmx10mtr,B0CJR97J2H,"EASYHOME Multipurpose 60cm x 10m Waterproof EVA Lines Anti Slip Mat for Kitchen, Bathroom Cabinet Kitchen Drawer Shelf Liner Sheets Roll, Non-Slip Fridge Mat, Table Mat (60cm x 10 Metres Roll, Clear)",54,0,0,2,1,56,2026-04-13
Antislipmat_Clear_Lines_60cmx3mtr,B0CJR94WSS,"EASYHOME Multipurpose 60cm x 3m Waterproof EVA Lines Anti Slip Mat for Kitchen, Bathroom Cabinet Kitchen Drawer Shelf Liner Sheets Roll, Non-Slip Fridge Mat, Table Mat (60cm x 3 Metres Roll, Clear)",64,0,0,1,0,65,2026-04-13
Antislipmat_Clear_Lines_60cmx5mtr,B0CJRC7W4H,"EASYHOME Multipurpose 60cm x 5m Waterproof EVA Lines Anti Slip Mat for Kitchen, Bathroom Cabinet Kitchen Drawer Shelf Liner Sheets Roll, Non-Slip Fridge Mat, Table Mat (60cm x 5 Metres Roll, Clear)",44,0,0,1,1,45,2026-04-13
Antislipmat_Grey_Lines_45cmx1.5mtr,B0CJJP2RLH,"EASYHOME Multipurpose EVA Anti-Slip Mat (45m x 1.5 Meter, Grey Lines) – Waterproof, Washable Shelf Liner Roll Sheet for Kitchen, Bathroom, Drawers, Cabinets, Fridge & Table Mat",35,0,0,0,0,35,2026-04-13
Antislipmat_Grey_Lines_45cmx10mtr,B0CJJRQ1JD,"EASY HOME Multipurpose EVA Anti-Slip Mat (45cm x 10 Meter, Grey Lines) – Waterproof, Washable Shelf Liner Roll Sheet for Kitchen, Bathroom, Drawers, Cabinets, Fridge & Table Mat",273,0,0,0,0,273,2026-04-13
Antislipmat_Grey_Lines_45cmx3mtr,B0CJJS7PSX,"EASY HOME Multipurpose EVA Anti-Slip Mat (45cm x 3 Meter, Grey Lines) – Waterproof, Washable Shelf Liner Roll Sheet for Kitchen, Bathroom, Drawers, Cabinets, Fridge & Table Mat",160,0,0,0,0,160,2026-04-13
Antislipmat_Grey_Lines_45cmx5mtr,B0CJJPJP4M,"EASY HOME Multipurpose EVA Anti-Slip Mat (45cm x 5 Meter, Grey Lines) – Waterproof, Washable Shelf Liner Roll Sheet for Kitchen, Bathroom, Drawers, Cabinets, Fridge & Table Mat",190,0,0,0,0,190,2026-04-13
Antislipmat_Grey_Lines_60cmx10mtr,B0CJJSVBSJ,"EASY HOME Multipurpose EVA Anti-Slip Mat (60cm x 10 Meter, Grey Lines) – Waterproof, Washable Shelf Liner Roll Sheet for Kitchen, Bathroom, Drawers, Cabinets, Fridge & Table Mat",9,0,0,3,0,12,2026-04-13
Antislipmat_Grey_Lines_60cmx3mtr,B0CJJR4LNW,"EASYHOME Multipurpose 60cm x 3m Waterproof EVA Lines Anti Slip Mat for Kitchen, Bathroom Cabinet Kitchen Drawer Shelf Liner Sheets Roll, Non-Slip Fridge Mat, Table Mat (60cm x 3 Metres Roll, Grey)",43,0,0,0,0,43,2026-04-13
Antislipmat_Grey_Lines_60cmx5mtr,B0CJJR6WGL,"EASYHOME Multipurpose 60cm x 5m Waterproof EVA Lines Anti Slip Mat for Kitchen, Bathroom Cabinet Kitchen Drawer Shelf Liner Sheets Roll, Non-Slip Fridge Mat, Table Mat (60cm x 5 Metres Roll, Grey)",53,0,0,0,1,53,2026-04-13
Baby_Play_Mat,B0D54K8DVW,"EASY HOME Reversible Baby Play Mat, Extra Large Babies Folding Mat, Waterproof and Portable Kids Floor Mat for Learning & Crawling, Foldable Soft Foam Mat for Kids (Size- 5x6 ft)",0,0,0,0,0,0,2026-04-13
Baking Paper 1kg -PO 1,B09D9NZ8B8,"COZE Baking Paper (1 Kg) | Pack Of 1 | 100% Oven & Microwave Safe Upto 240°C | No Added Wax Or Coating | 100% Food Safe, Fda Approved | Butter Paper Roll | Parchment Paper For Baking Cake,Standard",10,0,0,0,0,10,2026-04-13
Baking Paper 20m -PO 1,B09D9Q1B26,"Coze Baking Paper 20 metres, Pack of 1, 100% Oven & Microwave Safe Upto 240°C, No Added Wax or Coating, 100% Food Safe, FDA Approved, Butter Paper Roll, Parchment Paper for Baking Cake (Off-White)",952,0,35,38,0,1025,2026-04-13
EH-Black-Interlock-Mat-4,B09MY5K3SH,"EASY HOME High Density EVA Foam Interlocking Puzzle Floor Mats – Shock Proof, Protective Gym & Home Workouts Tiles for Exercise (60×60 cm, 12 mm Thickness)",65,0,0,0,0,65,2026-04-13
EH-Black-Mat-16,B0F2TCYXL3,"EASY HOME High Density EVA Foam Interlocking Puzzle Floor Mats – Shock Proof, Protective Gym & Home Workouts Tiles for Exercise (60×60 cm, 12 mm Thickness)",16,0,0,0,0,16,2026-04-13
EH-Black-Mat-8,B0F2TCMVWC,"EASY HOME High Density EVA Foam Interlocking Puzzle Floor Mats – Shock Proof, Protective Gym & Home Workouts Tiles for Exercise (60×60 cm, 12 mm Thickness)",32,0,0,0,0,32,2026-04-13
EH-Multicolor-Interlock-Mat-4,B09MYDPF3Y,"EASY HOME Foam Baby Interlocking Play Mats for Crawling and Playingcolor Play Mat for Kids - Protective Floor Tiles for Play Room- 60x60cm - 12mm Thick (Pack of 4-16 Square Foot), Assorted",260,0,0,1,3,261,2026-04-13
EHK_Diamond_Multi_PO12,B0DB674Y4M,"eHomekart Multicolor Diamond Play Mat for Kids, Baby Interlocking Play Mat for Crawling and Playing - Protective Interlocking Tile for Kids- 60x60cm - 12mm Thickness (Pack of 12-48 Sq ft Area)",84,0,0,0,0,84,2026-04-13
EH_ASM_Big_Leaf_45x5,B0F48MBLV4,"EASY HOME Multipurpose EVA Anti-Slip Mat (45cm x 5 Meter, Big Leaf Print) – Waterproof, Washable Shelf Liner Roll Sheet for Kitchen, Bathroom, Drawers, Cabinets, Fridge & Table Mat",72,0,0,0,0,72,2026-04-13
EH_ASM_Cutlery_45x5,B0F48FKZXS,"EASY HOME Multipurpose EVA Anti-Slip Mat (45cm x 5 Meter, Cutlery Print) – Waterproof, Washable Shelf Liner Roll Sheet for Kitchen, Bathroom, Drawers, Cabinets, Fridge & Table Mat",0,0,0,0,0,0,2026-04-13
EH_ASM_Floral_45x5,B0F48HZBYQ,"EASY HOME Multipurpose EVA Anti-Slip Mat (45cm x 5 Meter, Floral Print) – Waterproof, Washable Shelf Liner Roll Sheet for Kitchen, Bathroom, Drawers, Cabinets, Fridge & Table Mat",28,0,0,0,0,28,2026-04-13
EH_ASM_Small_Leaf_45x5,B0F48HNNB1,"EASY HOME Multipurpose EVA Anti-Slip Mat (45cm x 5 Meter, Small Leaf Print) – Waterproof, Washable Shelf Liner Roll Sheet for Kitchen, Bathroom, Drawers, Cabinets, Fridge & Table Mat",111,0,0,0,0,111,2026-04-13
EH_ASM_WD_45cm x 10mtr,B0CYQ3LYSM,"EASY HOME Multipurpose EVA Anti-Slip Mat (45cm x 10 Meter, Wooden Print) – Waterproof, Washable Shelf Liner Roll Sheet for Kitchen, Bathroom, Drawers, Cabinets, Fridge & Table Mat",0,0,0,0,0,0,2026-04-13
EH_ASM_WD_45cm x 5mtr,B0CYQ15FGK,"EASY HOME Multipurpose EVA Anti-Slip Mat (45cm x 5 Meter, Wooden Print) – Waterproof, Washable Shelf Liner Roll Sheet for Kitchen, Bathroom, Drawers, Cabinets, Fridge & Table Mat",0,0,0,0,0,0,2026-04-13
EH_Antislip_Brown_45cmx1.5mtr,B0BTTD6CK7,"EASYHOME Multipurpose EVA Anti-Slip Mat (45cm x 1.5 Meter, Brown) – Waterproof, Washable Shelf Liner Roll Sheet for Kitchen, Bathroom, Drawers, Cabinets, Fridge & Table Mat",72,0,0,0,0,72,2026-04-13
EH_Antislip_Clear_45cmx1.5mtr,B0BTT8W68J,"EASYHOME Multipurpose EVA Anti-Slip Mat (45cm x 1.5 Meter, Clear) – Waterproof, Washable Shelf Liner Roll Sheet for Kitchen, Bathroom, Drawers, Cabinets, Fridge & Table Mat",103,0,0,1,0,104,2026-04-13
EH_Antislip_Grey_45cmx1.5mtr,B0BTTCZBLV,"EASYHOME Multipurpose EVA Anti-Slip Mat (45cm x 1.5 Meter, Grey) – Waterproof, Washable Shelf Liner Roll Sheet for Kitchen, Bathroom, Drawers, Cabinets, Fridge & Table Mat",406,0,0,4,0,410,2026-04-13
EH_BOC_4x5_CoffeeBrown_P1,B0CN2WH472,"EASYHOME Thermal Insulated 100% Room Darkening Blackout Curtain | Window-5 Feet | Set of 1 | Noise Reduction Solid Heavy Polyester Curtain | Bedroom Living Room Kids Room Parda | 310 GSM, Coffee Brown",29,0,0,0,0,29,2026-04-13
EH_BOC_4x5_CoffeeBrown_P2,B0CN2XXZJ8,"EASYHOME Thermal Insulated 100% Room Darkening Blackout Curtain | Window-5 Feet | Set of 2 | Noise Reduction Solid Heavy Polyester Curtain | Bedroom Living Room Kids Room Parda | 310 GSM, Coffee Brown",14,0,0,0,0,14,2026-04-13
EH_BOC_4x5_Cream_P1,B0CPT3Y43Y,"EASY HOME Thermal Insulated 100% Room Darkening Blackout Curtain | Window - 5 Feet | Set of 1 | Noise Reduction Solid Heavy Polyester Curtain | Bedroom Living Room Kids Room Parda | 310 GSM, Cream",20,0,0,0,0,20,2026-04-13
EH_BOC_4x5_Cream_P2,B0CPT6FNRX,"EASY HOME Thermal Insulated 100% Room Darkening Blackout Opaque Curtain|Window - 5 Feet|Set of 2|Noise Reduction Solid Heavy Polyester Curtain|Bedroom Living Room Kids Room Parda|310 GSM,Cream",10,0,0,0,0,10,2026-04-13
EH_BOC_4x5_Maroon_P1,B0CPT78LN2,"EASY HOME Thermal Insulated 100% Room Darkening Blackout Curtain | Window - 5 Feet | Set of 1 | Noise Reduction Solid Heavy Polyester Curtain | Bedroom Living Room Kids Room Parda | 310 GSM, Maroon",0,0,0,0,0,0,2026-04-13
EH_BOC_4x7_Maroon_P1,B0CPT3239Q,"EASY HOME Thermal Insulated 100% Room Darkening Blackout Curtain | Door - 7 Feet | Set of 1 | Noise Reduction Solid Heavy Polyester Curtain | Bedroom Living Room Kids Room Parda | 310 GSM, Maroon",54,0,0,0,0,54,2026-04-13
EH_BOC_4x7_Maroon_P2,B0CPT73GB8,"EASY HOME Thermal Insulated 100% Room Darkening Blackout Curtain | Door - 7 Feet | Set of 2 | Noise Reduction Solid Heavy Polyester Curtain | Bedroom Living Room Kids Room Parda | 310 GSM, Maroon",27,0,0,0,0,27,2026-04-13
EH_BOC_4x9_Maroon_P1,B0CPT7HQ5G,"EASY HOME Thermal Insulated 100% Room Darkening Blackout Curtain | Long Door - 9 Feet | Set of 1 | Noise Reduction Solid Heavy Polyester Curtain | Bedroom Living Room Kids Room Parda | 310 GSM, Maroon",35,0,0,0,0,35,2026-04-13
EH_BOC_4x9_Maroon_P2,B0CPT5FT94,"EASY HOME Thermal Insulated 100% Room Darkening Blackout Curtain | Long Door - 9 Feet | Set of 2 | Noise Reduction Solid Heavy Polyester Curtain | Bedroom Living Room Kids Room Parda | 310 GSM, Maroon",17,0,0,0,0,17,2026-04-13
EH_Baby_Play_Mat_F,B0D92JZLVQ,"EASY HOME Reversible Baby Play Mat, Extra Large Babies Folding Mats, Waterproof and Portable Kids Floor Covering for Learning & Crawling, Foldable Soft Foam, for Kids Animal Names(Size- 5x6 ft)",95,0,0,0,0,95,2026-04-13
EH_Baby_Play_Mat_R,B0D92K2DWS,"EASY HOME Reversible Baby Play Mat, Extra Large Babies Folding Mat, Waterproof and Portable Kids Floor Mat for Learning & Crawling, Foldable Soft Foam Mat for Kids Girafe Printed (Size- 5x6 ft)",1,0,0,2,0,3,2026-04-13
EH_Black&Grey_EVA_24mm_PO12,B0FBGSF554,"EASY HOME Gym Mats for Floor for Home and Living Room, Interlocking Rubber Floor Gym Mat for Exercise, Super Absorbent EVA Foam Workout Mat- 60x60cm - 25mm Thickness, Black & Grey (12 Tiles - 48Sqft)",6,0,0,0,0,6,2026-04-13
EH_Black&Grey_EVA_24mm_PO16,B0FBGSYLC3,"EASY HOME Gym Mats for Floor for Home and Living Room, Interlocking Rubber Floor Gym Mat for Exercise, Super Absorbent EVA Foam Workout Mat- 60x60cm - 25mm Thickness, Black & Grey (16 Tiles - 64Sqft)",4,0,0,1,0,5,2026-04-13
EH_Black&Grey_EVA_24mm_PO4,B0FBGRDJDJ,"EASY HOME Gym Mats for Floor for Home and Living Room, Interlocking Rubber Floor Gym Mat for Exercise, Super Absorbent EVA Foam Workout Mat- 60x60cm - 25mm Thickness, Black & Grey (4 Tiles - 16Sqft)",18,0,0,0,0,18,2026-04-13
EH_Black&Grey_EVA_24mm_PO8,B0FBGVMPFL,"EASY HOME Gym Mats for Floor for Home and Living Room, Interlocking Rubber Floor Gym Mat for Exercise, Super Absorbent EVA Foam Mat- 60x60cm - 25mm Thickness, Black & Grey (8 Tiles - 32Sqft)",9,0,0,0,0,9,2026-04-13
EH_Black&Grey_EVA_PO12,B0D9HDFSH3,"EASY HOME Gym Mats for Floor for Home and Living Room, Interlocking Rubber Floor Gym Mat for Workout at Home, Super Absorbent EVA Foam Workout Mat- 60x60cm - 12mm, Black & Grey (12 Tiles - 48Sqft)",79,0,0,0,0,79,2026-04-13
EH_Black&Grey_EVA_PO16,B0D9HBVW5C,"EASY HOME Gym Mats for Floor for Home and Living Room, Interlocking Rubber Floor Gym Mat for Workout at Home, Super Absorbent EVA Foam Workout Mat- 60x60cm - 12mm, Black & Grey (16 Tiles - 64Sqft)",59,0,0,0,0,59,2026-04-13
EH_Black&Grey_EVA_PO20,B0D9HD2S7M,"EASY HOME Gym Mats for Floor for Home and Living Room, Interlocking Rubber Floor Gym Mat for Workout at Home, Super Absorbent EVA Foam Workout Mat- 60x60cm - 12mm, Black & Grey (20 Tiles - 80Sqft)",47,0,0,0,0,47,2026-04-13
EH_Black&Grey_EVA_PO24,B0D9HBF469,"EASY HOME Gym Mats for Floor for Home and Living Room, Interlocking Rubber Floor Gym Mat for Workout at Home, Super Absorbent EVA Foam Workout Mat- 60x60cm - 12mm, Black & Grey (24 Tiles - 96Sqft)",39,0,0,0,0,39,2026-04-13
EH_Black&Grey_EVA_PO4,B0D9HCMCCY,"EASY HOME Gym Mats for Floor for Home and Living Room, Interlocking Rubber Floor Gym Mat for Workout at Home, Super Absorbent EVA Foam Workout Mat- 60x60cm - 12mm, Black & Grey (4 Tiles - 16Sqft)",243,0,0,1,2,244,2026-04-13
EH_Black&Grey_EVA_PO8,B0D9HB8LTP,"EASY HOME Gym Mats for Floor for Home and Living Room, Interlocking Rubber Floor Gym Mat for Workout at Home, Super Absorbent EVA Foam Workout Mat- 60x60cm - 12mm, Black & Grey (8 Tiles - 32Sqft)",119,0,0,0,0,119,2026-04-13
EH_Black&Grey_Leaf_PO12,B0GL8PBY47,"EASY HOME Gym Mats for Floor for Home and Living Room, Leaf Pattern Interlocking Rubber Floor Gym Mat for Workout at Home, Super Absorbent EVA Foam Workout Mat- 60x60cm 12mm, Black & Grey Pack of 12",32,0,0,0,0,32,2026-04-13
EH_Black&Grey_Leaf_PO16,B0GL92YFHT,"EASY HOME Gym Mats for Floor for Home and Living Room, Leaf Pattern Interlocking Rubber Floor Gym Mat for Workout at Home, Super Absorbent EVA Foam Workout Mat- 60x60cm 12mm, Black & Grey Pack of 16",24,0,0,0,0,24,2026-04-13
EH_Black&Grey_Leaf_PO4,B0GL8MFQGN,"EASY HOME Gym Mats for Floor for Home and Living Room, Leaf Pattern Interlocking Rubber Floor Gym Mat for Workout at Home, Super Absorbent EVA Foam Workout Mat- 60x60cm - 12mm, Black & Grey Pack of 4",96,0,0,0,0,96,2026-04-13
EH_Black&Grey_Leaf_PO8,B0GL8BF4Z6,"EASY HOME Gym Mats for Floor for Home and Living Room, Leaf Pattern Interlocking Rubber Floor Gym Mat for Workout at Home, Super Absorbent EVA Foam Workout Mat- 60x60cm - 12mm, Black & Grey Pack of 8",48,0,0,0,0,48,2026-04-13
EH_EVA_ALL_MULTICOLOR_PO9,B0F7RQKXVL,"EASY HOME Interlocking Mat - 12mm Thick | 60x60cm 9 Tiles (36 Sq Ft Area) for Kids | Soft & Protective Puzzle Mat for Baby Crawling, Playroom & Exercise",84,0,0,3,0,87,2026-04-13
EH_EVA_Black_Mat_PO12,B0C141W8X1,"EASY HOME Gym Mats for Floor for Home and Living Room, Interlocking Rubber Floor Gym Mat for Exercise, Super Absorbent EVA Foam Workout Mat- 60x60cm - 12mm Thickness, Black (Pack of 12 Tile- 48 Sq ft)",80,0,0,0,0,80,2026-04-13
EH_EVA_Black_Mat_PO16,B086424GCB,"EASY HOME Gym Mats for Floor for Home and Living Room, Interlocking Rubber Floor Gym Mat for Exercise, Super Absorbent EVA Foam Workout Mat- 60x60cm - 12mm Thickness, Black (Pack of 16 Tile- 64 Sq ft)",59,0,0,0,0,59,2026-04-13
EH_EVA_Black_Mat_PO20,B0C145NC99,"EASY HOME Gym Mats for Floor for Home and Living Room, Interlocking Rubber Floor Gym Mat for Exercise, Super Absorbent EVA Foam Workout Mat- 60x60cm - 12mm Thickness, Black (Pack of 20 Tile- 80 Sq ft)",47,0,0,0,0,47,2026-04-13
EH_EVA_Black_Mat_PO24,B0C1451N5Q,"EASY HOME Gym Mats for Floor for Home and Living Room, Interlocking Rubber Floor Gym Mat for Exercise, Super Absorbent EVA Foam Workout Mat- 60x60cm - 12mm Thickness, Black (Pack of 24 Tile- 96 Sq ft)",39,0,0,0,0,39,2026-04-13
EH_EVA_Black_Mat_PO4,B0C1431JNZ,"EASY HOME Gym Mats for Floor for Home and Living Room, Interlocking Rubber Floor Gym Mat for Exercise, Super Absorbent EVA Foam Workout Mat- 60x60cm - 12mm Thickness, Black (Pack of 4 Tile- 16 Sq ft)",286,0,0,1,3,287,2026-04-13
EH_EVA_Blue_Grey_White_PO9,B0F91VHKKW,"EASY HOME Interlocking Mat - 12mm Thick | 60x60cm 9 Tiles (36 Sq Ft Area) for Kids | Soft & Protective Puzzle Mat for Baby Crawling, Playroom & Exercise",33,0,0,1,3,34,2026-04-13
EH_EVA_Brown&Beige_PO9,B0F9X8LW1G,"EASY HOME Interlocking Mat - 12mm Thick | 60x60cm 9 Tiles (36 Sq Ft Area) for Kids | Soft & Protective Puzzle Mat for Baby Crawling, Playroom & Exercise",39,0,0,1,3,40,2026-04-13
EH_EVA_Grey_Mat_PO04,B0FMRH64X9,"EASY HOME Gym Mats for Floor for Home and Living Room, Interlocking Rubber Floor Gym Mat for Exercise, Super Absorbent EVA Foam Workout Mat- 60x60cm - 12mm Thickness, Grey (Pack of 4-12 Sq Ft Area)",128,0,35,0,4,163,2026-04-13
EH_EVA_Grey_Mat_PO12,B0C145JTP3,"EASY HOME Gym Mats for Floor for Home and Living Room, Interlocking Rubber Floor Gym Mat for Exercise, Super Absorbent EVA Foam Workout Mat- 60x60cm - 12mm Thickness, Grey (Pack of 12-48 Sq Ft Area)",40,0,0,0,0,40,2026-04-13
EH_EVA_Grey_Mat_PO16,B0C1471G4X,"EASY HOME Gym Mats for Floor for Home and Living Room, Interlocking Rubber Floor Gym Mat for Exercise, Super Absorbent EVA Foam Workout Mat- 60x60cm - 12mm Thickness, Grey (Pack of 16-64 Sq Ft Area)",31,0,0,0,0,31,2026-04-13
EH_EVA_Grey_Mat_PO20,B0C146YRHW,"EASY HOME Gym Mats for Floor for Home and Living Room, Interlocking Rubber Floor Gym Mat for Exercise, Super Absorbent EVA Foam Workout Mat- 60x60cm - 12mm Thickness, Grey (Pack of 20-80 Sq Ft Area)",25,0,0,0,0,25,2026-04-13
EH_EVA_Grey_Mat_PO24,B0C143T5D8,"EASY HOME Gym Mats for Floor for Home and Living Room, Interlocking Rubber Floor Gym Mat for Exercise, Super Absorbent EVA Foam Workout Mat- 60x60cm - 12mm Thickness, Grey (Pack of 24-96 Sq Ft Area)",20,0,0,0,0,20,2026-04-13
EH_EVA_Grey_Mat_PO8,B0C145GFJY,"EASY HOME Gym Mats for Floor for Home and Living Room, Interlocking Rubber Floor Gym Mat for Exercise, Super Absorbent EVA Foam Mat- 60x60cm - 12mm Thickness, Grey (8 Tiles - 32Sqft)",62,0,0,0,0,62,2026-04-13
EH_EVA_Multicolor_Mat_PO08,B0FPD2S95J,"EASY HOME Multicolor Smile Pattern Play Mat for Kids, Baby Interlocking Play Mat for Crawling and Playing - Protective Interlocking Tile for Kids Play Room- 60x60cm- 12mm Thickness (Pack of 8)",173,0,0,0,0,173,2026-04-13
EH_EVA_Multicolor_Mat_PO12,B0BZZF4Z21,"EASY HOME Multicolor Smile Pattern Play Mat for Kids, Baby Interlocking Play Mat for Crawling and Playing - Protective Interlocking Tile for Kids Play Room- 60x60cm- 12mm Thickness (Pack of 12)",91,0,0,0,0,91,2026-04-13
EH_EVA_Multicolor_Mat_PO20,B0C3RGH8GJ,"EASY HOME Multicolor Smile Pattern Play Mat for Kids, Baby Interlocking Play Mat for Crawling and Playing - Protective Interlocking Tile for Kids Play Room- 60x60cm- 12mm Thickness (Pack of 20)",55,0,0,0,0,55,2026-04-13
EH_EVA_Multicolor_Mat_PO24,B0C3RG173W,"EASY HOME Multicolor Smile Pattern Play Mat for Kids, Baby Interlocking Play Mat for Crawling and Playing - Protective Interlocking Tile for Kids Play Room- 60x60cm- 12mm Thickness (Pack of 24)",45,0,0,0,0,45,2026-04-13
EH_EVA_Multicolor_Mat_PO4,B0BZZHSTNQ,"EASY HOME Multicolor Smile Pattern Play Mat for Kids, Baby Interlocking Play Mat for Crawling and Playing - Protective Interlocking Tile for Kids Play Room- 60x60cm- 12mm Thickness (Pack of 4)",275,0,0,1,0,276,2026-04-13
EH_EVA_Orange_Sea_Green_Navy_PO9,B0F7RLG815,"EASY HOME Interlocking Mat - 12mm Thick | 60x60cm 9 Tiles (36 Sq Ft Area) for Kids | Soft & Protective Puzzle Mat for Baby Crawling, Playroom & Exercise",84,0,0,0,0,84,2026-04-13
EH_EVA_Red_Green_Blue_PO9,B0F7RKJFDY,"EASY HOME Interlocking Mat - 12mm Thick | 60x60cm 9 Tiles (36 Sq Ft Area) for Kids | Soft & Protective Puzzle Mat for Baby Crawling, Playroom & Exercise",84,0,0,0,0,84,2026-04-13
EH_EVA_Yellow_Sea_Green_Purple_PO9,B0F7RM1269,"EASY HOME Interlocking Mat - 12mm Thick | 60x60cm 9 Tiles (36 Sq Ft Area) for Kids | Soft & Protective Puzzle Mat for Baby Crawling, Playroom & Exercise",94,0,0,0,0,94,2026-04-13
EH_PLANTER_STAND_24inch_PO4,B09DPLV2F7,"EASY HOME Garden Stand Black Metal Planter Stand for Outdoor and Indoor Plants for Home, Office and Garden Balcony Living Room Plant Stand (Pack of 4, 24 Inches)",53,0,0,1,0,54,2026-04-13
EH_SelfAdv_Corner_P1,B0D1828WZ5,"EASY HOME Self Adhesive Bathroom Corner Shelves, Wall Mounted Holder Washroom Organizer, L-Shape Corner Wall Hanging Multipurpose Shelf for Bathroom and Kitchen, Black (Metal, Pack of 1)",38,0,0,0,0,38,2026-04-13
EH_SelfAdv_Corner_P2,B0D17YM5GN,"EASY HOME Self Adhesive Bathroom Corner Shelves, Wall Mounted Holder Washroom Organizer, L-Shape Corner Wall Hanging Multipurpose Shelf for Bathroom and Kitchen, Black (Metal, Pack of 2)",4,0,0,0,0,4,2026-04-13
EH_SelfAdv_Rack_withHooks_P1,B0D184KJGL,"EASY HOME Cast Iron Self Adhesive Multipurpose Wall Mounted Bathroom Shelf with Hooks, Wall Mount Storage Organizer for Kitchen and Washroom Accessories, Black (Powder Coated, Pack of 1)",10,0,0,0,0,10,2026-04-13
EH_SelfAdv_Rack_withHooks_P2,B0D182CYH4,"EASY HOME Self Adhesive Multipurpose Wall Mounted Bathroom Shelf with Hooks, Wall Mount Storage Organizer, Towel Holder Rack for Kitchen and Washroom Accessories, Black (Powder Coated, Pack of 2)",21,0,0,0,0,21,2026-04-13
EH_Tower_Beige_Stonex_10x14_PO2,B0DPSWP8LK,"EASY HOME Stone Textured Tower Planter Pot, 10 inches, Pack of 2, Durable Planters for Indoor & Outdoor Plants, Flower Pot Gamla, for Living Room, Balcony, Garden, Beige",0,0,0,0,0,0,2026-04-13
EH_Tower_Black_10x14_PO2,B0DPSV2W88,"EASY HOME Tower Planter Pot, 10 inches, Pack of 2, Durable Planters for Indoor & Outdoor Plants, Flower Pot Gamla, for Living Room, Balcony, Garden, Black",5,0,0,0,0,5,2026-04-13
EH_Tower_Black_10x14_PO4,B0DPSXW6WP,"EASY HOME Tower Planter Pot, 10 inches, Pack of 4, Durable Planters for Indoor & Outdoor Plants, Flower Pot Gamla, for Living Room, Balcony, Garden, Black",0,0,0,0,0,0,2026-04-13
EH_Tower_Black_8x11_PO2,B0DPSW72K7,"EASY HOME Tower Planter Pot, 8 inches, Pack of 2, Durable Planters for Indoor & Outdoor Plants, Flower Pot Gamla, for Living Room, Balcony, Garden, Black",0,0,0,0,0,0,2026-04-13
EH_Tower_Black_8x11_PO4,B0DPSVX4PQ,"EASY HOME Tower Planter Pot, 8 inches, Pack of 4, Durable Planters for Indoor & Outdoor Plants, Flower Pot Gamla, for Living Room, Balcony, Garden, Black",0,0,0,0,0,0,2026-04-13
EH_Tower_White_Stonex_10x14_PO2,B0DPSXB3H1,"EASY HOME Stone Textured Tower Planter Pot, 10 inches, Pack of 2, Durable Planters for Indoor & Outdoor Plants, Flower Pot Gamla, for Living Room, Balcony, Garden, White",5,0,0,0,0,5,2026-04-13
EH_Tower_White_Stonex_10x14_PO4,B0DPSWB61L,"EASY HOME Stone Textured Tower Planter Pot, 10 inches, Pack of 4, Durable Planters for Indoor & Outdoor Plants, Flower Pot Gamla, for Living Room, Balcony, Garden, White",0,0,0,0,0,0,2026-04-13
EH_Tower_White_Stonex_8x11_PO2,B0DPSV7LRP,"EASY HOME Stone Textured Tower Planter Pot, 8 inches, Pack of 2, Durable Planters for Indoor & Outdoor Plants, Flower Pot Gamla, for Living Room, Balcony, Garden, White",0,0,0,0,0,0,2026-04-13
Facial Box 2 Ply- 200 Pulls -PO 3,B09F3SRJHB,"Coze Face Tissue Box (2 Ply, 200 Pulls) | Pack of 3 Assorted Coloured Boxes | 100% Skin-Safe, FDA Approved, OBA Free | Sleek Tissue Box for Car, Bathroom, Bedroom, Office | Car Tissue Paper Box",81,0,0,0,0,81,2026-04-13
Facial Box 2 Ply- 200 Pulls -PO 6,B09F3X3CM5,"Coze Face Tissue Box (2 Ply, 200 Pulls) | Pack of 6 Assorted Coloured Boxes | 100% Skin-Safe, FDA Approved, OBA Free | Sleek Tissue Box for Car, Bathroom, Bedroom, Office | Car Tissue Paper Box",52,0,0,0,0,52,2026-04-13
Kitchen Roll 2 Ply- 2x80 Pulls -PO 1,B09DW6B2TM,"Mondo Kitchen Tissue Roll (2 Ply, 80 Pulls) | Pack of 2 Rolls | Effective on Granite, Steel, Glass, Tile, Wood | 100% Biodegradable Product | FDA Approved, OBA Free | Tissue Papers Kitchen",25,0,0,0,0,25,2026-04-13
Kitchen Towel 1 Ply- 80 Pulls -PO 1,B09DW6JJ84,"Mondo Kitchen Wipes for Cleaning (1 Ply, 80 Pulls) | Pack of 1 Kitchen Rolls | Washable & Reusable Tissue Roll for Kitchen | Soaks Oil Spills Quickly | Kitchen Cleaning Wipes | Kitchen Roll Reusable",8,0,0,0,0,8,2026-04-13
Kitchen Towel 1 Ply- 80 Pulls -PO 2,B09DW8G3P8,"Mondo Kitchen Wipes for Cleaning (1 Ply, 80 Pulls) | Pack of 2 Kitchen Rolls | Washable & Reusable Tissue Roll for Kitchen | Soaks Oil Spills Quickly | Kitchen Cleaning Wipes | Kitchen Roll Reusable",14,0,0,0,0,14,2026-04-13
LIL_DIAMOND_EVA_MULTI_PO9_New,B0GPQGZG47,"LILTOES Multicolor Diamond Play Mat for Kids, Baby Interlocking Playmat for Crawling and Playing - Protective Interlocking Floor Tile for Kids- 60x60cm - 12mm Thickness Pack of 9",33,0,0,0,0,33,2026-04-13
LIL_EVA_ALL_MULTICOLOR_PO9,B0GPQK8SJP,"LILTOES Interlocking Mat - 12mm Thick | 60x60cm 9 Tiles (36 Sq Ft Area) for Kids | Soft & Protective Puzzle Mat for Baby Crawling, Playroom & Exercise",33,0,0,0,0,33,2026-04-13
LIL_EVA_Blue_Grey_White_PO9,B0GPQRRX2Y,"LILTOES Interlocking Mat - 12mm Thick | 60x60cm 9 Tiles (36 Sq Ft Area) for Kids | Soft & Protective Puzzle Mat for Baby Crawling, Playroom & Exercise",2,0,0,0,0,2,2026-04-13
LIL_EVA_Brown&Beige_PO9,B0GPQKH461,"LILTOES Interlocking Mat - 12mm Thick | 60x60cm 9 Tiles (36 Sq Ft Area) for Kids | Soft & Protective Puzzle Mat for Baby Crawling, Playroom & Exercise",3,0,0,0,0,3,2026-04-13
LIL_EVA_Orange_Sea_Green_Navy_PO9,B0GPQJPSFV,"LILTOES Interlocking Mat - 12mm Thick | 60x60cm 9 Tiles (36 Sq Ft Area) for Kids | Soft & Protective Puzzle Mat for Baby Crawling, Playroom & Exercise",3,0,0,0,0,3,2026-04-13
LIL_EVA_Red_Green_Blue_PO9,B0GPQPJ3RP,"LILTOES Interlocking Mat - 12mm Thick | 60x60cm 9 Tiles (36 Sq Ft Area) for Kids | Soft & Protective Puzzle Mat for Baby Crawling, Playroom & Exercise",3,0,0,0,0,3,2026-04-13
LIL_EVA_Yellow_Sea_Green_Purple_PO9,B0GPQMSQP2,"LILTOES Interlocking Mat - 12mm Thick | 60x60cm 9 Tiles (36 Sq Ft Area) for Kids | Soft & Protective Puzzle Mat for Baby Crawling, Playroom & Exercise",3,0,0,0,0,3,2026-04-13
LT_Baby_Play_Mat,B0D54GKMYX,"Liltoes Reversible Baby Play Mat,Extra Large Babies Folding Mat,Waterproof And Portable Kids Floor Mat For Learning & Crawling,Foldable Foam Mat For Kids (Size- 6X5 Ft),Multicolor",150,0,30,0,0,180,2026-04-13
LT_Baby_Play_Mat_A,B0GQ4L7R75,"Liltoes Reversible Baby Play Mat, Extra Large Babies Folding Mat, Waterproof and Portable Kids Floor Mat for Learning & Crawling, Foldable Soft Foam Mat for Kids Safari Road Map (Size- 6.5x5 ft)",92,0,60,2,0,154,2026-04-13
LT_Baby_Play_Mat_B,B0GQ9H6BV3,"Liltoes Reversible Baby Play Mat, Extra Large Babies Folding Mat, Waterproof and Portable Kids Floor Mat for Learning & Crawling, Foldable Soft Foam Mat for Kids Alpha-Dino Discovery (Size- 6.5x5 ft)",166,0,0,1,0,167,2026-04-13
LT_Baby_Play_Mat_L,B0GTVQWCRY,"Liltoes Reversible Baby Play Mat, Extra Large Babies Folding Mat, Waterproof and Portable Kids Floor Mat for Learning & Crawling, Foldable Foam Mat for Kids (Size- 6.5x5 ft)",186,0,0,0,0,186,2026-04-13
LT_Baby_Play_Mat_N,B0D9QXVWLL,"Liltoes Reversible Baby Play Mat, Extra Large Babies Folding Mat, Waterproof and Portable Kids Floor Mat for Learning & Crawling, Foldable Soft Foam Mat for Kids Girafe and Rainbow (Size- 6.5x5 ft)",63,0,40,2,0,105,2026-04-13
LT_Baby_Play_Mat_R,B0D92MQ123,"Liltoes Reversible Baby PlayMat, Extra Large Babies Folding Mat, Waterproof and Portable Kids Floor Mat for Learning & Crawling, Foldable Soft Foam Mat for Kids Girafe Printed (Size- 6x5 ft)",105,0,49,2,0,156,2026-04-13
LT_Baby_Play_Mat_R_L,B0GSVW2GQ2,"Liltoes Reversible Baby PlayMat, Extra Large babies Folding Mat, Waterproof and Portable Kids Floor Mat for Learning & Crawling, Foldable Soft Foam Mat for Kids Girafe Printed (Size- 6.5x5 ft)",184,0,0,0,0,184,2026-04-13
LT_Baby_Play_Mat_R_S,B0GT4KHZBW,"Liltoes Reversible Baby PlayMat, Extra Large babies Folding Mat, Waterproof and Portable Kids Floor Mat for Learning & Crawling, Foldable Soft Foam Mat for Kids Girafe Printed",200,0,0,0,0,200,2026-04-13
LT_Baby_Play_Mat_S,B0GVJNXTFT,"Liltoes Reversible Baby Play Mat, Extra Large Babies Folding Mat, Waterproof and Portable Kids Floor Mat for Learning & Crawling, Foldable Foam Mat for Kids (Size- 4x5 ft)",92,0,60,3,0,155,2026-04-13
LT_EVA_MULTI_12,B0CRHT9SMJ,"Liltoes Multicolor Play Mat for Kids, Baby Interlocking Playmat for Crawling and Playing - Protective Interlocking Floor Tile for Kids Play Room- 60x60cm - 12mm Thickness (Pack of 12-48 Sq ft Area)",91,0,0,0,0,91,2026-04-13
LT_EVA_MULTI_16,B0CRHST3YZ,"Liltoes Multicolor Play Mat for Kids, Baby Interlocking Playmat for Crawling and Playing - Protective Interlocking Floor Tile for Kids Play Room- 60x60cm - 12mm Thickness (Pack of 16-64 Sq ft Area)",68,0,0,0,0,68,2026-04-13
LT_EVA_MULTI_4,B0CRHQLDZG,"Liltoes Multicolor Play Mat for Kids, Baby Interlocking Playmat for Crawling and Playing - Protective Interlocking Floor Tile for Kids Play Room- 60x60cm - 12mm Thickness (Pack of 4-16 Sq ft Area)",275,0,0,0,0,275,2026-04-13
LT_EVA_MULTI_8,B0CRHSF42W,"Liltoes Multicolor Play Mat for Kids, Baby Interlocking Playmat for Crawling and Playing - Protective Interlocking Floor Tile for Kids Play Room- 60x60cm - 12mm Thickness (Pack of 8-32 Sq Ft Area)",137,0,0,2,0,139,2026-04-13
Lil_EVA_MULTI_12,B0D9C1KYDY,"Liltoes Multicolor Diamond Play Mat for Kids, Baby Interlocking Play Mat for Crawling and Playing - Protective Interlocking Tile for Kids- 60x60cm - 12mm Thickness, Multi (Pack of 12-48 Sq ft Area)",63,0,0,0,0,63,2026-04-13
Lil_EVA_MULTI_18,B0D9BZMBY4,"Liltoes Multicolor Diamond Play Mat for Kids, Baby Interlocking Play Mat for Crawling and Playing - Protective Interlocking Tile for Kids- 60x60cm - 12mm Thickness (Pack of 18-72 Sq ft Area)",42,0,0,1,0,43,2026-04-13
Lil_EVA_MULTI_6,B0D9D3X4WF,"Liltoes Multicolor Diamond Play Mat for Kids, Baby Playmat for Crawling and Playing - Protective Interlocking Floor Tile for Kids- 60x60cm - 12mm Thickness (Pack of 6-24 Sq ft Area)",126,0,0,0,0,126,2026-04-13
Lil_EVA_MULTI_9_,B0FP9WSZ8Q,"Liltoes Multicolor Diamond Play Mat for Kids, Baby Playmat for Crawling and Playing - Protective Interlocking Floor Tile for Kids- 60x60cm - 12mm Thickness Pack of 9",84,0,0,0,0,84,2026-04-13
Papfoil 10m -PO 1,B09CMVG7PQ,"Coze Papfoil Foil Paper (Length 10 metres) 2-in-1 Aluminium Foil and Food Wrapping Paper | Protect and Insulate Food | Pack of 1 Roll | 100% Microwave Safe up to 220°C | 100% Food Safe, FDA Approved",37,0,0,1,0,38,2026-04-13
Papfoil 10m -PO 2,B09CMST5QJ,"Coze Papfoil Foil Paper (Length 10 metres) 2-in-1 Aluminium Foil and Food Wrapping Paper | Protect and Insulate Food | Pack of 2 Rolls | 100% Microwave Safe up to 220°C | 100% Food Safe, FDA Approved",157,0,0,0,0,157,2026-04-13
SB_Black&Grey_33Ltrs_PO1,B0GVKJ4FGV,"EASY HOME 33 litre Under bed Storage Bags for Clothes | Cloth Storage Organizer with Zip Closure | Wardrobe Bag for Sarees, Quilts & Blankets | Moisture Proof Nylon Cover Bag (Black & Grey, Pack of 1)",0,0,0,0,0,0,2026-04-13
SB_Black&Grey_33Ltrs_PO2,B0GVKK57VD,"EASY HOME 33 litre Under bed Storage Bags for Clothes | Cloth Storage Organizer with Zip Closure | Wardrobe Bag for Sarees, Quilts & Blankets | Moisture Proof Nylon Cover Bag (Black & Grey, Pack of 2)",0,0,0,0,0,0,2026-04-13
SB_Black&Grey_33Ltrs_PO4,B0GVKGJXGT,"EASY HOME 33 litre Under bed Storage Bags for Clothes | Cloth Storage Organizer with Zip Closure | Wardrobe Bag for Sarees, Quilts & Blankets | Moisture Proof Nylon Cover Bag (Black & Grey, Pack of 4)",0,0,0,0,0,0,2026-04-13
SB_Black&Grey_70Ltrs_PO1,B0GVK5HY83,"EASY HOME 70 litre Under bed Storage Bags for Clothes | Cloth Storage Organizer with Zip Closure | Wardrobe Bag for Sarees, Quilts & Blankets | Moisture Proof Nylon Cover Bag (Black & Grey, Pack of 1)",0,0,0,0,0,0,2026-04-13
SB_Black&Grey_70Ltrs_PO2,B0GVK7LNG7,"EASY HOME 70 litre Under bed Storage Bags for Clothes | Cloth Storage Organizer with Zip Closure | Wardrobe Bag for Sarees, Quilts & Blankets | Moisture Proof Nylon Cover Bag (Black & Grey, Pack of 2)",0,0,0,0,0,0,2026-04-13
SB_Black&Grey_70Ltrs_PO4,B0GVK25ZVT,"EASY HOME 70 litre Under bed Storage Bags for Clothes | Cloth Storage Organizer with Zip Closure | Wardrobe Bag for Sarees, Quilts & Blankets | Moisture Proof Nylon Cover Bag (Black &Grey, Pack of 4)",0,0,0,0,0,0,2026-04-13
SB_Black&White_33Ltrs_PO01,B0G6B473NJ,"EASY HOME 33 litre Under bed Storage Bags for Clothes | Cloth Storage Organizer with Zip Closure | Wardrobe Bag for Sarees, Quilts & Blankets | Moisture Proof Nylon Cover Bag Black&White",20,0,0,0,0,20,2026-04-13
SB_Black&White_33Ltrs_PO2,B0G1YY2HNF,"EASY HOME 33 litre Under bed Storage Bags for Clothes | Cloth Storage Organizer with Zip Closure | Wardrobe Bag for Sarees, Quilts & Blankets | Moisture Proof Nylon Cover Bag (44x24x31 cm, Medium)",63,0,25,0,0,88,2026-04-13
SB_Black&White_33Ltrs_PO4,B0G1YX68NH,"EASY HOME 33 litre Under bed Storage Bags for Clothes | Cloth Storage Organizer with Zip Closure | Wardrobe Bag for Sarees, Quilts & Blankets | Moisture Proof Nylon Cover Bag (44x24x31 cm, Medium)",31,0,20,0,0,51,2026-04-13
SB_Black&White_70Ltrs_PO1,B0G933PZ1V,"EASY HOME 70 litre Under bed Storage Bags for Clothes | Cloth Storage Organizer with Zip Closure | Wardrobe Bag for Sarees, Quilts & Blankets | Moisture Proof Nylon Cover Bag (54x46x28 cm, Medium)",20,0,0,0,0,20,2026-04-13
SB_Black&White_70Ltrs_PO2,B0G1YKGMTJ,"EASY HOME 70 litre Under bed Storage Bags for Clothes | Cloth Storage Organizer with Zip Closure | Wardrobe Bag for Sarees, Quilts & Blankets | Moisture Proof Nylon Cover Bag (54x46x28 cm, Medium)",53,0,25,1,0,79,2026-04-13
SB_Black&White_70Ltrs_PO4,B0G1YPN442,"EASY HOME 70 litre Under bed Storage Bags for Clothes | Cloth Storage Organizer with Zip Closure | Wardrobe Bag for Sarees, Quilts & Blankets | Moisture Proof Nylon Cover Bag (54x46x28 cm, Medium)",31,0,20,0,0,51,2026-04-13
SB_Grey&Black_33Ltrs_PO1,B0G6KVT2Q1,"EASY HOME 33 litre Under bed Storage Bags for Clothes | Cloth Storage Organizer with Zip Closure | Wardrobe Bag for Sarees, Quilts & Blankets | Moisture Proof Nylon Cover Bag (Pack of 1)",0,0,0,0,0,0,2026-04-13
SB_Grey&Black_33Ltrs_PO2,B0G1YWZH29,"EASY HOME 33 litre Under bed Storage Bags for Clothes | Cloth Storage Organizer with Zip Closure | Wardrobe Bag for Sarees, Quilts & Blankets | Moisture Proof Nylon Cover Bag (44x24x31 cm, Medium)",32,0,25,0,3,57,2026-04-13
SB_Grey&Black_33Ltrs_PO4,B0G1YW28HY,"EASY HOME 33 litre Under bed Storage Bags for Clothes | Cloth Storage Organizer with Zip Closure | Wardrobe Bag for Sarees, Quilts & Blankets | Moisture Proof Nylon Cover Bag (44x24x31 cm, Medium)",23,0,15,0,1,38,2026-04-13
SB_Grey&Black_70Ltrs_PO1,B0G92XDXFW,"EASY HOME 70 litre Under bed Storage Bags for Clothes | Cloth Storage Organizer with Zip Closure | Wardrobe Bag for Sarees, Quilts & Blankets | Moisture Proof Nylon Cover Bag (54x46x28 cm, Medium)",23,0,0,0,0,23,2026-04-13
SB_Grey&Black_70Ltrs_PO2,B0G1YT2S5N,"EASY HOME 70 litre Under bed Storage Bags for Clothes | Cloth Storage Organizer with Zip Closure | Wardrobe Bag for Sarees, Quilts & Blankets | Moisture Proof Nylon Cover Bag (54x46x28 cm, Medium)",76,0,25,1,1,102,2026-04-13
SB_Grey&Black_70Ltrs_PO4,B0G1YPPMQR,"EASY HOME 70 litre Under bed Storage Bags for Clothes | Cloth Storage Organizer with Zip Closure | Wardrobe Bag for Sarees, Quilts & Blankets | Moisture Proof Nylon Cover Bag (54x46x28 cm, Medium)",23,0,15,1,0,39,2026-04-13
SB_Navy Blue&Red_33Ltrs_PO1,B0GVP52GYY,"EASY HOME 33 litre Under bed Storage Bags for Clothes | Cloth Storage Organizer with Zip Closure | Wardrobe Bag for Sarees & Blankets | Moisture Proof Nylon Cover Bag (Navy Blue & Red, Pack of 1)",0,0,0,0,0,0,2026-04-13
SB_Navy Blue&Red_33Ltrs_PO2,B0GVJYBN8Q,"EASY HOME 33 litre Under bed Storage Bags for Clothes | Cloth Storage Organizer with Zip Closure | Wardrobe Bag for Sarees, Blankets | Moisture Proof Nylon Cover Bag (Navy Blue & Red, Pack of 2)",0,0,0,0,0,0,2026-04-13
SB_Navy Blue&Red_33Ltrs_PO4,B0GVKKFDFM,"EASY HOME 33 litre Under bed Storage Bags for Clothes | Cloth Storage Organizer with Zip Closure | Wardrobe Bag for Sarees & Blankets | Moisture Proof Nylon Cover Bag (Navy Blue & Red, Pack of 4)",0,0,0,0,0,0,2026-04-13
SB_Navy Blue&Red_70Ltrs_PO1,B0GVP2Y3ZC,"EASY HOME 70 litre Under bed Storage Bags for Clothes | Cloth Storage Organizer with Zip Closure | Wardrobe Bag for Sarees & Blankets | Moisture Proof Nylon Cover Bag (Navy Blue & Red, Pack of 1)",0,0,0,0,0,0,2026-04-13
SB_Navy Blue&Red_70Ltrs_PO2,B0GVKG9Y86,"EASY HOME 70 litre Under bed Storage Bags for Clothes | Cloth Storage Organizer with Zip Closure | Wardrobe Bag for Sarees & Blankets | Moisture Proof Nylon Cover Bag (Navy Blue & Red, Pack of 2)",0,0,0,0,0,0,2026-04-13
SB_Navy Blue&Red_70Ltrs_PO4,B0GVKBDVCR,"EASY HOME 70 litre Under bed Storage Bags for Clothes | Cloth Storage Organizer with Zip Closure | Wardrobe Bag for Sarees & Blankets | Moisture Proof Nylon Cover Bag (Navy Blue & Red, Pack of 4)",0,0,0,0,0,0,2026-04-13
SB_Navy Blue&White_33Ltrs_PO01,B0GDG92JXT,"EASY HOME 33 litre Under bed Storage Bags for Clothes | Cloth Storage Organizer with Zip Closure | Wardrobe Bag for Sarees, Quilts & Blankets | Moisture Proof Nylon Cover Bag blue and white",22,0,0,0,0,22,2026-04-13
SB_Navy Blue&White_33Ltrs_PO2,B0G25TVVSX,"EASY HOME 33 litre Under bed Storage Bags for Clothes | Cloth Storage Organizer with Zip Closure | Wardrobe Bag for Sarees, Quilts & Blankets | Moisture Proof Nylon Cover Bag (44x24x31 cm, Medium)",45,0,25,1,0,71,2026-04-13
SB_Navy Blue&White_33Ltrs_PO4,B0G1YSGT1J,"EASY HOME 33 litre Under bed Storage Bags for Clothes | Cloth Storage Organizer with Zip Closure | Wardrobe Bag for Sarees, Quilts & Blankets | Moisture Proof Nylon Cover Bag (44x24x31 cm, Medium)",26,0,20,0,0,46,2026-04-13
SB_Navy Blue&White_70Ltrs_PO1,B0G934GBMZ,"EASY HOME 70 litre Under bed Storage Bags for Clothes | Cloth Storage Organizer with Zip Closure | Wardrobe Bag for Sarees, Quilts & Blankets | Moisture Proof Nylon Cover Bag (54x46x28 cm, Medium)",20,0,0,0,0,20,2026-04-13
SB_Navy Blue&White_70Ltrs_PO2,B0G1YNMTPK,"EASY HOME 70 litre Under bed Storage Bags for Clothes | Cloth Storage Organizer with Zip Closure | Wardrobe Bag for Sarees, Quilts & Blankets | Moisture Proof Nylon Cover Bag (54x46x28 cm, Medium)",45,0,25,0,0,70,2026-04-13
SB_Navy Blue&White_70Ltrs_PO4,B0G1YT7BSC,"EASY HOME 70 litre Under bed Storage Bags for Clothes | Cloth Storage Organizer with Zip Closure | Wardrobe Bag for Sarees, Quilts & Blankets | Moisture Proof Nylon Cover Bag (54x46x28 cm, Medium)",21,0,20,0,1,41,2026-04-13
SB_Orange & Navy Blue_70Ltrs_PO1,B0G93NZ3ZR,"EASY HOME 70 litre Under bed Storage Bags for Clothes | Cloth Storage Organizer with Zip Closure | Wardrobe Bag for Sarees, Quilts & Blankets | Moisture Proof Nylon Cover Bag (54x46x28 cm, Medium)",0,0,0,0,0,0,2026-04-13
SB_Orange & Navy Blue_70Ltrs_PO2,B0G1YHH1ZN,"EASY HOME 70 litre Under bed Storage Bags for Clothes | Cloth Storage Organizer with Zip Closure | Wardrobe Bag for Sarees, Quilts & Blankets | Moisture Proof Nylon Cover Bag (54x46x28 cm, Medium)",6,0,70,9,1,85,2026-04-13
SB_Orange & Navy Blue_70Ltrs_PO4,B0G1YQXMCY,"EASY HOME 70 litre Under bed Storage Bags for Clothes | Cloth Storage Organizer with Zip Closure | Wardrobe Bag for Sarees, Quilts & Blankets | Moisture Proof Nylon Cover Bag (54x46x28 cm, Medium)",10,0,35,2,0,47,2026-04-13
SB_Orange&Navy Blue_33Ltrs_PO1,B0G6T8NP6M,"EASY HOME 33 litre Under bed Storage Bags for Clothes | Cloth Storage Organizer with Zip Closure | Wardrobe Bag for Sarees, Quilts & Blankets | Moisture Proof Nylon Cover Bag (Pack of 1)",1,0,0,0,0,1,2026-04-13
SB_Orange&Navy Blue_33Ltrs_PO2,B0G1YX6GXV,"EASY HOME 33 litre Under bed Storage Bags for Clothes | Cloth Storage Organizer with Zip Closure | Wardrobe Bag for Sarees, Quilts & Blankets | Moisture Proof Nylon Cover Bag (44x24x31 cm, Medium)",33,0,70,5,4,108,2026-04-13
SB_Orange&Navy Blue_33Ltrs_PO4,B0G1YY2HCV,"EASY HOME 33 litre Under bed Storage Bags for Clothes | Cloth Storage Organizer with Zip Closure | Wardrobe Bag for Sarees, Quilts & Blankets | Moisture Proof Nylon Cover Bag (44x24x31 cm, Medium)",58,0,35,1,0,94,2026-04-13
SB_Red & Navy Blue_70Ltrs_PO2,B0GVNT83NS,"EASY HOME 70 litre Under bed Storage Bags for Clothes | Cloth Storage Organizer with Zip Closure | Wardrobe Bag for Sarees & Blankets | Moisture Proof Nylon Cover Bag (Red & Navy Blue, Pack of 2)",0,0,0,0,0,0,2026-04-13
SB_Red&Navy Blue_70Ltrs_PO4,B0GVP54FBY,"EASY HOME 70 litre Under bed Storage Bags for Clothes | Cloth Storage Organizer with Zip Closure | Wardrobe Bag for Sarees & Blankets | Moisture Proof Nylon Cover Bag (Red & Navy Blue, Pack of 4)",0,0,0,0,0,0,2026-04-13
Stalwart_normal_blk_2x2ftx10mm_6,B01DAOOAW6,"Stalwart Interlocking EVA Foam Mat Floor Tiles for Exercising, Yoga, Camping, Kids, Babies, Playroom, 24x24x0.375 Inches, Black- Pack of 6",119,0,0,0,0,119,2026-04-13
Stalwart_normal_grey_2x2ftx10mm_6,B01DAOOAV2,"Foam Mat Floor Tiles, Interlocking EVA Foam Padding by Stalwart - Soft Flooring for Exercising, Yoga, Camping, Kids, Babies, Playroom - 6 Pack, 24 x 24 x 0.375 inches, Gray",62,0,0,0,0,62,2026-04-13
Tank_Cover_500L,B0F44B9NXD,"EASY HOME 3-Layer Insulated Water Tank Cover (500 Litre) – 6 mm Korean Sheet, UV & Weather Protection, Heat Resistant for Overhead Tanks",25,0,0,1,0,26,2026-04-13
We Sell Mats_normal_blk_2x2ftx10mm_25,B003RD7ENS,We Sell Mats Premium Foam Interlocking anti-fatigue tiles great for gyms PX90 Insanity Pilates Yoga aerobics cardio trade shows kids payrooms and more. Black 100 SQFT-25 Tiles,34,0,0,0,0,34,2026-04-13
We Sell Mats_normal_blk_2x2ftx10mm_4,B012TWTUMU,We Sell Mats Premium Foam Interlocking anti-fatigue tiles great for gyms PX90 Insanity Pilates Yoga aerobics cardio trade shows kids payrooms and more. Black 16 SQFT-4 Tiles,239,0,0,0,0,239,2026-04-13
eHK_Black&Grey_EVA_PO12,B0D9HDTQ5B,"eHomeKart Gym Mats for Floor for Home and Living Room, Interlocking Rubber Floor Gym Mat for Workout at Home, Super Absorbent EVA Foam Workout Mat- 60x60cm - 12mm, Black & Grey (12 Tiles - 48Sqft)",40,0,0,0,0,40,2026-04-13
eHK_Black&Grey_EVA_PO16,B0D9HD43H9,"eHomeKart Gym Mats for Floor for Home and Living Room, Interlocking Rubber Floor Gym Mat for Workout at Home, Super Absorbent EVA Foam Workout Mat- 60x60cm - 12mm, Black & Grey (16 Tiles - 64Sqft)",30,0,0,0,0,30,2026-04-13
eHK_Black&Grey_EVA_PO20,B0D9HF18L5,"eHomeKart Gym Mats for Floor for Home and Living Room, Interlocking Rubber Floor Gym Mat for Workout at Home, Super Absorbent EVA Foam Workout Mat- 60x60cm - 12mm, Black & Grey (20 Tiles - 80Sqft)",25,0,0,0,0,25,2026-04-13
eHK_Black&Grey_EVA_PO24,B0D9HD34MM,"eHomeKart Gym Mats for Floor for Home and Living Room, Interlocking Rubber Floor Gym Mat for Workout at Home, Super Absorbent EVA Foam Workout Mat- 60x60cm - 12mm, Black & Grey (24 Tiles - 96Sqft)",21,0,0,0,0,21,2026-04-13
eHK_Black&Grey_EVA_PO4,B0D9HBH1XQ,"eHomeKart Gym Mats for Floor for Home and Living Room, Interlocking Rubber Floor Gym Mat for Workout at Home, Super Absorbent EVA Foam Workout Mat- 60x60cm - 12mm, Black & Grey (4 Tiles - 16Sqft)",122,0,0,0,3,122,2026-04-13
eHK_Black&Grey_EVA_PO8,B0D9HH4VYG,"eHomeKart Gym Mats for Floor for Home and Living Room, Interlocking Rubber Floor Gym Mat for Workout at Home, Super Absorbent EVA Foam Workout Mat- 60x60cm - 12mm, Black & Grey (8 Tiles - 32Sqft)",60,0,0,0,0,60,2026-04-13
eHK_EVA_Black_12,B0CRKWBBP3,"eHomeKart Gym Mats for Floor for Home and Living Room, Interlocking Rubber Floor Gym Mat for Workout at Home, Super Absorbent EVA Foam Workout Mat- 60x60cm - 12mm, Black (Pack of 12-48 Sq Ft Area)",22,0,0,0,0,22,2026-04-13
eHK_EVA_Black_16,B0CRKV362W,"eHomeKart Gym Mats for Floor for Home and Living Room, Interlocking Rubber Floor Gym Mat for Workout at Home, Super Absorbent EVA Foam Workout Mat- 60x60cm - 12mm, Black (Pack of 16-64 Sq Ft Area)",16,0,0,0,0,16,2026-04-13
eHK_EVA_Black_20,B0CRKVKX25,"eHomeKart Gym Mats for Floor for Home and Living Room, Interlocking Rubber Floor Gym Mat for Workout at Home, Super Absorbent EVA Foam Workout Mat- 60x60cm - 12mm, Black (Pack of 20-80 Sq Ft Area)",13,0,0,0,0,13,2026-04-13
eHK_EVA_Black_24,B0CRKWBHTF,"eHomeKart Gym Mats for Floor for Home and Living Room, Interlocking Rubber Floor Gym Mat for Workout at Home, Super Absorbent EVA Foam Workout Mat- 60x60cm - 12mm, Black (Pack of 24-96 Sq Ft Area)",11,0,0,0,0,11,2026-04-13
eHK_EVA_Black_4,B0CRKV5XTR,"eHomeKart Gym Mats for Floor for Home and Living Room, Interlocking Rubber Floor Gym Mat for Workout at Home, Super Absorbent EVA Foam Workout Mat- 60x60cm - 12mm, Black (Pack of 4-16 Sq Ft Area)",66,0,0,0,0,66,2026-04-13
eHK_EVA_Black_8,B0CRKV6Z84,"eHomeKart Gym Mats for Floor for Home and Living Room, Interlocking Rubber Floor Gym Mat for Workout at Home, Super Absorbent EVA Foam Workout Mat- 60x60cm - 11mm, Black (Pack of 8-32 Sq Ft Area)",33,0,0,0,0,33,2026-04-13
eHK_EVA_Grey_12,B0CRKV4Y63,"eHomeKart Gym Mats for Floor for Home and Living Room, Interlocking Rubber Floor Gym Mat for Workout at Home, Super Absorbent EVA Foam Workout Mat- 60x60cm - 12mm, Grey (Pack of 12-48 Sq Ft Area)",19,0,0,0,0,19,2026-04-13
eHK_EVA_Grey_16,B0CRKVL4NM,"eHomeKart Gym Mats for Floor for Home and Living Room, Interlocking Rubber Floor Gym Mat for Workout at Home, Super Absorbent EVA Foam Workout Mat- 60x60cm - 12mm, Grey (Pack of 16-64 Sq Ft Area)",14,0,0,0,0,14,2026-04-13
eHK_EVA_Grey_20,B0CRKVW8CX,"eHomeKart Gym Mats for Floor for Home and Living Room, Interlocking Rubber Floor Gym Mat for Workout at Home, Super Absorbent EVA Foam Workout Mat- 60x60cm - 12mm, Grey (Pack of 20-80 Sq Ft Area)",11,0,0,0,0,11,2026-04-13
eHK_EVA_Grey_24,B0CRKWXKCD,"eHomeKart Gym Mats for Floor for Home and Living Room, Interlocking Rubber Floor Gym Mat for Workout at Home, Super Absorbent EVA Foam Workout Mat- 60x60cm - 12mm, Grey (Pack of 24-96 Sq Ft Area)",9,0,0,0,0,9,2026-04-13
eHK_EVA_Grey_4,B0CRKWXKCK,"eHomeKart Gym Mats for Floor for Home and Living Room, Interlocking Rubber Floor Gym Mat for Workout at Home, Super Absorbent EVA Foam Workout Mat- 60x60cm - 12mm, Grey (Pack of 4-16 Sq Ft Area)",62,0,0,0,0,62,2026-04-13
eHK_EVA_Grey_8,B0CRKVB1WH,"eHomeKart Gym Mats for Floor for Home and Living Room, Interlocking Rubber Floor Gym Mat for Workout at Home, Super Absorbent EVA Foam Workout Mat- 60x60cm - 12mm, Grey (Pack of 8-32 Sq Ft Area)",28,0,0,0,0,28,2026-04-13
eHK_EVA_MULTI_12,B0CRKQX7GN,eHomeKart Baby Interlocking Mat - Protective Interlocking Tile for Kids Play Room- 60x60cm - 12mm Thickness (Pack of 12-48 Sq ft Area),91,0,0,0,0,91,2026-04-13
eHK_EVA_MULTI_16,B0CRKQW8FC,eHomeKart Baby Interlocking Mat - Protective Interlocking Tile for Kids Play Room- 60x60cm - 12mm Thickness (Pack of 16-64 Sq ft Area),68,0,0,0,0,68,2026-04-13
eHK_EVA_MULTI_24,B0CRKP27C3,eHomeKart Baby Interlocking Mat - Protective Interlocking Tile for Kids Play Room- 60x60cm - 12mm Thickness (Pack of 24-96 Sq ft Area),45,0,0,0,0,45,2026-04-13
eHK_EVA_MULTI_4,B0CRKQJNL4,eHomeKart Baby Interlocking Mat - Protective Interlocking Tile for Kids Play Room- 60x60cm - 12mm Thickness (Pack of 4-16 Sq ft Area),275,0,0,0,0,275,2026-04-13
eHK_EVA_MULTI_8,B0CRKRDHL3,"eHomeKart Multicolor Play Mat for Kids, Baby Interlocking Playmat for Crawling and Playing - Protective Interlocking Floor Tile for Kids Play Room- 60x60cm - 12mm Thickness (Pack of 8-32 Sq Ft Area)",137,0,0,0,0,137,2026-04-13
eHk_Diamond_Multi_PO18,B0D9DD5JKG,"eHomekart Multicolor Diamond Play Mat for Kids, Baby Interlocking Play Mat for Crawling and Playing - Protective Interlocking Tile for Kids- 60x60cm - 11mm Thickness, Multi (Pack of 18-72 Sq ft Area)",63,0,0,0,0,63,2026-04-13
eHk_Diamond_Multi_PO6,B0D9DC6GSD,"eHomekart Multicolor Play Mat for Kids, Baby Interlocking Play Mat for Crawling and Playing - Protective Interlocking Tile for Kids Play Room- 60x60cm - 12mm Thickness, Multi (Pack of 6-24 Sq ft Area)",126,0,0,0,0,126,2026-04-13
eh_DIAMOND_EVA_MULTI_PO12,B0DB64HBWW,"EASYHOME Multicolor Diamond Play Mat for Kids, Baby Interlocking Play Mat for Crawling and Playing - Protective Interlocking Tile for Kids- 60x60cm - 12mm Thickness, Multi (Pack of 12-48 Sq ft Area)",63,0,0,2,0,65,2026-04-13
eh_DIAMOND_EVA_MULTI_PO18,B0DB68L9V9,"EASYHOME Multicolor Diamond Play Mat for Kids, Baby Interlocking Play Mat for Crawling and Playing - Protective Interlocking Tile for Kids- 60x60cm - 12mm Thickness, Multi (Pack of 18-72 Sq ft Area)",42,0,0,0,0,42,2026-04-13
eh_DIAMOND_EVA_MULTI_PO6,B0D9HBWG5P,"EASYHOME Multicolor Diamond Play Mat for Kids, Baby Interlocking Play Mat for Crawling and Playing - Protective Interlocking Tile for Kids- 60x60cm - 12mm Thickness, Multi (Pack of 6-24 Sq ft Area)",126,0,0,0,0,126,2026-04-13
eh_DIAMOND_EVA_MULTI_PO9,B0F228RM13,"EASY HOME Multicolor Diamond Play Mat for Kids, Baby Interlocking Playmat for Crawling and Playing - Protective Interlocking Floor Tile for Kids- 60x60cm - 12mm Thickness Pack of 9",84,0,0,4,0,88,2026-04-13
eh_DIAMOND_EVA_MULTI_PO9_New,B0FMP6CMM6,"EASY HOME Multicolor Diamond Play Mat for Kids, Baby Interlocking Playmat for Crawling and Playing - Protective Interlocking Floor Tile for Kids- 60x60cm - 12mm Thickness Pack of 9",84,0,0,0,0,84,2026-04-13
eh_eva_mats_black_8,B0DX25VNGF,"EASY HOME Gym Mats for Floor for Home and Living Room, Interlocking Rubber Floor Gym Mat for Workout at Home, EVA Foam Workout Mat- 60x60cm - 12mm Thick, Black (Pack of 8-32 Square Foot)",119,0,0,0,0,119,2026-04-13
eva_mat_grey_12,B0B6VCW2VK,"EASY HOME High Density EVA Foam Interlocking Puzzle Floor Mats – Shock Proof, Protective Gym & Home Workouts Tiles for Exercise (60×60 cm, 12 mm Thickness)",20,0,0,0,0,20,2026-04-13
eva_mat_multi_12,B0822G97QZ,"EASY HOME Puzzle EVA Foam Mat for Kids, Interlocking mat Tiles for Gymnastics, Playing and Home Protective Flooring - 60x60 cm - 12mm Thickness (Pack of 12- Covers 48 Sq Ft Area)",86,0,0,3,0,89,2026-04-13
eva_mats_Grey_25mm_PO12,B0FC2QDBH1,"EASY HOME Interlocking Floor Gym Mats for Home and Living Room, Rubber Floor Workout Mat for Exercise, Super Absorbent EVA Foam Mat- 60x60cm - 25mm Thickness, Grey (12 Tiles - 48Sqft)",6,0,0,0,0,6,2026-04-13
eva_mats_Grey_25mm_PO16,B0FC2R2CMQ,"EASY HOME Interlocking Floor Gym Mats for Home and Living Room, Rubber Floor Workout Mat for Exercise, Super Absorbent EVA Foam Mat- 60x60cm - 25mm Thickness, Grey (16 Tiles - 64Sqft)",4,0,0,0,0,4,2026-04-13
eva_mats_Grey_25mm_PO4,B0FC2QDD2R,"EASY HOME Interlocking Floor Gym Mats for Home and Living Room, Rubber Floor Workout Mat for Exercise, Super Absorbent EVA Foam Mat- 60x60cm - 25mm Thickness, Grey (4 Tiles - 16Sqft)",18,0,0,0,0,18,2026-04-13
eva_mats_Grey_25mm_PO8,B0FC2QFKBH,"EASY HOME Interlocking Floor Gym Mats for Home and Living Room, Rubber Floor Workout Mat for Exercise, Super Absorbent EVA Foam Mat- 60x60cm - 25mm Thickness, Grey (8 Tiles - 32Sqft)",9,0,0,0,0,9,2026-04-13
eva_mats_black_12,B0B5RVR7ZF,"EASY HOME High Density EVA Foam Interlocking Puzzle Floor Mats – Shock Proof, Protective Gym & Home Workouts Tiles for Exercise (60×60 cm, 12 mm Thickness)",21,0,0,0,0,21,2026-04-13
eva_mats_black_16,B086424GCB,"EASY HOME Gym Mats for Floor for Home and Living Room, Interlocking Rubber Floor Gym Mat for Workout At Home, Eva Foam Workout Mat- 60X60Cm - 11Mm Thick, Black (Pack of 16-64 Square Foot)",16,0,0,4,0,20,2026-04-13
eva_mats_black_25mm_PO12,B0FBX54H5Z,"EASY HOME Interlocking Floor Gym Mats for Home and Living Room, Rubber Floor Workout Mat for Exercise, Super Absorbent EVA Foam Mat- 60x60cm - 25mm Thickness, Black (12 Tiles - 48Sqft)",31,0,0,0,0,31,2026-04-13
eva_mats_black_25mm_PO16,B0FBX6HP1L,"EASY HOME Interlocking Floor Gym Mats for Home and Living Room, Rubber Floor Workout Mat for Exercise, Super Absorbent EVA Foam Mat- 60x60cm - 25mm Thickness, Black (16 Tiles - 64Sqft)",23,0,0,0,0,23,2026-04-13
eva_mats_black_25mm_PO4,B0FBX3VFS8,"EASY HOME Interlocking Floor Gym Mats for Home and Living Room, Rubber Floor Workout Mat for Exercise, Super Absorbent EVA Foam Mat- 60x60cm - 25mm Thickness, Black (4 Tiles - 16Sqft)",94,0,0,0,0,94,2026-04-13
eva_mats_black_25mm_PO8,B0FBX68BCW,"EASY HOME Interlocking Floor Gym Mats for Home and Living Room, Rubber Floor Workout Mat for Exercise, Super Absorbent EVA Foam Mat- 60x60cm - 25mm Thickness, Black (8 Tiles - 32Sqft)",47,0,0,0,0,47,2026-04-13
eva_mats_black_8,B08642G3SR,"EASY HOME Interlocking Gym Mats for Floor, Home Rubber Workout Mat, EVA Foam Exercise Mat- 60x60cm - 12mm Thick, Black (Pack of 8-32 Square Foot)",32,0,0,0,0,32,2026-04-13
eva_mats_black_PO12,B0F2TH8Z6S,"EASY HOME Interlocking Gym Mats for Floor, Home Rubber Workout Mat, EVA Foam Exercise Mat- 60x60cm - 12mm Thick, Black (Pack of 12-48 Square Foot)",21,0,0,0,0,21,2026-04-13
eva_mats_black_PO4,B0F2TLCK85,"EASY HOME Interlocking Floor Gym Mats for Home and Living Room, Rubber Floor Workout Mat for Exercise, Super Absorbent EVA Foam Mat- 60x60cm - 12mm Thickness, Black (4 Tiles - 16Sqft)",129,0,0,6,0,135,2026-04-13
eva_mats_grey_16,B0B6T6X5DJ,"EASY HOME High Density EVA Foam Interlocking Puzzle Floor Mats – Shock Proof, Protective Gym & Home Workouts Tiles for Exercise (60×60 cm, 12 mm Thickness)",15,0,0,0,0,15,2026-04-13
eva_mats_grey_4_,B0B6T6D2YV,"EASY HOME High Density EVA Foam Interlocking Puzzle Floor Mats – Shock Proof, Protective Gym & Home Workouts Tiles for Exercise (60×60 cm, 12 mm Thickness)",68,0,0,0,0,68,2026-04-13
eva_mats_grey_8,B0B6TFQ66M,"EASY HOME High Density EVA Foam Interlocking Puzzle Floor Mats – Shock Proof, Protective Gym & Home Workouts Tiles for Exercise (60×60 cm, 12 mm Thickness)",30,0,0,0,0,30,2026-04-13
eva_mats_multi-8,B0B6VDFMJT,"EASY HOME Multicolor Play Mat for Kids, Baby Interlocking Playmat for Crawling and Playing - Protective Interlocking Floor Tile for Kids Play Room- 60x60cm - 12mm Thickness (Pack of 8-32 Sq Ft Area)",128,0,0,2,4,130,2026-04-13
eva_mats_multi_16,B0822GYVNX,"EASY HOME Puzzle Eva Foam Mat for Kids, Interlocking Mat Tiles for Gymnastics, Exercise, Playing and Home Protective Flooring - 60X60 cm - 12mm Thickness, Multicolor (Pack of 16)",64,0,0,8,0,72,2026-04-13
insulation_cover_1000,B0GR1KXGJX,"EASYHOME 3-Layer Insulated Heavy Duty Water Tank Cover (1000 Litre) – 6 mm Korean Insulated Sheet, UV & Weather Protection, Heat Resistant for Overhead Water Tanks",77,0,0,0,0,77,2026-04-13
insulation_cover_1500,B0GH79QFKB,"EASY HOME 3-Layer Insulated Water Tank Cover (1500 Litre) – 6 mm Korean Sheet, UV & Weather Protection, Heat Resistant for Overhead Tanks",23,0,0,0,0,23,2026-04-13
insulation_cover_2000,B0GH1LCYD2,"EASYHOME 3-Layer Insulated Heavy Duty Water Tank Cover (2000 Litre) – 6 mm Korean Sheet, UV & Weather Protection, Heat Resistant for Overhead Tanks",10,0,0,0,0,10,2026-04-13
