Campaign,CampaignId,Status,AdType,Budget,Impressions,Clicks,Cost,Sales,Orders,Units,ACoS%,ROAS
SPA-Liltoes-EVA Kids Mat,535245711377,ENABLED,SP,250.0,189983,1495,7252.91,100685.73,40,52,7.2,13.88
SP-PT-Storage Bag-Defensive,20968751452637,ENABLED,SP,200.0,6091,90,933.26,7789.41,17,17,11.98,8.35
SP-KT-Cloth Storage Bags for Clothes,158475079786365,PAUSED,SP,200.0,3533,19,237.82,447.62,1,1,53.13,1.88
SP-KT-Blanket Cover Bag,256308032752309,PAUSED,SP,200.0,3509,29,311.46,422.03,1,1,73.8,1.36
SP-KT-Storage Bag,247409222779109,ENABLED,SP,400.0,21947,104,1434.99,3617.8,7,7,39.66,2.52
SP-KT-Storage Bags for Clothes,10906973167401,ENABLED,SP,450.0,11818,63,742.82,2341.61,5,5,31.72,3.15
SP-KT-Storage Bags for Clothes Large,39113273495549,ENABLED,SP,300.0,52184,337,4186.18,14371.88,23,26,29.13,3.43
SP-KT-Clothes Storage Box,82554496906576,PAUSED,SP,200.0,11415,70,752.77,2161.42,5,5,34.83,2.87
SP-KT-Under Bed Storage Organizer Box,9582538140844,PAUSED,SP,200.0,2984,9,104.05,419.49,1,1,24.8,4.03
SP-KT-Blanket Storage Bags,255888663353885,PAUSED,SP,300.0,21838,82,874.7,834.74,1,1,104.79,0.95
SP-PT-SB-(B07QRQZK1G Storite),6450007315179,PAUSED,SP,300.0,32107,253,3258.4,5540.94,13,13,58.81,1.7
SP-PT-SB-(B0DBDYX4W6 Storite),256312749004119,ENABLED,SP,100.0,8759,44,666.8,2466.12,4,4,27.04,3.7
SP-PT-SB-(B07B8K3RQK Storite),241740193793969,ENABLED,SP,350.0,14504,206,2352.25,8018.03,15,16,29.34,3.41
SP-PT-SB-(B0DBDWG8K4 Storite),65232048239628,PAUSED,SP,300.0,8106,73,883.81,3786.43,9,9,23.34,4.28
SP-PT-SB-(B07BZ1XZ77 Storite),203340432142488,PAUSED,SP,400.0,32119,239,3890.85,11222.39,19,20,34.67,2.88
SP-PT-SB-(B081T9SFWY Storite),33915106654796,ENABLED,SP,100.0,3119,21,354.66,792.37,1,1,44.76,2.23
SP-KT-EVA Kids Mat-(kids play mats for floor),59099144882217,ENABLED,SP,100.0,7306,54,246.57,14537.16,3,6,1.7,58.96
SP-KT-EVA Kids Mat-(playing mat for kids),85048571595974,ENABLED,SP,100.0,8545,28,151.79,2566.67,1,1,5.91,16.91
SP-KT-EVA Kids Mat-(kids mats for floor thick),3283598490371,ENABLED,SP,300.0,16973,208,1369.77,9306.67,5,5,14.72,6.79
SP-KT-EVA Kids Mat-(mat for kids playing),168320907718990,ENABLED,SP,300.0,16194,144,801.11,5596.19,3,3,14.32,6.99
SP-KT-EVA EHK Gym Mat- (Interlocking Floor Mat),97733685567435,ENABLED,SP,100.0,6698,58,301.31,9261.9,3,3,3.25,30.74
SP-KT-EVA EHK Gym Mat- (Gym Mats for Floor),140185208970172,ENABLED,SP,500.0,29794,203,1283.0,9591.42,6,6,13.38,7.48
SP-KT-EVA EHK Gym Mat- (Gym Mat),219925089309364,ENABLED,SP,300.0,5321,65,461.52,6612.38,2,2,6.98,14.33
SP-KT-EVA EHK Gym Mat- (Rubber Mat for Gym),81689102298827,ENABLED,SP,300.0,16679,113,782.8,6968.57,3,3,11.23,8.9
SP-KT-EVA EHK B&G Gym Mat- (Gym floor Mat Rubber),196874581232754,ENABLED,SP,500.0,5217,47,260.95,3296.19,1,1,7.92,12.63
SP-KT-EVA EHK Gym Mat- (Gym Floor Mat),187742561244204,ENABLED,SP,100.0,1096,2,11.15,0.0,0,0,,0.0
SP-KT-EVA EHK `Gym Mat (Gym Flooring),38747506437576,ENABLED,SP,100.0,174,0,0.0,0.0,0,0,,0
SP-KT-EVA EHK Gym Mat- (Gym Matt for Workout),264859196534408,ENABLED,SP,100.0,4010,46,236.92,1657.14,2,2,14.3,6.99
SP-KT-BPM-LT-(Mat for Baby),241007015837636,ENABLED,SP,300.0,7643,56,356.13,1610.85,2,2,22.11,4.52
SP-KT-BPM-LT-(Play Mat for Babies 0 to 3 Years Thick),50402724701940,ENABLED,SP,100.0,531,11,67.8,0.0,0,0,,0.0
SP-KT-BPM-LT-(Kids Mats for Floor Thick),156537487256378,ENABLED,SP,100.0,4144,32,239.15,1610.85,2,2,14.85,6.74
SP-KT-BPM-LT-(Play Mat),220664481004072,ENABLED,SP,400.0,5498,62,381.44,852.38,1,1,44.75,2.23
SP-KT-BPM-LT-(Multi),71797717631962,ENABLED,SP,200.0,3733,35,218.49,2557.14,3,3,8.54,11.7
SP-KT-BPM-LT-(Baby Mats for Floor),207289207672400,ENABLED,SP,300.0,5534,44,273.34,0.0,0,0,,0.0
SP-KT-BPM-LT-(Baby Mat),43333490979919,ENABLED,SP,100.0,5699,56,333.01,1610.85,2,2,20.67,4.84
SPA-BPM-LT,140884656142754,ENABLED,SP,200.0,23329,195,1261.11,4261.9,4,5,29.59,3.38
SP-KT-BPM-LT-(Baby Playing Mat),196758043116120,ENABLED,SP,300.0,3852,56,339.94,1704.76,2,2,19.94,5.01
SP-KT-BPM-LT-(Floor Mat for Kids),49320689416740,PAUSED,SP,100.0,1142,8,47.2,0.0,0,0,,0.0
SP-KT-ASM- (Kitchen Shelf Mats Roll),429616088691752,ENABLED,SP,200.0,270,1,7.09,0.0,0,0,,0.0
Defense- Antislip- SPM ASIN,525534316779701,ENABLED,SP,399.99,3230,50,451.66,2693.23,4,4,16.77,5.96
SP-KT-EVA Gym Mat- (Gym Matt for Workout),447874778015438,ENABLED,SP,300.0,12192,141,646.3,1593.33,2,2,40.56,2.47
SP-PT-EVA Gym Mat- (B0D95SFFL9 Xtrim),486573877816929,ENABLED,SP,350.0,77686,881,5238.2,44324.75,20,21,11.82,8.46
SP-PT-EVA Gym Mat- (B09F6SLMS4 Agaro),424814241746405,ENABLED,SP,100.0,1,0,0.0,0.0,0,0,,0
SP-KT-EVA Gym Mat- (Foam Mat),355311063587869,ENABLED,SP,200.0,866,13,65.38,0.0,0,0,,0.0
SP-PT-EVA Gym Mat- (B0BGHCFLYJ Horianzo),373158452443701,ENABLED,SP,100.0,2,0,0.0,0.0,0,0,,0
SP-KT-EVA B&G Gym Mat- (Gym floor Mat Rubber),306648672666736,ENABLED,SP,450.0,19519,104,698.32,9500.94,4,4,7.35,13.61
SP-KT-EVA Gym Mat- (Gym Floor Mat for Heavy Workout),425765379909690,ENABLED,SP,100.0,9492,59,321.96,3280.96,1,1,9.81,10.19
SP-PT-EVA Gym Mat- (B012TWTUMU WeSellMats),298172857793238,ENABLED,SP,100.0,81,1,8.04,0.0,0,0,,0.0
SP-PT-EVA Gym Mat- (B01MT9MNLE Yes4All),324829196535221,ENABLED,SP,100.0,0,0,0.0,0.0,0,0,,0
SP-KT-EVA Gym Mat- (Rubber Floor Tiles),359469823003063,ENABLED,SP,100.0,541,9,97.56,0.0,0,0,,0.0
SP-PT-EVA Gym Mat- (B07F3JN779 Kobo),476060609587191,ENABLED,SP,100.0,2090,28,299.93,0.0,0,0,,0.0
SP-PT-EVA Gym Mat- (B0B8H9BQZQ Litenyx),462892590449728,ENABLED,SP,100.0,13,0,0.0,0.0,0,0,,0
SP-KT-EVA Gym Mat-Defensive,540403636890128,ENABLED,SP,200.0,15280,46,385.37,2614.29,1,1,14.74,6.78
SP-PT-EVA Gym Mat- (B0716SW4WP Yes4All),522838723145268,ENABLED,SP,100.0,302,3,30.45,0.0,0,0,,0.0
SP-PT-EVA Gym Mat-Defensive,455121583944025,ENABLED,SP,470.0,80793,692,4592.46,69338.07,27,28,6.62,15.1
SP-KT-EVA Gym Mat- (Gym Floor Mat),307260474921082,ENABLED,SP,350.0,14286,83,584.82,19371.44,7,8,3.02,33.12
SP-PT-EVA Gym Mat- (B0CHMZCX43 Xtrim),281974136978325,ENABLED,SP,400.0,66080,991,7131.31,40664.73,28,29,17.54,5.7
SP-PT-EVA Gym Mat- (B0784MK315 Kobo),467682964635869,ENABLED,SP,100.0,2123,20,183.09,0.0,0,0,,0.0
SP-PT-EVA Gym Mat- (B0B5N7S9QJ Signatron),479380068179034,ENABLED,SP,100.0,811,20,250.11,1640.95,1,1,15.24,6.56
SP-KT-EVA Gym Mat- (Gym Carpet),465835212527063,ENABLED,SP,100.0,2417,45,439.87,0.0,0,0,,0.0
SP-PT-EVA Gym Mat- (B09SJ6VDN4 Nasmodo),386522372561870,ENABLED,SP,200.0,21012,430,2957.3,17300.94,11,11,17.09,5.85
SP-KT-EVA Gym Mat- (Gym Flooring),330012053021270,ENABLED,SP,100.0,1636,12,92.19,0.0,0,0,,0.0
SP-KT-EVA Gym Mat- (Gym Mats for Floor),471873610002541,ENABLED,SP,360.0,233815,1481,12883.35,76471.43,41,42,16.85,5.94
SP-KT-EVA Gym Mat- (Rubber Mat for Gym),335463343417473,ENABLED,SP,300.0,102416,564,4739.95,37533.33,17,17,12.63,7.92
SP-PT-EVA Gym Mat- (B09F68LRLC Signatron),290868611109374,ENABLED,SP,100.0,0,0,0.0,0.0,0,0,,0
SP-KT-EVA Gym Mat- (Interlocking Floor Mat),361079652913959,ENABLED,SP,100.0,62,2,28.8,0.0,0,0,,0.0
SP-PT-EVA Gym Mat- (B0D95TB7KV Xtrim),491551781535347,ENABLED,SP,1000.0,64921,1454,12355.74,78213.28,46,52,15.8,6.33
"SP-PT-EVA Gym Mat (B0B8HB34QP, B09P37XWNC, B08SVVX49Q, B08QND92PJ, B01JBA5LIA, B003RD7ENS)",348654896918302,ENABLED,SP,100.0,38,1,2.66,0.0,0,0,,0.0
SP-KT-EVA Gym Mat- (Gym Equipment Mat),546255629915286,ENABLED,SP,100.0,1318,7,87.66,3296.2,1,1,2.66,37.6
SP-PT-EVA Gym Mat- (B01DAOOAW6 Stalwart),298715086571150,ENABLED,SP,100.0,62,0,0.0,0.0,0,0,,0
SP-PT-EVA Gym Mat- (B09QMK3PC5 Nasmodo),475976771349191,ENABLED,SP,250.0,2569,170,1534.62,4732.38,2,2,32.43,3.08
SP-PT-EVA Gym Mat- (B09P3NQ1V5 Signatron),418580047231626,ENABLED,SP,100.0,0,0,0.0,0.0,0,0,,0
SP-KT-EVA Gym Mat- (Exercise Mat for Home Workout),537007738248322,ENABLED,SP,100.0,12013,53,519.52,4509.52,2,2,11.52,8.68
SP-KT-EVA Gym Mat- (Gym Mat),431252039560980,ENABLED,SP,400.0,38194,556,5352.62,28721.9,15,15,18.64,5.37
SPA-EVA Gym Mat,528389355177773,ENABLED,SP,500.0,406869,3344,13385.99,123205.73,53,63,10.86,9.2
SP-KT-EVA Kids Mat- (Floor Mat For Kids),319402810185441,ENABLED,SP,100.0,10761,86,476.73,3300.95,2,2,14.44,6.92
SP-KT-EVA Kids Mat-Competition,549101113141780,ENABLED,SP,100.0,659,0,0.0,0.0,0,0,,0
SP-PT-EVA Kids Mat- (Defensive),406348657309210,ENABLED,SP,1000.0,44450,694,4480.5,100766.72,34,49,4.45,22.49
SP-PT-EVA Kids Mat- (B08GJ2W8H6 Liltoes),330378340143060,ENABLED,SP,400.0,62907,854,3970.75,38187.64,16,19,10.4,9.62
SP-KT-ASM- *(Kitchen Mats for Shelves),532457500432268,ENABLED,SP,100.0,699,7,91.22,0.0,0,0,,0.0
SP-KT-ASM- (Transparent Plastic Sheet),495510075195471,ENABLED,SP,100.0,1910,11,71.75,744.92,1,1,9.63,10.38
SP-PT-ASM- (B07MNKGT2P Kuber),427451898212306,PAUSED,SP,100.0,2068,9,80.47,0.0,0,0,,0.0
SP-KT-EVA Gym Mat-Competition,487301460943166,ENABLED,SP,300.0,44885,157,1086.19,12903.81,3,4,8.42,11.88
SP-PT-EVA Kids Mat- (B09ZLLM2FJ Kiddie),377405211990266,ENABLED,SP,100.0,0,0,0.0,0.0,0,0,,0
SP-KT-ASM- *(Drawer Mat),444358283972524,ENABLED,SP,200.0,39028,151,2722.17,11755.16,10,17,23.16,4.32
SP-KT-ASM- Broad Keywords,452390025105521,ENABLED,SP,400.0,35250,369,5001.22,37741.58,46,58,13.25,7.55
SP-KT-ASM- (Kitchen Shelf Sheets Waterproof),415781072153962,ENABLED,SP,100.0,802,0,0.0,0.0,0,0,,0
SP-PT-ASM-(B0DDXRHF54 Niwlix),404343658779313,ENABLED,SP,300.0,11812,110,1188.99,7450.88,12,19,15.96,6.27
SP-KT-EVA Kids Mat- (kids mat),367972167311682,ENABLED,SP,100.0,9321,84,619.09,1695.24,2,2,36.52,2.74
SP-KT-ASM- *(Sheets for Kitchen Shelves),374888292051003,ENABLED,SP,400.0,14448,36,589.69,823.73,1,1,71.59,1.4
SP-KT-ASM- (Sheets for Wardrobe),549858864388380,ENABLED,SP,100.0,661,5,62.97,334.75,1,1,18.81,5.32
SP-KT-ASM- (Anti Slip Mat for Kitchen),290970100249135,ENABLED,SP,100.0,11,0,0.0,0.0,0,0,,0
SP-PT-EVA Kids Mat- (B09P2WCBZK Vaquita),384331317599072,ENABLED,SP,100.0,0,0,0.0,0.0,0,0,,0
SP-PT-EVA Kids Mat- (B08JZ8SS2H Liltoes),485687530178369,ENABLED,SP,300.0,32061,668,5751.59,75607.66,33,42,7.61,13.15
SP-KT-EVA Kids Mat- (baby floor mat for crawling big size),389610070846745,ENABLED,SP,100.0,2226,27,163.3,1703.81,1,1,9.58,10.43
SP-PT-ASM- Multi ASINs,427928791664010,ENABLED,SP,100.0,588,3,40.94,0.0,0,0,,0.0
SP-KT-EVA Kids Mat- (playmat for kids),545800801155828,ENABLED,SP,100.0,636,4,21.82,0.0,0,0,,0.0
SP-KT-EVA Kids Mat-Defensive,499771997493235,ENABLED,SP,100.0,13,1,6.3,0.0,0,0,,0.0
SPA-ASM Diamond,518040295820010,PAUSED,SP,300.0,0,0,0.0,0.0,0,0,,0
SP-KT-EVA Kids Mat- (Interlocking Play Mats for Kids),434949171306845,ENABLED,SP,500.0,64560,475,3076.92,67704.91,22,57,4.54,22.0
SP-KT-ASM- *(Cupboard Sheets for Wardrobe),481858925749401,ENABLED,SP,250.0,3922,27,331.44,1391.52,1,2,23.82,4.2
SP-KT-EVA Kids Mat- (EVA Mats for Kids Play School),361513023137601,PAUSED,SP,500.0,11139,155,1443.13,6852.38,4,4,21.06,4.75
SP-PT-ASM- (B08W3CF11M Elastpro),331738096813242,ENABLED,SP,100.0,11,0,0.0,0.0,0,0,,0
SP-KT-EVA Kids Mat- (Foam Mats for Floor for Kids),318522016017251,ENABLED,SP,100.0,188,2,13.45,0.0,0,0,,0.0
SPA-EVA Kids Mat,460560326042273,ENABLED,SP,400.0,516568,4482,27098.97,250461.06,107,123,10.82,9.24
SP-PT-ASM- (B0D8L853WP Niwlix),311253773167965,ENABLED,SP,100.0,15,0,0.0,0.0,0,0,,0
SP-KT-ASM- (Wardrobe Mats for Shelves ),378868144920280,ENABLED,SP,100.0,903,4,60.44,0.0,0,0,,0.0
SP-KT-ASM- (Shelf Liners for Wardrobe),437939594309990,ENABLED,SP,200.0,314,9,139.4,299.15,1,1,46.6,2.15
SP-KT-EVA Kids Mat- (Kids Foam Mats for Floor),397921303990091,ENABLED,SP,100.0,257,4,42.51,0.0,0,0,,0.0
SP-KT-ASM- (Kitchen Liners for Shelves),393420118810470,ENABLED,SP,150.0,2643,11,104.92,4245.78,2,6,2.47,40.47
SP-PT-EVA Kids Mat- (EhomeKart),312776668337788,ENABLED,SP,100.0,3238,69,498.12,6513.34,2,3,7.65,13.08
SP-PT-ASM- (B0831486NM Elastpro),453925073664635,ENABLED,SP,150.0,18570,165,1302.43,1888.99,5,6,68.95,1.45
SP-KT-ASM- (Kitchen Cabinet Sheets),501488475596951,ENABLED,SP,100.0,2404,7,108.86,394.07,1,1,27.62,3.62
SP-KT-ASM- (Shelf Mat Roll),363965848277310,ENABLED,SP,100.0,99,0,0.0,0.0,0,0,,0
SP-PT-ASM- (B09YP2YQK1 KayJen),514370064841799,ENABLED,SP,100.0,1020,9,106.05,567.8,1,1,18.68,5.35
SP-KT-ASM- (Plastic Sheet for Kitchen Shelves ),285714512263106,PAUSED,SP,100.0,3119,21,385.28,0.0,0,0,,0.0
SP-KT-EVA Kids Mat- (Kids Tiles Mat),386340068839095,ENABLED,SP,100.0,454,2,19.08,0.0,0,0,,0.0
SP-PT-EVA Kids Mat- (B0CDH4X4DD Liltoes),375672305710823,ENABLED,SP,300.0,19066,314,2010.0,23708.59,10,10,8.48,11.8
SP-KT-ASM- *(Shelf Liners),440217389542115,ENABLED,SP,300.0,60065,297,4510.11,26742.42,34,41,16.87,5.93
SP-KT-ASM- *(Shelf Liners for Kitchen Shelves),554810470939685,ENABLED,SP,350.0,9314,40,612.87,695.76,1,1,88.09,1.14
SP-PT-ASM- (B078X7KLTH Urbanfix),364312210411355,ENABLED,SP,200.0,11735,70,883.35,2390.68,6,6,36.95,2.71
SP-KT-ASM- (Kitchen Sheet),356879136798212,ENABLED,SP,100.0,10,0,0.0,0.0,0,0,,0
SP-KT-EVA Kids Mat- (Play Mats for Kids),379751195948265,ENABLED,SP,100.0,1341,10,41.93,0.0,0,0,,0.0
SP-KT-EVA Kids Mat- (Interlocking Mat),507079243994443,ENABLED,SP,200.0,21347,168,1523.09,6507.62,4,6,23.4,4.27
SP-KT-EVA Kids Mat- (Kids Mats for Floor),331882053519282,ENABLED,SP,300.0,1765,11,104.17,0.0,0,0,,0.0
SP-KT-EVA Kids Mat- (Mat for Kids),553611405993082,ENABLED,SP,600.0,14277,114,854.12,3407.62,2,2,25.07,3.99
SP-PT-ASM- (B09VC32SHV Senego),509729992504613,ENABLED,SP,300.0,0,0,0.0,0.0,0,0,,0
SPA-EVA Kids Mat PO9,314100822945498,ENABLED,SP,300.0,106890,679,3996.34,45298.01,16,27,8.82,11.33
SP-Category-ASM-Defensive,322293949677831,ENABLED,SP,300.0,1844,15,150.31,664.41,1,1,22.62,4.42
SPA-EVA Gym Mat (Ehk),514376000626403,PAUSED,SP,400.0,54191,593,3305.82,13913.32,9,9,23.76,4.21
SP-KT-EVA Kids Mat PO9-(Kids Play Mat for Floor),480842516628992,ENABLED,SP,100.0,7386,67,585.0,0.0,0,0,,0.0
SP-KT-EVA Kids Mat PO9-(Mat for Kids),514731629828272,ENABLED,SP,400.0,4687,28,242.81,1703.81,1,1,14.25,7.02
SP-KT-EVA Kids Mat PO9-Multi 'baby mat' keywords,359177074319606,PAUSED,SP,100.0,24366,176,1201.17,1703.81,1,1,70.5,1.42
SP-KT-EVA Kids Mat PO9-(Floor Mat for Kids),479887372545119,ENABLED,SP,500.0,9802,91,885.2,3407.61,2,2,25.98,3.85
SP-PT-EVA Kids Mat PO9-(Xtrim),519229272545713,ENABLED,SP,300.0,5521,76,483.37,5089.52,2,2,9.5,10.53
SP-KT-EVA Kids Mat PO9-(Foam Mat for Kids),438170424828826,ENABLED,SP,100.0,5015,57,536.3,3358.09,2,2,15.97,6.26
SP-KT-EVA Kids Mat PO9-(Interlocking Mat),460625290284031,ENABLED,SP,100.0,3549,31,239.87,0.0,0,0,,0.0
SP-KT-EVA Kids Mat PO9-(Interlocking Play Mat for Kids),395696090344363,ENABLED,SP,100.0,8287,69,552.4,5682.85,3,3,9.72,10.29
SP-KT-ASM-Multi Keywords,370168059053294,ENABLED,SP,200.0,98316,377,3949.06,12727.98,27,36,31.03,3.22
SP-PT-ASM- (B0D7W73KZ1 Senego),282503681912197,ENABLED,SP,300.0,20533,236,4027.76,29961.01,34,45,13.44,7.44
SPA-Storage Bag,366720014146644,ENABLED,SP,1000.0,105170,620,6716.47,24369.54,53,54,27.56,3.63
SPA-Liltoes-EVA Kids Mat,535245711377,ENABLED,SP,250.0,252387,2204,10842.11,107205.64,44,50,10.11,9.89
SP-PT-Storage Bag-Defensive,20968751452637,ENABLED,SP,200.0,10407,119,1363.49,11100.01,18,19,12.28,8.14
SP-KT-Cloth Storage Bags for Clothes,158475079786365,PAUSED,SP,200.0,4960,28,466.28,1419.05,2,2,32.86,3.04
SP-KT-Blanket Cover Bag,256308032752309,PAUSED,SP,200.0,5134,28,324.99,0.0,0,0,,0.0
SP-KT-Storage Bag,247409222779109,ENABLED,SP,400.0,44440,406,6571.8,24616.06,48,50,26.7,3.75
SP-KT-Storage Bags for Clothes,10906973167401,ENABLED,SP,450.0,24662,199,2885.81,14963.8,15,23,19.29,5.19
SP-KT-Storage Bags for Clothes Large,39113273495549,ENABLED,SP,300.0,154613,701,10562.52,37989.55,61,63,27.8,3.6
SP-KT-Clothes Storage Box,82554496906576,PAUSED,SP,200.0,42851,177,3107.41,3180.95,6,6,97.69,1.02
SP-KT-Under Bed Storage Organizer Box,9582538140844,PAUSED,SP,200.0,7908,12,189.82,471.43,1,1,40.26,2.48
SP-KT-Blanket Storage Bags,255888663353885,PAUSED,SP,300.0,38354,148,2229.11,7547.64,12,13,29.53,3.39
SP-PT-SB-(B07QRQZK1G Storite),6450007315179,PAUSED,SP,300.0,35423,302,4528.88,11064.75,20,21,40.93,2.44
SP-PT-SB-(B0DBDYX4W6 Storite),256312749004119,ENABLED,SP,100.0,10880,68,1125.08,2700.0,3,3,41.67,2.4
SP-PT-SB-(B07B8K3RQK Storite),241740193793969,ENABLED,SP,350.0,23814,109,1470.65,5185.73,8,9,28.36,3.53
SP-PT-SB-(B0DBDWG8K4 Storite),65232048239628,PAUSED,SP,300.0,18791,164,2736.1,3300.01,7,7,82.91,1.21
SP-PT-SB-(B07BZ1XZ77 Storite),203340432142488,PAUSED,SP,400.0,51766,654,12297.29,28308.54,47,50,43.44,2.3
SP-PT-SB-(B081T9SFWY Storite),33915106654796,ENABLED,SP,100.0,2195,19,295.86,2766.67,4,4,10.69,9.35
SP-KT-EVA Kids Mat-(kids play mats for floor),59099144882217,ENABLED,SP,100.0,1937,13,56.58,0.0,0,0,,0.0
SP-KT-EVA Kids Mat-(playing mat for kids),85048571595974,ENABLED,SP,100.0,3258,20,100.66,0.0,0,0,,0.0
SP-KT-EVA Kids Mat-(kids mats for floor thick),3283598490371,ENABLED,SP,300.0,28233,342,2741.02,9999.06,6,7,27.41,3.65
SP-KT-EVA Kids Mat-(mat for kids playing),168320907718990,ENABLED,SP,300.0,54969,563,5775.13,29986.63,12,14,19.26,5.19
SP-KT-EVA EHK Gym Mat- (Interlocking Floor Mat),97733685567435,ENABLED,SP,100.0,37776,285,1523.22,3390.48,2,2,44.93,2.23
SP-KT-EVA EHK Gym Mat- (Gym Mats for Floor),140185208970172,ENABLED,SP,500.0,97964,779,5281.03,33160.01,19,20,15.93,6.28
SP-KT-EVA EHK Gym Mat- (Gym Mat),219925089309364,ENABLED,SP,300.0,27864,234,1438.9,14733.35,8,11,9.77,10.24
SP-KT-EVA EHK Gym Mat- (Rubber Mat for Gym),81689102298827,ENABLED,SP,300.0,56208,375,3087.23,14769.52,5,10,20.9,4.78
SP-KT-EVA EHK B&G Gym Mat- (Gym floor Mat Rubber),196874581232754,ENABLED,SP,500.0,23117,130,650.75,2852.38,1,1,22.81,4.38
SP-KT-EVA EHK Gym Mat- (Gym Floor Mat),187742561244204,ENABLED,SP,100.0,1554,3,9.2,0.0,0,0,,0.0
SP-KT-EVA EHK `Gym Mat (Gym Flooring),38747506437576,ENABLED,SP,100.0,296,5,27.18,4185.71,1,1,0.65,154.0
SP-KT-EVA EHK Gym Mat- (Gym Matt for Workout),264859196534408,ENABLED,SP,100.0,13301,53,231.25,0.0,0,0,,0.0
SP-KT-BPM-LT-(Mat for Baby),241007015837636,ENABLED,SP,300.0,99661,984,6340.99,25942.85,32,32,24.44,4.09
SP-KT-BPM-LT-(Play Mat for Babies 0 to 3 Years Thick),50402724701940,ENABLED,SP,100.0,10925,110,675.05,0.0,0,0,,0.0
SP-KT-BPM-LT-(Kids Mats for Floor Thick),156537487256378,ENABLED,SP,100.0,30356,312,2409.17,8335.98,10,10,28.9,3.46
SP-KT-BPM-LT-(Play Mat),220664481004072,ENABLED,SP,400.0,52490,713,4875.32,20495.23,25,26,23.79,4.2
SP-KT-BPM-LT-(Multi),71797717631962,ENABLED,SP,200.0,30079,391,2475.81,12691.79,15,15,19.51,5.13
SP-KT-BPM-LT-(Baby Mats for Floor),207289207672400,ENABLED,SP,300.0,131109,1442,9509.53,37260.89,48,48,25.52,3.92
SP-KT-BPM-LT-(Baby Mat),43333490979919,ENABLED,SP,100.0,65120,701,4219.25,15057.69,19,19,28.02,3.57
SPA-BPM-LT,140884656142754,ENABLED,SP,200.0,113475,1350,7760.18,31435.78,39,41,24.69,4.05
SP-KT-BPM-LT-(Baby Playing Mat),196758043116120,ENABLED,SP,300.0,61709,820,5052.66,14962.27,17,17,33.77,2.96
SP-KT-BPM-LT-(Floor Mat for Kids),49320689416740,PAUSED,SP,100.0,9482,99,607.86,852.38,1,1,71.31,1.4
SPA-ASM-Printed,177646338728749,PAUSED,SP,200.0,46040,209,1564.65,487.29,1,1,321.09,0.31
SP-PT-BPM-(B0CSD3VKYH Liltoes),257136724843103,ENABLED,SP,300.0,133,6,21.71,0.0,0,0,,0.0
SP-PT-BPM-(B096K3SQLG Tarkan),42375476666359,ENABLED,SP,300.0,0,0,0.0,0.0,0,0,,0
SP-PT-BPM-(B0D3LD71BG PlayNation),169192796983922,ENABLED,SP,200.0,8758,145,778.43,9185.71,11,11,8.47,11.8
SP-PT-BPM-(B0CLD1S699 Tarkan),127687121005877,ENABLED,SP,100.0,3745,60,322.38,947.62,1,1,34.02,2.94
SP-KT-ASM- (Kitchen Shelf Mats Roll),429616088691752,ENABLED,SP,200.0,128,0,0.0,0.0,0,0,,0
Defense- Antislip- SPM ASIN,525534316779701,ENABLED,SP,399.99,6154,88,801.38,8857.64,15,20,9.05,11.05
SP-KT-EVA Gym Mat- (Gym Matt for Workout),447874778015438,ENABLED,SP,300.0,5261,64,440.63,2312.38,2,2,19.06,5.25
SP-PT-EVA Gym Mat- (B0D95SFFL9 Xtrim),486573877816929,ENABLED,SP,350.0,48599,418,2536.64,16352.38,8,8,15.51,6.45
SP-PT-EVA Gym Mat- (B09F6SLMS4 Agaro),424814241746405,ENABLED,SP,100.0,7,0,0.0,0.0,0,0,,0
SP-KT-EVA Gym Mat- (Foam Mat),355311063587869,ENABLED,SP,200.0,740,7,34.49,0.0,0,0,,0.0
SP-PT-EVA Gym Mat- (B0BGHCFLYJ Horianzo),373158452443701,ENABLED,SP,100.0,8,0,0.0,0.0,0,0,,0
SP-KT-EVA B&G Gym Mat- (Gym floor Mat Rubber),306648672666736,ENABLED,SP,450.0,14903,86,564.5,8520.0,3,3,6.63,15.09
SP-KT-EVA Gym Mat- (Gym Floor Mat for Heavy Workout),425765379909690,ENABLED,SP,100.0,13993,56,379.88,6247.62,3,3,6.08,16.45
SP-PT-EVA Gym Mat- (B012TWTUMU WeSellMats),298172857793238,ENABLED,SP,100.0,44,1,11.03,0.0,0,0,,0.0
SP-PT-EVA Gym Mat- (B01MT9MNLE Yes4All),324829196535221,ENABLED,SP,100.0,0,0,0.0,0.0,0,0,,0
SP-KT-EVA Gym Mat- (Rubber Floor Tiles),359469823003063,ENABLED,SP,100.0,487,3,35.47,0.0,0,0,,0.0
SP-PT-EVA Gym Mat- (B07F3JN779 Kobo),476060609587191,ENABLED,SP,100.0,5940,96,1067.1,5042.86,2,2,21.16,4.73
SP-PT-EVA Gym Mat- (B0B8H9BQZQ Litenyx),462892590449728,ENABLED,SP,100.0,4,0,0.0,0.0,0,0,,0
SP-KT-EVA Gym Mat-Defensive,540403636890128,ENABLED,SP,200.0,6485,19,195.08,0.0,0,0,,0.0
SP-PT-EVA Gym Mat- (B0716SW4WP Yes4All),522838723145268,ENABLED,SP,100.0,317,2,21.34,0.0,0,0,,0.0
SP-PT-EVA Gym Mat-Defensive,455121583944025,ENABLED,SP,470.0,79143,529,3538.35,53418.08,24,27,6.62,15.1
SP-KT-EVA Gym Mat- (Gym Floor Mat),307260474921082,ENABLED,SP,350.0,20181,118,926.84,4480.95,2,2,20.68,4.83
SP-PT-EVA Gym Mat- (B0CHMZCX43 Xtrim),281974136978325,ENABLED,SP,400.0,35051,421,3019.6,17483.8,10,11,17.27,5.79
SP-PT-EVA Gym Mat- (B0784MK315 Kobo),467682964635869,ENABLED,SP,100.0,5309,48,422.81,6176.19,3,3,6.85,14.61
SP-PT-EVA Gym Mat- (B0B5N7S9QJ Signatron),479380068179034,ENABLED,SP,100.0,1037,14,152.64,0.0,0,0,,0.0
SP-KT-EVA Gym Mat- (Gym Carpet),465835212527063,ENABLED,SP,100.0,2984,51,509.41,4480.95,2,2,11.37,8.8
SP-PT-EVA Gym Mat- (B09SJ6VDN4 Nasmodo),386522372561870,ENABLED,SP,200.0,10224,116,812.01,6684.77,3,3,12.15,8.23
SP-KT-EVA Gym Mat- (Gym Flooring),330012053021270,ENABLED,SP,100.0,943,8,69.73,0.0,0,0,,0.0
SP-KT-EVA Gym Mat- (Gym Mats for Floor),471873610002541,ENABLED,SP,360.0,128904,808,6744.77,73864.72,33,39,9.13,10.95
SP-KT-EVA Gym Mat- (Rubber Mat for Gym),335463343417473,ENABLED,SP,300.0,78237,333,3842.89,29199.04,10,10,13.16,7.6
SP-PT-EVA Gym Mat- (B09F68LRLC Signatron),290868611109374,ENABLED,SP,100.0,0,0,0.0,0.0,0,0,,0
SP-KT-EVA Gym Mat- (Interlocking Floor Mat),361079652913959,ENABLED,SP,100.0,43,1,9.41,0.0,0,0,,0.0
SP-PT-EVA Gym Mat- (B0D95TB7KV Xtrim),491551781535347,ENABLED,SP,1000.0,63141,1453,12067.81,83800.94,46,48,14.4,6.94
"SP-PT-EVA Gym Mat (B0B8HB34QP, B09P37XWNC, B08SVVX49Q, B08QND92PJ, B01JBA5LIA, B003RD7ENS)",348654896918302,ENABLED,SP,100.0,463,9,73.85,0.0,0,0,,0.0
SP-KT-EVA Gym Mat- (Gym Equipment Mat),546255629915286,ENABLED,SP,100.0,591,3,33.15,0.0,0,0,,0.0
SP-PT-EVA Gym Mat- (B01DAOOAW6 Stalwart),298715086571150,ENABLED,SP,100.0,66,0,0.0,0.0,0,0,,0
SP-PT-EVA Gym Mat- (B09QMK3PC5 Nasmodo),475976771349191,ENABLED,SP,250.0,1859,67,558.69,1800.0,1,2,31.04,3.22
SP-PT-EVA Gym Mat- (B09P3NQ1V5 Signatron),418580047231626,ENABLED,SP,100.0,2,0,0.0,0.0,0,0,,0
SP-KT-EVA Gym Mat- (Exercise Mat for Home Workout),537007738248322,ENABLED,SP,100.0,4023,22,231.33,0.0,0,0,,0.0
SP-KT-EVA Gym Mat- (Gym Mat),431252039560980,ENABLED,SP,400.0,112040,710,8410.93,82076.22,31,34,10.25,9.76
SPA-EVA Gym Mat,528389355177773,ENABLED,SP,500.0,264578,2183,11601.52,92778.1,50,53,12.5,8.0
SP-KT-EVA Kids Mat- (Floor Mat For Kids),319402810185441,ENABLED,SP,100.0,6441,63,332.08,3638.09,2,2,9.13,10.96
SP-KT-EVA Kids Mat-Competition,549101113141780,ENABLED,SP,100.0,476,3,20.81,0.0,0,0,,0.0
SP-PT-EVA Kids Mat- (Defensive),406348657309210,ENABLED,SP,1000.0,47280,963,7315.52,137736.94,44,65,5.31,18.83
SP-PT-EVA Kids Mat- (B08GJ2W8H6 Liltoes),330378340143060,ENABLED,SP,400.0,34777,562,2992.93,43639.95,15,20,6.86,14.58
SP-KT-ASM- *(Kitchen Mats for Shelves),532457500432268,ENABLED,SP,100.0,1823,8,94.56,800.85,1,1,11.81,8.47
SP-KT-ASM- (Transparent Plastic Sheet),495510075195471,ENABLED,SP,100.0,8786,40,396.94,0.0,0,0,,0.0
SP-PT-ASM- (B07MNKGT2P Kuber),427451898212306,PAUSED,SP,100.0,1787,6,52.1,0.0,0,0,,0.0
SP-KT-EVA Gym Mat-Competition,487301460943166,ENABLED,SP,300.0,15535,50,352.35,0.0,0,0,,0.0
SP-PT-EVA Kids Mat- (B09ZLLM2FJ Kiddie),377405211990266,ENABLED,SP,100.0,0,0,0.0,0.0,0,0,,0
SP-KT-ASM- *(Drawer Mat),444358283972524,ENABLED,SP,200.0,86423,326,5114.87,14072.89,13,22,36.35,2.75
SP-KT-ASM- Broad Keywords,452390025105521,ENABLED,SP,400.0,72353,672,9219.99,49049.26,63,86,18.8,5.32
SP-KT-ASM- (Kitchen Shelf Sheets Waterproof),415781072153962,ENABLED,SP,100.0,1711,1,12.19,0.0,0,0,,0.0
SP-PT-ASM-(B0DDXRHF54 Niwlix),404343658779313,ENABLED,SP,300.0,12930,76,882.01,2394.09,7,7,36.84,2.71
SP-KT-EVA Kids Mat- (kids mat),367972167311682,ENABLED,SP,100.0,21212,153,1464.34,12191.43,4,4,12.01,8.33
SP-KT-ASM- *(Sheets for Kitchen Shelves),374888292051003,ENABLED,SP,400.0,9024,47,739.89,1601.7,2,2,46.19,2.16
SP-KT-ASM- (Sheets for Wardrobe),549858864388380,ENABLED,SP,100.0,4739,25,602.24,3750.0,3,5,16.06,6.23
SP-KT-ASM- (Anti Slip Mat for Kitchen),290970100249135,ENABLED,SP,100.0,78,0,0.0,0.0,0,0,,0
SP-PT-EVA Kids Mat- (B09P2WCBZK Vaquita),384331317599072,ENABLED,SP,100.0,0,0,0.0,0.0,0,0,,0
SP-PT-EVA Kids Mat- (B08JZ8SS2H Liltoes),485687530178369,ENABLED,SP,300.0,63949,1731,16670.02,184352.24,64,84,9.04,11.06
SP-KT-EVA Kids Mat- (baby floor mat for crawling big size),389610070846745,ENABLED,SP,100.0,2837,59,354.0,0.0,0,0,,0.0
SP-PT-ASM- Multi ASINs,427928791664010,ENABLED,SP,100.0,639,5,68.98,334.75,1,1,20.61,4.85
SP-KT-EVA Kids Mat- (playmat for kids),545800801155828,ENABLED,SP,100.0,251,0,0.0,0.0,0,0,,0
SP-KT-EVA Kids Mat-Defensive,499771997493235,ENABLED,SP,100.0,0,0,0.0,0.0,0,0,,0
SP-KT-EVA Kids Mat- (Interlocking Play Mats for Kids),434949171306845,ENABLED,SP,500.0,88569,1091,8020.86,79918.01,34,40,10.04,9.96
SP-KT-ASM- *(Cupboard Sheets for Wardrobe),481858925749401,ENABLED,SP,250.0,5362,24,248.01,800.85,1,1,30.97,3.23
SP-KT-EVA Kids Mat- (EVA Mats for Kids Play School),361513023137601,PAUSED,SP,500.0,0,0,0.0,0.0,0,0,,0
SP-PT-ASM- (B08W3CF11M Elastpro),331738096813242,ENABLED,SP,100.0,19,0,0.0,0.0,0,0,,0
SP-KT-EVA Kids Mat- (Foam Mats for Floor for Kids),318522016017251,ENABLED,SP,100.0,182,3,36.03,0.0,0,0,,0.0
SPA-EVA Kids Mat,460560326042273,ENABLED,SP,400.0,437499,4364,28068.19,224345.61,93,107,12.51,7.99
SP-PT-ASM- (B0D8L853WP Niwlix),311253773167965,ENABLED,SP,100.0,65,0,0.0,0.0,0,0,,0
SP-KT-ASM- (Wardrobe Mats for Shelves ),378868144920280,ENABLED,SP,100.0,473,5,88.0,0.0,0,0,,0.0
SP-KT-ASM- (Shelf Liners for Wardrobe),437939594309990,ENABLED,SP,200.0,103,3,36.7,385.59,1,1,9.52,10.51
SP-KT-EVA Kids Mat- (Kids Foam Mats for Floor),397921303990091,ENABLED,SP,100.0,289,2,16.37,0.0,0,0,,0.0
SP-KT-ASM- (Kitchen Liners for Shelves),393420118810470,ENABLED,SP,150.0,11740,45,541.37,1166.1,3,3,46.43,2.15
SP-PT-EVA Kids Mat- (EhomeKart),312776668337788,ENABLED,SP,100.0,1201,27,180.65,5590.47,2,2,3.23,30.95
SP-PT-ASM- (B0831486NM Elastpro),453925073664635,ENABLED,SP,150.0,34944,247,2193.44,2902.57,9,9,75.57,1.32
SP-KT-ASM- (Kitchen Cabinet Sheets),501488475596951,ENABLED,SP,100.0,1078,0,0.0,0.0,0,0,,0
SP-KT-ASM- (Shelf Mat Roll),363965848277310,ENABLED,SP,100.0,185,0,0.0,0.0,0,0,,0
SP-PT-ASM- (B09YP2YQK1 KayJen),514370064841799,ENABLED,SP,100.0,409,0,0.0,0.0,0,0,,0
SP-KT-ASM- (Plastic Sheet for Kitchen Shelves ),285714512263106,PAUSED,SP,100.0,18293,58,1102.3,227.97,1,1,483.53,0.21
SP-KT-EVA Kids Mat- (Kids Tiles Mat),386340068839095,ENABLED,SP,100.0,260,4,15.11,0.0,0,0,,0.0
SP-PT-EVA Kids Mat- (B0CDH4X4DD Liltoes),375672305710823,ENABLED,SP,300.0,26008,427,2540.43,14059.04,8,8,18.07,5.53
SP-KT-ASM- *(Shelf Liners),440217389542115,ENABLED,SP,300.0,153370,789,11597.4,39326.35,59,69,29.49,3.39
SP-KT-ASM- *(Shelf Liners for Kitchen Shelves),554810470939685,ENABLED,SP,350.0,68759,276,3450.66,8318.62,13,16,41.48,2.41
SP-PT-ASM- (B078X7KLTH Urbanfix),364312210411355,ENABLED,SP,200.0,15660,107,1318.55,5277.17,11,14,24.99,4.0
SPA-ASM Diamond (60x10),281721250618996,ENABLED,SP,200.0,41693,165,1369.01,8601.72,12,14,15.92,6.28
SP-KT-ASM- (Kitchen Sheet),356879136798212,ENABLED,SP,100.0,116,0,0.0,0.0,0,0,,0
SP-KT-EVA Kids Mat- (Play Mats for Kids),379751195948265,ENABLED,SP,100.0,267,2,12.86,0.0,0,0,,0.0
SP-KT-EVA Kids Mat- (Interlocking Mat),507079243994443,ENABLED,SP,200.0,40953,255,2447.15,5157.13,3,3,47.45,2.11
SP-KT-EVA Kids Mat- (Kids Mats for Floor),331882053519282,ENABLED,SP,300.0,1292,8,69.5,1989.52,1,1,3.49,28.63
SP-KT-EVA Kids Mat- (Mat for Kids),553611405993082,ENABLED,SP,600.0,9812,114,967.87,0.0,0,0,,0.0
SP-PT-ASM- (B09VC32SHV Senego),509729992504613,ENABLED,SP,300.0,6481,51,695.47,1339.0,3,4,51.94,1.93
SPA-EVA Kids Mat PO9,314100822945498,ENABLED,SP,300.0,128449,603,4415.95,38766.64,11,22,11.39,8.78
SP-Category-ASM-Defensive,322293949677831,ENABLED,SP,300.0,799,18,171.03,800.85,1,1,21.36,4.68
SPA-EVA Gym Mat (Ehk),514376000626403,PAUSED,SP,400.0,85777,563,3283.58,13070.48,6,6,25.12,3.98
SP-KT-EVA Kids Mat PO9-(Kids Play Mat for Floor),480842516628992,ENABLED,SP,100.0,7331,46,419.17,0.0,0,0,,0.0
SP-KT-EVA Kids Mat PO9-(Mat for Kids),514731629828272,ENABLED,SP,400.0,5895,31,255.75,0.0,0,0,,0.0
SP-KT-EVA Kids Mat PO9-(Floor Mat for Kids),479887372545119,ENABLED,SP,500.0,9434,81,703.29,3979.04,1,2,17.67,5.66
SP-PT-EVA Kids Mat PO9-(Xtrim),519229272545713,ENABLED,SP,300.0,12650,197,1581.09,12370.48,4,7,12.78,7.82
SP-KT-EVA Kids Mat PO9-(Foam Mat for Kids),438170424828826,ENABLED,SP,100.0,4950,49,460.83,0.0,0,0,,0.0
SP-KT-EVA Kids Mat PO9-(Interlocking Mat),460625290284031,ENABLED,SP,100.0,13407,84,652.83,3979.04,2,2,16.41,6.1
SP-KT-EVA Kids Mat PO9-(Interlocking Play Mat for Kids),395696090344363,ENABLED,SP,100.0,19027,128,963.76,0.0,0,0,,0.0
SP-KT-ASM-Multi Keywords,370168059053294,ENABLED,SP,200.0,131380,480,5347.18,18897.51,32,36,28.3,3.53
SP-PT-ASM- (B0D7W73KZ1 Senego),282503681912197,ENABLED,SP,300.0,25651,211,3945.24,18235.63,21,25,21.63,4.62
SPA-Storage Bag,366720014146644,ENABLED,SP,1000.0,199536,1202,15516.45,59480.94,101,118,26.09,3.83
SPA-Liltoes-EVA Kids Mat,535245711377,ENABLED,SP,250.0,225830,2174,10045.84,162044.73,58,74,6.2,16.13
SP-PT-Storage Bag-Defensive,20968751452637,ENABLED,SP,200.0,23763,227,2480.88,25518.5,40,43,9.72,10.29
SP-KT-Cloth Storage Bags for Clothes,158475079786365,PAUSED,SP,200.0,14042,69,1130.69,1358.64,2,2,83.22,1.2
SP-KT-Blanket Cover Bag,256308032752309,PAUSED,SP,200.0,18586,75,917.15,1461.9,3,3,62.74,1.59
SP-KT-Storage Bag,247409222779109,ENABLED,SP,400.0,151371,569,7385.05,17769.89,30,30,41.56,2.41
SP-KT-Storage Bags for Clothes,10906973167401,ENABLED,SP,450.0,119732,637,8668.62,30904.47,55,55,28.05,3.57
SP-KT-Storage Bags for Clothes Large,39113273495549,ENABLED,SP,300.0,47514,194,2807.25,11000.02,18,18,25.52,3.92
SP-KT-Clothes Storage Box,82554496906576,PAUSED,SP,200.0,2831,15,269.18,0.0,0,0,,0.0
SP-KT-Under Bed Storage Organizer Box,9582538140844,PAUSED,SP,200.0,17036,28,443.73,1933.34,3,3,22.95,4.36
SP-KT-Blanket Storage Bags,255888663353885,PAUSED,SP,300.0,102403,397,6258.4,17728.6,31,31,35.3,2.83
SP-PT-SB-(B07QRQZK1G Storite),6450007315179,PAUSED,SP,300.0,7041,92,1433.43,2257.14,4,4,63.51,1.57
SP-PT-SB-(B0DBDYX4W6 Storite),256312749004119,ENABLED,SP,100.0,30072,163,2983.34,8210.42,10,10,36.34,2.75
SP-PT-SB-(B07B8K3RQK Storite),241740193793969,ENABLED,SP,350.0,38719,230,4162.61,11167.37,19,19,37.27,2.68
SP-PT-SB-(B0DBDWG8K4 Storite),65232048239628,PAUSED,SP,300.0,89314,508,9994.0,19098.98,33,34,52.33,1.91
SP-PT-SB-(B07BZ1XZ77 Storite),203340432142488,PAUSED,SP,400.0,92682,788,15688.12,34037.01,64,66,46.09,2.17
SP-PT-SB-(B081T9SFWY Storite),33915106654796,ENABLED,SP,100.0,8756,50,850.6,2328.52,4,4,36.53,2.74
SP-KT-EVA Kids Mat-(kids play mats for floor),59099144882217,ENABLED,SP,100.0,3976,36,186.09,4367.62,2,2,4.26,23.47
SP-KT-EVA Kids Mat-(playing mat for kids),85048571595974,ENABLED,SP,100.0,5079,39,251.45,4367.62,2,2,5.76,17.37
SP-KT-EVA Kids Mat-(kids mats for floor thick),3283598490371,ENABLED,SP,300.0,60852,554,4445.77,31772.72,14,15,13.99,7.15
SP-KT-EVA Kids Mat-(mat for kids playing),168320907718990,ENABLED,SP,300.0,74797,811,7040.29,31100.59,9,14,22.64,4.42
SP-KT-EVA EHK Gym Mat- (Interlocking Floor Mat),97733685567435,ENABLED,SP,100.0,30706,193,1080.51,19222.8,1,24,5.62,17.79
SP-KT-EVA EHK Gym Mat- (Gym Mats for Floor),140185208970172,ENABLED,SP,500.0,98466,598,4330.78,28282.29,10,11,15.31,6.53
SP-KT-EVA EHK Gym Mat- (Gym Mat),219925089309364,ENABLED,SP,300.0,17987,192,1156.12,4289.52,1,1,26.95,3.71
SP-KT-EVA EHK Gym Mat- (Rubber Mat for Gym),81689102298827,ENABLED,SP,300.0,60522,399,2867.98,12757.16,6,6,22.48,4.45
SP-KT-EVA EHK B&G Gym Mat- (Gym floor Mat Rubber),196874581232754,ENABLED,SP,500.0,96735,847,5929.19,29875.96,18,19,19.85,5.04
SP-KT-EVA EHK Gym Mat- (Gym Floor Mat),187742561244204,ENABLED,SP,100.0,2591,18,85.21,0.0,0,0,,0.0
SP-KT-EVA EHK `Gym Mat (Gym Flooring),38747506437576,ENABLED,SP,100.0,1191,12,65.41,0.0,0,0,,0.0
SP-KT-EVA EHK Gym Mat- (Gym Matt for Workout),264859196534408,ENABLED,SP,100.0,22257,149,655.53,0.0,0,0,,0.0
SP-KT-BPM-LT-(Mat for Baby),241007015837636,ENABLED,SP,300.0,72003,1205,6640.11,19301.04,26,26,34.4,2.91
SP-KT-BPM-LT-(Play Mat for Babies 0 to 3 Years Thick),50402724701940,ENABLED,SP,100.0,49827,415,2438.13,12946.1,16,16,18.83,5.31
SP-KT-BPM-LT-(Kids Mats for Floor Thick),156537487256378,ENABLED,SP,100.0,56435,645,4829.06,10098.32,13,13,47.82,2.09
SP-KT-BPM-LT-(Play Mat),220664481004072,ENABLED,SP,400.0,77568,1143,6103.88,20233.45,27,27,30.17,3.31
SP-KT-BPM-LT-(Multi),71797717631962,ENABLED,SP,200.0,112968,1591,10072.55,44434.42,54,55,22.67,4.41
SP-KT-BPM-LT-(Baby Mats for Floor),207289207672400,ENABLED,SP,300.0,51137,835,3689.59,18401.61,24,25,20.05,4.99
SP-KT-BPM-LT-(Baby Mat),43333490979919,ENABLED,SP,100.0,152189,2019,10572.65,41026.04,53,53,25.77,3.88
SPA-BPM-LT,140884656142754,ENABLED,SP,200.0,134921,2427,11298.51,47453.28,64,65,23.81,4.2
SP-KT-BPM-LT-(Baby Playing Mat),196758043116120,ENABLED,SP,300.0,36295,618,3237.31,10386.45,13,13,31.17,3.21
SP-PT-BPM-(B0CSD3VKYH Liltoes),257136724843103,ENABLED,SP,300.0,28992,637,3313.64,14471.66,20,20,22.9,4.37
SP-PT-BPM-(B096K3SQLG Tarkan),42375476666359,ENABLED,SP,300.0,20271,522,3677.19,13494.17,16,16,27.25,3.67
SP-PT-BPM-(B0D3LD71BG PlayNation),169192796983922,ENABLED,SP,200.0,83037,1700,9884.27,32636.53,42,42,30.29,3.3
SP-PT-BPM-(B0CLD1S699 Tarkan),127687121005877,ENABLED,SP,100.0,60960,1191,7213.46,25561.52,32,32,28.22,3.54
SP-PT-BPM-Defensive,266157176677425,ENABLED,SP,350.0,62400,1179,9701.44,36830.72,45,46,26.34,3.8
SPA-Baking Paper,144908281871040,ENABLED,SP,200.0,24588,49,608.26,756.4,1,4,80.42,1.24
SPA-Papfoil,222260587345992,ENABLED,SP,200.0,14092,32,471.72,227.62,1,1,207.24,0.48
SP-KT-ASM- (Kitchen Shelf Mats Roll),429616088691752,ENABLED,SP,200.0,75,2,13.31,0.0,0,0,,0.0
Defense- Antislip- SPM ASIN,525534316779701,ENABLED,SP,399.99,23135,298,2779.18,12342.61,27,29,22.52,4.44
SP-KT-EVA Gym Mat- (Gym Matt for Workout),447874778015438,ENABLED,SP,300.0,8085,145,1093.48,3622.71,4,4,30.18,3.31
SP-PT-EVA Gym Mat- (B0D95SFFL9 Xtrim),486573877816929,ENABLED,SP,350.0,45178,468,2872.54,25837.66,11,11,11.12,8.99
SP-PT-EVA Gym Mat- (B09F6SLMS4 Agaro),424814241746405,ENABLED,SP,100.0,15,0,0.0,0.0,0,0,,0
SP-KT-EVA Gym Mat- (Foam Mat),355311063587869,ENABLED,SP,200.0,491,8,46.45,0.0,0,0,,0.0
SP-PT-EVA Gym Mat- (B0BGHCFLYJ Horianzo),373158452443701,ENABLED,SP,100.0,5,0,0.0,0.0,0,0,,0
SP-KT-EVA B&G Gym Mat- (Gym floor Mat Rubber),306648672666736,ENABLED,SP,450.0,20065,135,1135.34,10602.66,4,4,10.71,9.34
SP-KT-EVA Gym Mat- (Gym Floor Mat for Heavy Workout),425765379909690,ENABLED,SP,100.0,16237,80,648.83,13032.39,3,4,4.98,20.09
SP-PT-EVA Gym Mat- (B012TWTUMU WeSellMats),298172857793238,ENABLED,SP,100.0,55,1,12.7,0.0,0,0,,0.0
SP-PT-EVA Gym Mat- (B01MT9MNLE Yes4All),324829196535221,ENABLED,SP,100.0,0,0,0.0,0.0,0,0,,0
SP-KT-EVA Gym Mat- (Rubber Floor Tiles),359469823003063,ENABLED,SP,100.0,369,2,21.81,0.0,0,0,,0.0
SP-PT-EVA Gym Mat- (B07F3JN779 Kobo),476060609587191,ENABLED,SP,100.0,4979,74,807.11,7171.42,2,3,11.25,8.89
SP-PT-EVA Gym Mat- (B0B8H9BQZQ Litenyx),462892590449728,ENABLED,SP,100.0,0,0,0.0,0.0,0,0,,0
SP-KT-EVA Gym Mat-Defensive,540403636890128,ENABLED,SP,200.0,12050,53,498.35,9434.28,5,5,5.28,18.93
SP-PT-EVA Gym Mat- (B0716SW4WP Yes4All),522838723145268,ENABLED,SP,100.0,198,4,37.97,0.0,0,0,,0.0
SP-PT-EVA Gym Mat-Defensive,455121583944025,ENABLED,SP,470.0,73126,594,3907.07,54530.46,20,23,7.16,13.96
SP-KT-EVA Gym Mat- (Gym Floor Mat),307260474921082,ENABLED,SP,350.0,53599,289,2444.09,21678.1,7,7,11.27,8.87
SP-PT-EVA Gym Mat- (B0CHMZCX43 Xtrim),281974136978325,ENABLED,SP,400.0,18026,244,1878.62,5908.57,4,4,31.79,3.15
SP-PT-EVA Gym Mat- (B0784MK315 Kobo),467682964635869,ENABLED,SP,100.0,4348,43,370.32,1619.05,1,1,22.87,4.37
SP-PT-EVA Gym Mat- (B0B5N7S9QJ Signatron),479380068179034,ENABLED,SP,100.0,455,3,29.95,0.0,0,0,,0.0
SP-KT-EVA Gym Mat- (Gym Carpet),465835212527063,ENABLED,SP,100.0,3701,61,612.09,0.0,0,0,,0.0
SP-PT-EVA Gym Mat- (B09SJ6VDN4 Nasmodo),386522372561870,ENABLED,SP,200.0,4943,64,398.38,8494.28,2,2,4.69,21.32
SP-KT-EVA Gym Mat- (Gym Flooring),330012053021270,ENABLED,SP,100.0,2094,20,146.68,2849.52,1,1,5.15,19.43
SP-KT-EVA Gym Mat- (Gym Mats for Floor),471873610002541,ENABLED,SP,360.0,170482,1121,10449.07,79418.57,37,40,13.16,7.6
SP-KT-EVA Gym Mat- (Rubber Mat for Gym),335463343417473,ENABLED,SP,300.0,71141,378,2841.06,18875.23,11,11,15.05,6.64
SP-PT-EVA Gym Mat- (B09F68LRLC Signatron),290868611109374,ENABLED,SP,100.0,0,0,0.0,0.0,0,0,,0
SP-KT-EVA Gym Mat- (Interlocking Floor Mat),361079652913959,ENABLED,SP,100.0,69,5,53.13,0.0,0,0,,0.0
SP-PT-EVA Gym Mat- (B0D95TB7KV Xtrim),491551781535347,ENABLED,SP,1000.0,42102,874,5980.73,41069.62,20,25,14.56,6.87
"SP-PT-EVA Gym Mat (B0B8HB34QP, B09P37XWNC, B08SVVX49Q, B08QND92PJ, B01JBA5LIA, B003RD7ENS)",348654896918302,ENABLED,SP,100.0,1413,21,210.9,0.0,0,0,,0.0
SP-KT-EVA Gym Mat- (Gym Equipment Mat),546255629915286,ENABLED,SP,100.0,649,1,15.2,0.0,0,0,,0.0
SP-PT-EVA Gym Mat- (B01DAOOAW6 Stalwart),298715086571150,ENABLED,SP,100.0,109,4,31.38,0.0,0,0,,0.0
SP-PT-EVA Gym Mat- (B09QMK3PC5 Nasmodo),475976771349191,ENABLED,SP,250.0,1982,55,372.08,1637.14,1,1,22.73,4.4
SP-PT-EVA Gym Mat- (B09P3NQ1V5 Signatron),418580047231626,ENABLED,SP,100.0,0,0,0.0,0.0,0,0,,0
SP-KT-EVA Gym Mat- (Exercise Mat for Home Workout),537007738248322,ENABLED,SP,100.0,6815,39,464.32,0.0,0,0,,0.0
SP-KT-EVA Gym Mat- (Gym Mat),431252039560980,ENABLED,SP,400.0,84909,534,3920.87,18613.33,9,9,21.06,4.75
SPA-EVA Gym Mat,528389355177773,ENABLED,SP,500.0,186426,1344,7772.74,50527.83,25,29,15.38,6.5
SP-KT-EVA Kids Mat- (Floor Mat For Kids),319402810185441,ENABLED,SP,100.0,16702,139,765.81,5399.09,4,4,14.18,7.05
SP-KT-EVA Kids Mat-Competition,549101113141780,ENABLED,SP,100.0,785,6,35.75,0.0,0,0,,0.0
SP-PT-EVA Kids Mat- (Defensive),406348657309210,ENABLED,SP,1000.0,95500,2232,17711.21,222474.91,70,103,7.96,12.56
SP-PT-EVA Kids Mat- (B08GJ2W8H6 Liltoes),330378340143060,ENABLED,SP,400.0,28859,429,2631.98,25399.02,11,12,10.36,9.65
SP-KT-ASM- *(Kitchen Mats for Shelves),532457500432268,ENABLED,SP,100.0,13295,45,769.89,6093.88,6,8,12.63,7.92
SP-KT-ASM- (Transparent Plastic Sheet),495510075195471,ENABLED,SP,100.0,27676,80,780.98,750.0,1,1,104.13,0.96
SP-KT-EVA Gym Mat-Competition,487301460943166,ENABLED,SP,300.0,13012,28,172.41,0.0,0,0,,0.0
SP-PT-EVA Kids Mat- (B09ZLLM2FJ Kiddie),377405211990266,ENABLED,SP,100.0,0,0,0.0,0.0,0,0,,0
SP-KT-ASM- *(Drawer Mat),444358283972524,ENABLED,SP,200.0,53692,273,3018.82,8925.02,17,22,33.82,2.96
SP-KT-ASM- Broad Keywords,452390025105521,ENABLED,SP,400.0,189845,580,6547.83,31536.74,40,47,20.76,4.82
SP-KT-ASM- (Kitchen Shelf Sheets Waterproof),415781072153962,ENABLED,SP,100.0,2722,3,33.17,0.0,0,0,,0.0
SP-PT-ASM-(B0DDXRHF54 Niwlix),404343658779313,ENABLED,SP,300.0,11545,97,1271.06,4267.19,10,10,29.79,3.36
SP-KT-EVA Kids Mat- (kids mat),367972167311682,ENABLED,SP,100.0,47338,337,3516.88,11918.09,6,6,29.51,3.39
SP-KT-ASM- *(Sheets for Kitchen Shelves),374888292051003,ENABLED,SP,400.0,888,2,19.31,0.0,0,0,,0.0
SP-KT-ASM- (Sheets for Wardrobe),549858864388380,ENABLED,SP,100.0,14354,87,2244.65,10262.72,11,14,21.87,4.57
SP-KT-ASM- (Anti Slip Mat for Kitchen),290970100249135,ENABLED,SP,100.0,332,3,22.1,0.0,0,0,,0.0
SP-PT-EVA Kids Mat- (B09P2WCBZK Vaquita),384331317599072,ENABLED,SP,100.0,0,0,0.0,0.0,0,0,,0
SP-PT-EVA Kids Mat- (B08JZ8SS2H Liltoes),485687530178369,ENABLED,SP,300.0,42692,1071,8400.72,70215.76,30,34,11.96,8.36
SP-KT-EVA Kids Mat- (baby floor mat for crawling big size),389610070846745,ENABLED,SP,100.0,4379,75,445.3,5732.38,2,2,7.77,12.87
SP-PT-ASM- Multi ASINs,427928791664010,ENABLED,SP,100.0,303,5,70.73,831.35,2,2,8.51,11.75
SP-KT-EVA Kids Mat- (playmat for kids),545800801155828,ENABLED,SP,100.0,475,6,36.03,0.0,0,0,,0.0
SP-KT-EVA Kids Mat-Defensive,499771997493235,ENABLED,SP,100.0,0,0,0.0,0.0,0,0,,0
SP-KT-EVA Kids Mat- (Interlocking Play Mats for Kids),434949171306845,ENABLED,SP,500.0,132114,1351,8670.53,147479.19,46,73,5.88,17.01
SP-KT-ASM- *(Cupboard Sheets for Wardrobe),481858925749401,ENABLED,SP,250.0,72707,304,4397.04,10623.35,23,25,41.39,2.42
SP-PT-ASM- (B08W3CF11M Elastpro),331738096813242,ENABLED,SP,100.0,28,0,0.0,0.0,0,0,,0
SP-KT-EVA Kids Mat- (Foam Mats for Floor for Kids),318522016017251,ENABLED,SP,100.0,207,3,28.63,0.0,0,0,,0.0
SPA-EVA Kids Mat,460560326042273,ENABLED,SP,400.0,243211,2267,12065.65,109629.6,51,55,11.01,9.09
SP-PT-ASM- (B0D8L853WP Niwlix),311253773167965,ENABLED,SP,100.0,55,2,15.79,0.0,0,0,,0.0
SP-KT-ASM- (Wardrobe Mats for Shelves ),378868144920280,ENABLED,SP,100.0,27,0,0.0,0.0,0,0,,0
SP-KT-ASM- (Shelf Liners for Wardrobe),437939594309990,ENABLED,SP,200.0,1240,8,78.09,750.0,1,1,10.41,9.6
SP-KT-EVA Kids Mat- (Kids Foam Mats for Floor),397921303990091,ENABLED,SP,100.0,418,5,61.05,0.0,0,0,,0.0
SP-KT-ASM- (Kitchen Liners for Shelves),393420118810470,ENABLED,SP,150.0,47983,140,2321.27,7989.03,13,20,29.06,3.44
SP-PT-EVA Kids Mat- (EhomeKart),312776668337788,ENABLED,SP,100.0,2008,39,314.27,13165.95,2,5,2.39,41.89
SP-PT-ASM- (B0831486NM Elastpro),453925073664635,ENABLED,SP,150.0,82625,496,4902.34,12459.8,30,31,39.35,2.54
SP-KT-ASM- (Kitchen Cabinet Sheets),501488475596951,ENABLED,SP,100.0,1062,4,45.75,0.0,0,0,,0.0
SP-KT-ASM- (Shelf Mat Roll),363965848277310,ENABLED,SP,100.0,418,1,11.96,0.0,0,0,,0.0
SP-PT-ASM- (B09YP2YQK1 KayJen),514370064841799,ENABLED,SP,100.0,844,5,69.35,0.0,0,0,,0.0
SP-KT-ASM- (Plastic Sheet for Kitchen Shelves ),285714512263106,PAUSED,SP,100.0,0,0,0.0,0.0,0,0,,0
SP-KT-EVA Kids Mat- (Kids Tiles Mat),386340068839095,ENABLED,SP,100.0,253,2,18.29,0.0,0,0,,0.0
SP-PT-EVA Kids Mat- (B0CDH4X4DD Liltoes),375672305710823,ENABLED,SP,300.0,18965,341,1904.83,70955.34,18,37,2.68,37.25
SP-KT-ASM- *(Shelf Liners),440217389542115,ENABLED,SP,300.0,50824,195,2518.71,5669.72,10,11,44.42,2.25
SP-KT-ASM- *(Shelf Liners for Kitchen Shelves),554810470939685,ENABLED,SP,350.0,112117,216,2314.19,8782.2,11,13,26.35,3.79
SP-PT-ASM- (B078X7KLTH Urbanfix),364312210411355,ENABLED,SP,200.0,16182,77,1097.94,4034.77,9,10,27.21,3.67
SPA-ASM Diamond (60x10),281721250618996,ENABLED,SP,200.0,147993,596,4539.92,20885.64,24,28,21.74,4.6
SP-KT-ASM- (Kitchen Sheet),356879136798212,ENABLED,SP,100.0,682,4,46.76,0.0,0,0,,0.0
SP-KT-EVA Kids Mat- (Play Mats for Kids),379751195948265,ENABLED,SP,100.0,121,2,13.0,0.0,0,0,,0.0
SP-KT-EVA Kids Mat- (Interlocking Mat),507079243994443,ENABLED,SP,200.0,58442,366,3382.17,25350.99,13,13,13.34,7.5
SP-KT-EVA Kids Mat- (Kids Mats for Floor),331882053519282,ENABLED,SP,300.0,1119,17,164.55,0.0,0,0,,0.0
SP-KT-EVA Kids Mat- (Mat for Kids),553611405993082,ENABLED,SP,600.0,15055,126,1215.45,8529.52,3,4,14.25,7.02
SP-PT-ASM- (B09VC32SHV Senego),509729992504613,ENABLED,SP,300.0,54422,446,5485.84,14630.81,30,38,37.5,2.67
SPA-EVA Kids Mat PO9,314100822945498,ENABLED,SP,300.0,230954,1423,10769.7,90819.14,37,45,11.86,8.43
SP-Category-ASM-Defensive,322293949677831,ENABLED,SP,300.0,2864,71,632.06,2458.48,6,6,25.71,3.89
SPA-EVA Gym Mat (Ehk),514376000626403,PAUSED,SP,400.0,0,0,0.0,0.0,0,0,,0
SP-KT-EVA Kids Mat PO9-(Kids Play Mat for Floor),480842516628992,ENABLED,SP,100.0,12594,88,816.27,3879.57,2,2,21.04,4.75
SP-KT-EVA Kids Mat PO9-(Mat for Kids),514731629828272,ENABLED,SP,400.0,9508,54,494.36,1989.52,1,1,24.85,4.02
SP-KT-EVA Kids Mat PO9-(Floor Mat for Kids),479887372545119,ENABLED,SP,500.0,4368,54,469.44,5968.56,3,3,7.87,12.71
SP-PT-EVA Kids Mat PO9-(Xtrim),519229272545713,ENABLED,SP,300.0,18726,396,3209.9,46681.87,20,25,6.88,14.54
SP-KT-EVA Kids Mat PO9-(Foam Mat for Kids),438170424828826,ENABLED,SP,100.0,10693,113,985.74,9947.6,3,5,9.91,10.09
SP-KT-EVA Kids Mat PO9-(Interlocking Mat),460625290284031,ENABLED,SP,100.0,19257,82,629.01,3879.57,2,2,16.21,6.17
SP-KT-EVA Kids Mat PO9-(Interlocking Play Mat for Kids),395696090344363,ENABLED,SP,100.0,23301,139,1070.83,15816.69,4,8,6.77,14.77
SP-KT-ASM-Multi Keywords,370168059053294,ENABLED,SP,200.0,114751,582,5055.51,12053.84,40,45,41.94,2.38
SP-PT-ASM- (B0D7W73KZ1 Senego),282503681912197,ENABLED,SP,300.0,29533,280,6119.72,20353.46,26,28,30.07,3.33
SPA-Storage Bag,366720014146644,ENABLED,SP,1000.0,130064,697,7581.82,25444.31,41,41,29.8,3.36
SD-vCPM-EASYHOME EVA Mats,262455623220693,PAUSED,SD,,0,0,0.0,0.0,0,0,,0
SD-Category/CompetitionTarget-Eva Mat,157428663096746,PAUSED,SD,,0,0,0.0,0.0,0,0,,0
Multicolor vCPM- Target Temoli,209292321847418,ENABLED,SD,,12,0,0.62,0.0,0,0,,0.0
SD-VCPM-Storage Bag-Defensive,67689273965447,ENABLED,SD,,24415,47,1304.05,2670.48,4,4,48.83,2.05
SD-VCPM-SB-Competition,52081996498520,ENABLED,SD,,1254,1,33.64,0.0,0,0,,0.0
SD-VCPM-EVA Kids Mats- B08GJ2W8H6 Liltoes,443522020803957,ENABLED,SD,,21953,56,1190.31,13998.1,7,4,8.5,11.76
Multicolor vCPM- Target Ehomekart,511827829287276,ENABLED,SD,,2099,10,67.48,3423.81,1,0,1.97,50.74
SD-Views-Anti-Slip Mats Defensive,306854315900695,ENABLED,SD,,1141,0,39.83,0.0,0,0,,0.0
SD-VCPM-EVA Gym Mat- (B0CHMZCX43 Xtrim),481061152849251,ENABLED,SD,,91258,162,2896.55,30031.34,13,5,9.65,10.37
SD-VCPM-EVA Gym Mat- (B09QMK3PC5 Nasmodo),537801191689695,ENABLED,SD,,14510,17,409.78,0.0,0,0,,0.0
SD-VCPM-EVA Gym Mat- (B01DAOOAW6 Stalwart),355409400089994,ENABLED,SD,,735,0,39.33,0.0,0,0,,0.0
SD-VCPM-EVA Gym Mat-Defensive,457139211617322,ENABLED,SD,,55009,75,1856.66,6923.82,2,1,26.82,3.73
SD-EVA Kids Mat-Defensive,389639008589861,ENABLED,SD,,36807,110,1044.06,34638.08,11,15,3.01,33.18
"SD-VCPM-EVA Gym Mat- (B0784MK315, B07F3JN779 Kobo)",388683862001772,ENABLED,SD,,6124,22,239.95,0.0,0,0,,0.0
SD-VCPM-EVA Gym Mat- (B0D95SFFL9 Xtrim),459114062083124,ENABLED,SD,,746,0,12.22,0.0,0,0,,0.0
SD-VCPM-EVA Gym Mat- (B09SJ6VDN4 Nasmodo),290187432097965,ENABLED,SD,,24688,32,784.84,12571.41,4,1,6.24,16.02
SD-VCPM-EVA Gym Mat- (B0D95TB7KV Xtrim),397624518684234,ENABLED,SD,,7035,18,228.31,0.0,0,0,,0.0
SD-VCPM-EVA Gym Mat- (B09P3NQ1V5 Signatron),449905481136315,ENABLED,SD,,20739,30,505.53,1760.95,1,1,28.71,3.48
"SD-VCPM-EVA Gym Mat- (B09P3NQ1V5, B09F68LRLC, B0B5N7S9QJ Signatron)",305564740370745,ENABLED,SD,,2314,1,49.55,4276.19,1,0,1.16,86.3
SD-VCPM-ASM- (B078X7KLTH Urbanfix),349980243723708,ENABLED,SD,,8675,11,252.5,334.75,1,0,75.43,1.33
SD-CPC-ASM- (B08N4R1HQ6 KayJen),413703656044062,ENABLED,SD,,5,0,0.0,0.0,0,0,,0
SD-VCPM-ASM-(B0DDXRHF54 Niwlix),450971091916435,ENABLED,SD,,9721,4,373.7,669.5,2,0,55.82,1.79
SD-VCPM-ASM- (B08N4R1HQ6 KayJen),431945262212312,ENABLED,SD,,2961,4,111.61,0.0,0,0,,0.0
SD-CPC-ASM- (B0D8L853WP Niwlix),352399194287445,ENABLED,SD,,1,0,0.0,0.0,0,0,,0
SD-CPC-ASM- (B078X7KLTH Urbanfix),478359384774103,ENABLED,SD,,0,0,0.0,0.0,0,0,,0
SD-CPC-ASM- (B08W3CF11M Elastpro),392989596184040,ENABLED,SD,,122,1,52.94,334.75,1,1,15.81,6.32
SD-VCPM-ASM- (B07MNKGT2P Kuber),420370903781708,PAUSED,SD,,0,0,0.0,0.0,0,0,,0
SD-CPC-ASM- (B08336VK4N Urbanfix),455734630575915,ENABLED,SD,,3,0,0.0,0.0,0,0,,0
SD-CPC-ASM- (B09K7YTVP7 Ladiosa),329042635556732,ENABLED,SD,,1225,2,10.39,0.0,0,0,,0.0
SD-VCPM-ASM- (B09YP2YQK1 KayJen),483274600242538,ENABLED,SD,,1678,4,73.11,0.0,0,0,,0.0
SD-CPC-ASM-(B0DDXRHF54 Niwlix),560640835732321,ENABLED,SD,,4,0,0.0,0.0,0,0,,0
SD-CPC-ASM- (B09YP2YQK1 KayJen),554948198542369,ENABLED,SD,,0,0,0.0,0.0,0,0,,0
SD-VCPM-ASM- (B0D8L853WP Niwlix),351456524576092,ENABLED,SD,,3754,3,163.88,0.0,0,0,,0.0
SD-VCPM-ASM- (B0831486NM Elastpro),410935427873743,PAUSED,SD,,0,0,0.0,0.0,0,0,,0
SD-CPC-ASM- (B07MNKGT2P Kuber),433365069808477,PAUSED,SD,,0,0,0.0,0.0,0,0,,0
SD-Category-ASM-Defensive,493572077324397,ENABLED,SD,,0,0,0.0,0.0,0,0,,0
SD-VCPM-EVA Kids Mat-B0CDH4X4DD Liltoes,347327126610116,ENABLED,SD,,21132,53,881.74,2680.2,2,1,32.9,3.04
SD-VCPM-EVA Kids Mat-B08JZ8SS2H Liltoes,319808882793969,ENABLED,SD,,59768,160,3164.69,36857.09,13,4,8.59,11.65
Growz | SD - GIF 25 - Sports (1) - 17213,532569419518741,PAUSED,SD,,0,0,0.0,0.0,0,0,,0
SD-CPC-Views Remarketing-Competition,357746731074939,PAUSED,SD,,0,0,0.0,0.0,0,0,,0
Growz | SD - GIF 25 - Baby Product (1) - 68188,371322498987426,PAUSED,SD,,0,0,0.0,0.0,0,0,,0
Growz | SD - GIF 25 - Home (1) - 78302,519725544196465,PAUSED,SD,,0,0,0.0,0.0,0,0,,0
SD-CPC-Views Remarketing-Defensive,511163479396898,PAUSED,SD,,0,0,0.0,0.0,0,0,,0
Growz | SD - GIF 25 - Amz (1) - 60589,495145198318482,PAUSED,SD,,0,0,0.0,0.0,0,0,,0
SD-VCPM-ASM- (B0D7W73KZ1 Senego),503689132074175,PAUSED,SD,,0,0,0.0,0.0,0,0,,0
SD-Category/CompetitionTarget-Eva Mat,157428663096746,PAUSED,SD,,0,0,0.0,0.0,0,0,,0
Multicolor vCPM- Target Temoli,209292321847418,ENABLED,SD,,0,0,0.0,0.0,0,0,,0
SD-VCPM-Storage Bag-Defensive,67689273965447,ENABLED,SD,,26713,37,2017.07,4075.2,7,6,49.5,2.02
SD-VCPM-SB-Competition,52081996498520,ENABLED,SD,,27654,17,934.11,805.08,1,1,116.03,0.86
SD-VCPM-BPM-Competition,267771179155502,PAUSED,SD,,77876,149,4292.12,3382.28,4,3,126.9,0.79
SD-VCPM-EVA Kids Mats- B08GJ2W8H6 Liltoes,443522020803957,ENABLED,SD,,23170,80,961.38,10393.33,5,2,9.25,10.81
Multicolor vCPM- Target Ehomekart,511827829287276,ENABLED,SD,,4555,19,139.29,9693.33,4,2,1.44,69.59
SD-Views-Anti-Slip Mats Defensive,306854315900695,ENABLED,SD,,6474,8,281.23,1989.84,3,1,14.13,7.08
SD_BPM,494828971647455,ENABLED,SD,,24317,50,1125.29,3281.8,4,2,34.29,2.92
SD-VCPM-EVA Gym Mat- (B0CHMZCX43 Xtrim),481061152849251,ENABLED,SD,,32295,61,1062.39,5296.19,3,1,20.06,4.99
SD-VCPM-EVA Gym Mat- (B09QMK3PC5 Nasmodo),537801191689695,ENABLED,SD,,2549,7,74.3,0.0,0,0,,0.0
SD-VCPM-EVA Gym Mat- (B01DAOOAW6 Stalwart),355409400089994,ENABLED,SD,,976,1,50.88,0.0,0,0,,0.0
SD-VCPM-EVA Gym Mat-Defensive,457139211617322,ENABLED,SD,,42542,53,1561.2,37666.63,12,9,4.14,24.13
SD-EVA Kids Mat-Defensive,389639008589861,ENABLED,SD,,34608,97,968.85,16042.41,9,7,6.04,16.56
"SD-VCPM-EVA Gym Mat- (B0784MK315, B07F3JN779 Kobo)",388683862001772,ENABLED,SD,,3336,2,115.48,0.0,0,0,,0.0
SD-VCPM-EVA Gym Mat- (B0D95SFFL9 Xtrim),459114062083124,ENABLED,SD,,7944,16,176.51,0.0,0,0,,0.0
SD-VCPM-EVA Gym Mat- (B09SJ6VDN4 Nasmodo),290187432097965,ENABLED,SD,,17788,16,497.25,5482.85,2,0,9.07,11.03
SD-VCPM-EVA Gym Mat- (B0D95TB7KV Xtrim),397624518684234,ENABLED,SD,,6750,12,249.35,7355.23,4,2,3.39,29.5
SD-VCPM-EVA Gym Mat- (B09P3NQ1V5 Signatron),449905481136315,ENABLED,SD,,8154,7,203.58,2732.38,2,1,7.45,13.42
"SD-VCPM-EVA Gym Mat- (B09P3NQ1V5, B09F68LRLC, B0B5N7S9QJ Signatron)",305564740370745,ENABLED,SD,,1257,0,21.67,0.0,0,0,,0.0
SD-VCPM-ASM- (B078X7KLTH Urbanfix),349980243723708,ENABLED,SD,,5943,7,178.72,318.01,1,0,56.2,1.78
SD-CPC-ASM- (B08N4R1HQ6 KayJen),413703656044062,ENABLED,SD,,2,0,0.0,0.0,0,0,,0
SD-VCPM-ASM-(B0DDXRHF54 Niwlix),450971091916435,ENABLED,SD,,10711,13,444.56,2241.95,3,2,19.83,5.04
SD-VCPM-ASM- (B08N4R1HQ6 KayJen),431945262212312,ENABLED,SD,,2146,2,69.29,0.0,0,0,,0.0
SD-CPC-ASM- (B0D8L853WP Niwlix),352399194287445,ENABLED,SD,,0,0,0.0,0.0,0,0,,0
SD-CPC-ASM- (B078X7KLTH Urbanfix),478359384774103,ENABLED,SD,,2,0,0.0,0.0,0,0,,0
SD-CPC-ASM- (B08W3CF11M Elastpro),392989596184040,ENABLED,SD,,423,0,0.0,0.0,0,0,,0
SD-VCPM-ASM- (B07MNKGT2P Kuber),420370903781708,PAUSED,SD,,0,0,0.0,0.0,0,0,,0
SD-CPC-ASM- (B08336VK4N Urbanfix),455734630575915,ENABLED,SD,,2,0,0.0,0.0,0,0,,0
SD-CPC-ASM- (B09K7YTVP7 Ladiosa),329042635556732,ENABLED,SD,,1120,1,17.8,0.0,0,0,,0.0
SD-VCPM-ASM- (B09YP2YQK1 KayJen),483274600242538,ENABLED,SD,,1999,4,61.76,0.0,0,0,,0.0
SD-CPC-ASM-(B0DDXRHF54 Niwlix),560640835732321,ENABLED,SD,,17,0,0.0,0.0,0,0,,0
SD-CPC-ASM- (B09YP2YQK1 KayJen),554948198542369,ENABLED,SD,,0,0,0.0,0.0,0,0,,0
SD-VCPM-ASM- (B0D8L853WP Niwlix),351456524576092,ENABLED,SD,,73,0,0.6,0.0,0,0,,0.0
SD-VCPM-ASM- (B0831486NM Elastpro),410935427873743,PAUSED,SD,,0,0,0.0,0.0,0,0,,0
SD-CPC-ASM- (B07MNKGT2P Kuber),433365069808477,PAUSED,SD,,0,0,0.0,0.0,0,0,,0
SD-VCPM-EVA Kids Mat-B0CDH4X4DD Liltoes,347327126610116,ENABLED,SD,,13211,31,510.66,4460.95,2,1,11.45,8.74
SD-VCPM-EVA Kids Mat-B08JZ8SS2H Liltoes,319808882793969,ENABLED,SD,,22321,60,1075.73,8084.77,4,2,13.31,7.52
SD-VCPM-ASM- (B0D7W73KZ1 Senego),503689132074175,PAUSED,SD,,0,0,0.0,0.0,0,0,,0
SB-Video-EVA-Gym Mats (Ehk),138932377838775,PAUSED,SB,120.0,16112,157,1565.63,3490.57,1,1,44.85,2.23
SB-Video-EVA Kids Mat,56345075190328,ENABLED,SB,120.0,6731,61,618.03,0.0,0,0,,0.0
SB-Video-EVA-Gym Mats,20508703715177,PAUSED,SB,120.0,3699,20,219.52,0.0,0,0,,0.0
SB-Video-EVA Kids Mat-PO9,42352531890054,PAUSED,SB,120.0,0,0,0.0,0.0,0,0,,0
SB-Video-BPM,152934263674097,PAUSED,SB,200.0,0,0,0.0,0.0,0,0,,0
VR_SBV_Anti Slip Mat d287c2,310972045654203,ENABLED,SB,300.0,104636,743,7531.28,21715.51,32,37,34.68,2.88
